probe_id,mean_hcm,mean_ctrl,log2fc,t_stat,p_value,p_adj,significant,direction
ILMN_3000083,10.920643470754722,7.878734133333335,3.0419093374213872,10.353730111261065,5.887580926220169e-16,2.9437904631100847e-12,True,Up in HCM
ILMN_3000244,11.064258998113209,7.977663882051281,3.086595116061928,9.67974654921264,1.0812363289673168e-14,1.8377673719484023e-11,True,Up in HCM
SPARC,10.742237441509433,7.802216261538461,2.940021179970972,9.464973016293685,1.1026604231690413e-14,1.8377673719484023e-11,True,Up in HCM
ILMN_3000050,10.768315031132081,8.052877484615388,2.715437546516693,9.316375386815569,1.4833225825130503e-14,1.854153228141313e-11,True,Up in HCM
ILMN_3000172,10.438603349999996,7.895616025641027,2.542987324358969,9.444577247727112,2.1448547291927166e-14,2.1448547291927166e-11,True,Up in HCM
ILMN_3000166,10.840837638679245,7.974223051282051,2.866614587397194,9.295860924913542,6.022361082004804e-14,5.0186342350040034e-11,True,Up in HCM
GALNT6,11.089117396226417,8.170625110256411,2.9184922859700055,9.299517476504324,1.1356244582529005e-13,8.111603273235004e-11,True,Up in HCM
ILMN_3000135,11.294674562264154,8.52269256923077,2.7719819930333838,8.898310901272021,1.5387751082661647e-13,9.617344426663529e-11,True,Up in HCM
ILMN_3000272,10.643265145283015,8.159702566666667,2.4835625786163487,8.825076816546007,1.941540033579721e-13,1.078633351988734e-10,True,Up in HCM
ILMN_3000108,10.885001052830187,7.940732843589743,2.9442682092404446,9.041896351490406,2.512357412647866e-13,1.256178706323933e-10,True,Up in HCM
ILMN_3000288,11.096032869811323,8.085629807692309,3.010403062119014,9.232558499105116,3.3009321019392016e-13,1.500423682699637e-10,True,Up in HCM
ILMN_3000052,10.920971881132076,8.032147674358974,2.8888242067731014,9.146843105026445,3.8479823162924785e-13,1.6033259651218662e-10,True,Up in HCM
ILMN_3000259,11.18354423207547,8.155233546153847,3.028310685921623,8.884249147440375,5.229847176118872e-13,2.0114796831226431e-10,True,Up in HCM
ILMN_3000027,10.557804506603775,8.303848353846153,2.253956152757622,8.421089560185349,1.1469388032208027e-12,4.0962100115028665e-10,True,Up in HCM
ILMN_3000045,10.956255376415097,8.186908430769233,2.7693469456458644,8.680668965120605,1.5074420955192294e-12,4.710756548497592e-10,True,Up in HCM
ILMN_3000286,10.549829448113208,7.957893925641025,2.591935522472183,8.490596397642369,1.4921509169271312e-12,4.710756548497592e-10,True,Up in HCM
ILMN_3000285,10.808842290566037,8.545603674358976,2.2632386162070617,8.235741617378617,2.123869787561872e-12,6.246675845770212e-10,True,Up in HCM
ILMN_3000232,10.703652142452828,8.272730453846155,2.4309216886066736,8.352820501396423,2.367731035830373e-12,6.577030655084369e-10,True,Up in HCM
ILMN_3000133,11.192037967924527,8.339653951282054,2.852384016642473,8.433048202679547,2.79674671140898e-12,7.359859766865737e-10,True,Up in HCM
BGN,10.843131710377364,8.166834523076924,2.67629718730044,8.357991815239899,3.785325690971406e-12,9.463314227428516e-10,True,Up in HCM
ILMN_3000197,10.97535124811321,8.293332623076923,2.682018625036287,8.347497510559279,4.511396871309748e-12,1.0741421122166067e-09,True,Up in HCM
ILMN_3000060,11.029659408490568,8.18959503076923,2.8400643777213386,8.302426121558709,6.905532037340079e-12,1.5694390993954722e-09,True,Up in HCM
ILMN_3000157,10.538286800943398,8.028433953846156,2.5098528470972425,8.276705641796804,7.761985573785238e-12,1.6170803278719246e-09,True,Up in HCM
ILMN_3000243,10.536936278301884,7.777988807692311,2.7589474706095727,8.336535639598319,7.71055064126813e-12,1.6170803278719246e-09,True,Up in HCM
ILMN_3000151,10.757707482075471,8.219162446153844,2.5385450359216275,8.119990267094138,8.185620729520582e-12,1.6371241459041163e-09,True,Up in HCM
ILMN_3000097,10.644941411320755,8.44614450769231,2.1987969036284447,7.843994568431457,9.418158942804253e-12,1.811184412077741e-09,True,Up in HCM
ILMN_3000176,10.783565236792457,8.409490664102565,2.374074572689892,8.053794542836624,1.059884015693014e-11,1.962748177209285e-09,True,Up in HCM
ILMN_3000062,10.634694326415103,8.255731646153844,2.3789626802612585,7.716179172164991,1.554654657140159e-11,2.7761690306074272e-09,True,Up in HCM
ILMN_3000101,11.01303639056604,8.448537487179486,2.5644989033865535,7.942913980099086,1.7884118681487885e-11,3.0834687381875667e-09,True,Up in HCM
ILMN_3000037,10.537470599056608,8.160178507692306,2.3772920913643016,7.8713655490246754,1.88068886224972e-11,3.134481437082867e-09,True,Up in HCM
ILMN_3000140,10.851278497169815,8.285777958974359,2.5655005381954563,7.912952060664338,2.1055892742546083e-11,3.396111732668723e-09,True,Up in HCM
ILMN_3000281,11.147929240566047,8.694117094871798,2.4538121456942488,7.93393137243188,3.724886313138861e-11,5.469508442300497e-09,True,Up in HCM
ILMN_3000056,10.35468287735849,8.408979999999998,1.9457028773584923,7.479261923256622,3.955605780104962e-11,5.469508442300497e-09,True,Up in HCM
ILMN_3000202,10.95356511981132,8.49816104871795,2.455404071093369,7.575976939729919,3.635420155914757e-11,5.469508442300497e-09,True,Up in HCM
ILMN_3000154,10.563394573584905,8.28845347179487,2.2749411017900343,7.763849673352851,4.0071899496909916e-11,5.469508442300497e-09,True,Up in HCM
ILMN_3000031,11.050944027358494,8.115829394871795,2.935114632486698,8.059569852952322,3.564357159021959e-11,5.469508442300497e-09,True,Up in HCM
ILMN_3000211,10.820055503773583,8.300624743589745,2.5194307601838375,7.91394801691949,4.047436247302368e-11,5.469508442300497e-09,True,Up in HCM
ILMN_3000040,11.228453717924525,8.530779035897435,2.69767468202709,7.928174953517989,4.2959639826439056e-11,5.585645318777499e-09,True,Up in HCM
ILMN_3000297,10.420328593396224,7.910518164102564,2.50981042929366,7.867080799714402,4.356803348646449e-11,5.585645318777499e-09,True,Up in HCM
ILMN_3000178,10.436858127358493,7.780470723076921,2.6563874042815714,7.812915201851934,4.873917543923187e-11,6.092396929903984e-09,True,Up in HCM
ILMN_3000155,10.979520223584903,8.724189217948716,2.2553310056361866,7.561403431019256,5.999672468222e-11,7.316673741734145e-09,True,Up in HCM
ILMN_3000451,6.634930937735847,8.808298425641023,-2.1733674879051765,-7.557883379048551,9.156568296521626e-11,1.0900676543478127e-08,True,Down in HCM
ILMN_3000049,10.608397316037738,8.217520458974358,2.3908768570633807,7.7719401645734045,9.755991408895041e-11,1.1086353873744365e-08,True,Up in HCM
ILMN_3000114,10.751693780188674,8.324034346153848,2.427659434034826,7.5826789694949515,9.710281069680557e-11,1.1086353873744365e-08,True,Up in HCM
ILMN_3000229,10.7258857490566,8.372265856410255,2.3536198926463445,7.610859417649749,1.0813137920431642e-10,1.2014597689368492e-08,True,Up in HCM
ILMN_3000207,11.283436119811322,8.499859389743591,2.7835767300677308,7.730175289403152,1.1583919379142749e-10,1.259121671645951e-08,True,Up in HCM
TIMP1,10.804048049056604,8.247367292307693,2.5566807567489107,7.671460831654492,1.189746578862465e-10,1.2656878498536861e-08,True,Up in HCM
ILMN_3000160,11.131494220754723,8.56725107948718,2.564243141267543,7.792408223800455,1.2292963578269268e-10,1.2805170394030488e-08,True,Up in HCM
COL1A1,10.332945640566043,7.910047902564101,2.422897738001942,7.467904437411321,1.25504804891334e-10,1.2806612744013672e-08,True,Up in HCM
ILMN_3000170,11.22891355754717,8.504203487179488,2.7247100703676814,7.653022394150783,1.3846633643798174e-10,1.3846633643798173e-08,True,Up in HCM
ILMN_3000270,10.734051858490565,8.32498425897436,2.409067599516204,7.6427065871252555,1.438797421321708e-10,1.4105857071781448e-08,True,Up in HCM
ILMN_3000167,11.1071590245283,8.674987387179486,2.432171637348814,7.45580131330639,1.5047300819624602e-10,1.4468558480408272e-08,True,Up in HCM
NPPB,10.832926848113209,8.623150853846154,2.209775994267055,7.328040742153332,1.552168712037358e-10,1.4643101056956206e-08,True,Up in HCM
ILMN_3000164,11.211647985849066,8.644317084615384,2.5673309012336816,7.731580828476496,1.607042550847394e-10,1.4880023618957353e-08,True,Up in HCM
ILMN_3000226,10.858386287735852,8.274281894871795,2.5841043928640577,7.672126082173278,1.6652977315960273e-10,1.502536172843958e-08,True,Up in HCM
ILMN_3000279,10.897484570754713,8.408117074358973,2.48936749639574,7.5150458135358,1.682840513585233e-10,1.502536172843958e-08,True,Up in HCM
ILMN_3000241,10.767816294339623,8.345613376923074,2.4222029174165485,7.503184461134604,1.729822444899135e-10,1.5173881095606448e-08,True,Up in HCM
ILMN_3000149,10.558982229245283,8.182853979487177,2.3761282497581053,7.520170428488958,2.0999080025715172e-10,1.8102655194582046e-08,True,Up in HCM
ILMN_3000061,10.630340356603774,7.967459966666668,2.662880389937106,7.34853185767699,2.1996444129397726e-10,1.8641054346947225e-08,True,Up in HCM
ILMN_3000118,11.102119504716981,8.602572164102567,2.4995473406144146,7.455829513741124,3.2224975882152314e-10,2.6854146568460262e-08,True,Up in HCM
ILMN_3000150,10.319892931132076,8.082344974358975,2.237547956773101,7.267764620200006,3.455148895208121e-10,2.786410399361388e-08,True,Up in HCM
ILMN_3000441,6.40626563773585,8.719898689743587,-2.313633052007737,-7.4541072083876925,3.421217328669248e-10,2.786410399361388e-08,True,Down in HCM
ILMN_3000199,10.989856049999998,8.472684510256412,2.517171539743586,7.340656008896336,3.6701053176059406e-10,2.912781998099953e-08,True,Up in HCM
ILMN_3000090,10.596682231132078,8.55662433076923,2.0400579003628483,7.065900899081997,3.9508472569900453e-10,2.993066103780337e-08,True,Up in HCM
ILMN_3000096,10.568821759433959,8.241173833333335,2.3276479261006244,7.40390949328683,3.90419843753086e-10,2.993066103780337e-08,True,Up in HCM
ILMN_3000138,11.224593981132074,8.417898648717948,2.806695332414126,7.434626239058379,3.9281613933727635e-10,2.993066103780337e-08,True,Up in HCM
ILMN_3000071,10.507760951886791,8.098755712820514,2.4090052390662766,7.285464999066058,4.079468834833424e-10,3.0443797274876296e-08,True,Up in HCM
PPARA,6.7892674160377355,9.020954874358976,-2.2316874583212405,-7.30469858016425,4.263969201671727e-10,3.089832754834585e-08,True,Down in HCM
ILMN_3000148,11.162690916981129,8.581922323076922,2.5807685939042067,7.273332106719509,4.243928776229468e-10,3.089832754834585e-08,True,Up in HCM
ILMN_3000042,10.85213613113207,8.796772697435895,2.0553634336961757,6.995003357739678,5.165016328356138e-10,3.689297377397241e-08,True,Up in HCM
ILMN_3000194,10.515003383962263,8.264215984615381,2.2507873993468817,7.170220915888689,5.280229742511583e-10,3.718471649656044e-08,True,Up in HCM
ILMN_3000057,10.887360726415096,8.580111651282051,2.3072490751330452,7.149408139600369,5.47914533527023e-10,3.77071834854088e-08,True,Up in HCM
ILMN_3000275,10.183148118867924,7.812542248717948,2.3706058701499764,7.376900351082657,5.505248788869684e-10,3.77071834854088e-08,True,Up in HCM
ILMN_3000132,11.074915007547167,8.572154400000002,2.502760607547165,7.209582002242379,6.44514947465991e-10,4.350023023991796e-08,True,Up in HCM
ILMN_3000419,6.917174555660379,9.11270746153846,-2.19553290587808,-7.252605331681542,6.525034535987693e-10,4.350023023991796e-08,True,Down in HCM
ILMN_3000248,10.630714807547168,8.81110708205128,1.8196077254958887,6.918364464807066,7.209923101562772e-10,4.743370461554455e-08,True,Up in HCM
ILMN_3000186,11.068484346226413,8.555057971794874,2.513426374431539,7.14426300543825,8.357098835201165e-10,5.4266875553254315e-08,True,Up in HCM
ILMN_3000066,11.063500822641517,8.723529066666666,2.339971755974851,7.0808452814476395,9.0242728976516e-10,5.784790319007436e-08,True,Up in HCM
ILMN_3000179,10.729759998113206,8.676151205128205,2.053608792985001,6.917345000774949,1.0012851426524243e-09,6.284795856008456e-08,True,Up in HCM
ILMN_3000405,6.582335616037735,8.690316384615386,-2.107980768577651,-7.051966828792714,1.005567336961353e-09,6.284795856008456e-08,True,Down in HCM
ILMN_3000147,10.365666414150944,7.98953577948718,2.376130634663764,7.096861788707242,1.0697471923475163e-09,6.603377730540225e-08,True,Up in HCM
ILMN_3000263,10.983014084905665,8.780594215384616,2.2024198695210497,6.862335250416679,1.3989135562988922e-09,8.529960709139587e-08,True,Up in HCM
ILMN_3000203,10.635598246226412,8.350635325641026,2.284962920585386,6.887963718302918,1.4254760282373772e-09,8.587204989381791e-08,True,Up in HCM
ILMN_3000144,10.477472433018868,8.213296561538463,2.264175871480404,6.895062530180988,1.4830608283155178e-09,8.824216411945114e-08,True,Up in HCM
SDHA,6.551310233962263,8.761765915384611,-2.2104556814223484,-7.142903426228776,1.5001167900306695e-09,8.824216411945114e-08,True,Down in HCM
ILMN_3000171,10.748641533962266,8.348902820512821,2.3997387134494446,6.954095074218012,1.6741402130818389e-09,9.733373331871157e-08,True,Up in HCM
ILMN_3000424,6.580549472641512,8.691404092307693,-2.1108546196661804,-6.971930864466666,1.7149088451444426e-09,9.855797960600246e-08,True,Down in HCM
ILMN_3000085,10.612023060377355,8.28725294102564,2.324770119351715,7.073728083825918,1.767530491265223e-09,1.0042786882188766e-07,True,Up in HCM
ILMN_3000092,10.715465471698115,8.59745205128205,2.118013420416066,6.746608732434597,1.8065650201649397e-09,1.0149241686319886e-07,True,Up in HCM
ILMN_3000237,10.653888601886791,8.480955576923078,2.1729330249637133,6.862925669630791,1.8311535544882962e-09,1.0173075302712757e-07,True,Up in HCM
ILMN_3000366,6.611857853773585,8.738851723076925,-2.12699386930334,-7.026666360408822,1.8987213599552467e-09,1.0432534944809047e-07,True,Down in HCM
ILMN_3000247,10.787741844339621,8.416609858974356,2.371131985365265,6.974369005986535,2.143230285019758e-09,1.1644228131176623e-07,True,Up in HCM
ILMN_3000025,11.057932094339625,8.623144005128204,2.4347880892114215,7.044758511223908,2.1658264323988517e-09,1.1644228131176623e-07,True,Up in HCM
ILMN_3000228,10.822899442452831,8.625020658974359,2.1978787834784725,6.896594128572503,2.2101996976086593e-09,1.1659015499562704e-07,True,Up in HCM
ILMN_3000105,10.718545409433963,8.188587535897435,2.529957873536528,7.090081185873223,2.238530975916039e-09,1.1659015499562704e-07,True,Up in HCM
ILMN_3000046,10.637496033018868,8.398308243589744,2.239187789429124,6.792285328618124,2.2194854688954418e-09,1.1659015499562704e-07,True,Up in HCM
ILMN_3000325,6.739578614150943,9.13077478205128,-2.391196167900336,-6.922384036354101,3.0293644683030636e-09,1.561528076444878e-07,True,Down in HCM
ILMN_3000210,10.913100362264148,8.430140141025642,2.482960221238505,6.899387725728978,3.338019294917392e-09,1.7030710688354042e-07,True,Up in HCM
ILMN_3000069,10.744929361320754,8.480940823076924,2.2639885382438294,6.688907775022944,3.758531133057164e-09,1.8982480469985676e-07,True,Up in HCM
ILMN_3000465,6.5533746556603765,8.702051743589747,-2.1486770879293706,-6.759506946394681,3.800056685042781e-09,1.9000283425213907e-07,True,Down in HCM
ILMN_3000395,6.563675763207547,8.527689551282053,-1.9640137880745066,-6.730633690147009,3.918911073645447e-09,1.9302868984283117e-07,True,Down in HCM
ILMN_3000234,10.538048927358494,8.436299823076926,2.101749104281568,6.7464888783698385,3.937785272793756e-09,1.9302868984283117e-07,True,Up in HCM
ILMN_3000347,7.11834249245283,9.331676217948717,-2.213333725495887,-6.880569831092401,4.0549148658408296e-09,1.9684052746800144e-07,True,Down in HCM
ILMN_3000290,10.407688248113212,8.15486922051282,2.252819027600392,6.8083232958862645,4.174490741141564e-09,1.9943527949635542e-07,True,Up in HCM
ILMN_3000365,6.537246885849055,8.634995058974356,-2.097748173125301,-6.775723811507323,4.188140869423464e-09,1.9943527949635542e-07,True,Down in HCM
ILMN_3000353,7.035139407547171,8.91690632051282,-1.8817669129656496,-6.6883768536581405,4.963256325743169e-09,2.3411586442184762e-07,True,Down in HCM
ILMN_3000068,10.732421807547174,8.641586143589745,2.0908356639574297,6.561933065737401,5.479018546510194e-09,2.560289040425325e-07,True,Up in HCM
ASPN,10.788351390566039,8.563570894871797,2.224780495694242,6.752317919914132,5.613713014019419e-09,2.5989412101941754e-07,True,Up in HCM
ILMN_3000412,6.6790348415094325,8.687542628205126,-2.0085077866956933,-6.6945053279562465,5.799079331921918e-09,2.6601281339091367e-07,True,Down in HCM
ILMN_3000264,10.797849460377359,8.377763923076925,2.4200855373004337,6.695299165710917,5.899738961681491e-09,2.681699528037042e-07,True,Up in HCM
ILMN_3000278,10.362670922641508,8.333719830769232,2.028951091872276,6.537377156473019,6.087991529076005e-09,2.742338526610813e-07,True,Up in HCM
ILMN_3000035,10.435491196226415,8.350240782051282,2.0852504141751336,6.549583869987985,6.265114517115442e-09,2.751889898099184e-07,True,Up in HCM
ILMN_3000291,10.496744476415094,8.267631974358975,2.229112502056118,6.65091184332291,6.27430896766614e-09,2.751889898099184e-07,True,Up in HCM
PPARGC1A,6.803238757547173,8.944432479487181,-2.1411937219400086,-6.718546822605784,6.254625587077994e-09,2.751889898099184e-07,True,Down in HCM
ILMN_3000072,10.626902993396222,8.511664215384616,2.115238778011605,6.594885618091191,7.533735609353753e-09,3.275537221458154e-07,True,Up in HCM
MYH7,10.42334047830189,8.26424353076923,2.1590969475326602,6.53057282107449,8.260965890952792e-09,3.470994071828904e-07,True,Up in HCM
ILMN_3000181,10.908335095283023,8.870250015384615,2.0380850798984085,6.499945797103777,8.217585856387072e-09,3.470994071828904e-07,True,Up in HCM
ILMN_3000087,10.856835339622645,8.372910825641025,2.48392451398162,6.664277916779872,8.087654474721933e-09,3.470994071828904e-07,True,Up in HCM
ILMN_3000257,10.539099716981138,8.648228692307692,1.8908710246734461,6.5109130879891675,8.190707167479925e-09,3.470994071828904e-07,True,Up in HCM
ILMN_3000280,10.923333319811322,8.501660730769231,2.4216725890420907,6.7042945299075924,8.860512127408711e-09,3.691880053086963e-07,True,Up in HCM
MYBPC3,10.591614519811321,8.466139087179487,2.125475432631834,6.43570650487389,9.336829066536142e-09,3.8296001500729786e-07,True,Up in HCM
ILMN_3000185,10.605309480188684,8.379552194871794,2.22575728531689,6.449045696462135,9.344224366178068e-09,3.8296001500729786e-07,True,Up in HCM
ILMN_3000192,10.58182447830189,8.371766846153848,2.2100576321480414,6.538594383669902,9.701003429547088e-09,3.9434973290841823e-07,True,Up in HCM
ILMN_3000267,10.43957171037736,8.484781307692307,1.9547904026850524,6.361557511056711,1.0406440362854709e-08,4.196145307602705e-07,True,Up in HCM
ILMN_3000250,10.485318677358489,8.334571043589744,2.150747633768745,6.499356737765684,1.105307014250254e-08,4.386138945437516e-07,True,Up in HCM
ILMN_3000448,6.932568885849056,8.836065730769231,-1.9034968449201752,-6.46193892595607,1.0979317680925709e-08,4.386138945437516e-07,True,Down in HCM
ILMN_3000187,10.679148462264152,8.711051446153846,1.9680970161103062,6.388373297248362,1.1688317941702003e-08,4.601699977048033e-07,True,Up in HCM
ILMN_3000283,10.809701631132077,8.367513005128204,2.4421886260038725,6.511124502068586,1.2736573681858968e-08,4.975224094476159e-07,True,Up in HCM
ILMN_3000253,10.705091674528301,8.517918556410256,2.1871731181180447,6.4278944340559985,1.3677005145065695e-08,5.301164784909185e-07,True,Up in HCM
COL3A1,10.939553628301885,8.699858297435897,2.239695330865988,6.499393383939307,1.4028620533997223e-08,5.395623282306624e-07,True,Up in HCM
ILMN_3000201,10.566936796226415,8.514767743589745,2.0521690526366694,6.3653452069534815,1.5907922045808413e-08,6.0717259716826e-07,True,Up in HCM
ILMN_3000274,10.524723732075474,8.381034743589744,2.1436889884857298,6.3322620201447055,1.626736971976383e-08,6.161882469607511e-07,True,Up in HCM
ILMN_3000224,10.745528396226408,8.605573028205129,2.1399553680212797,6.304841362280473,1.757551697098545e-08,6.607337207137387e-07,True,Up in HCM
ILMN_3000258,10.664084165094337,8.419509548717947,2.24457461637639,6.504849710092362,1.854067000800118e-08,6.918160450746709e-07,True,Up in HCM
ILMN_3000139,10.457410205660377,8.259493002564103,2.1979172030962744,6.403187730820563,1.8709625874139854e-08,6.929491064496243e-07,True,Up in HCM
ILMN_3000126,10.71732214150943,8.601922825641026,2.1153993158684035,6.4349941958791845,1.8886530254316717e-08,6.943577299381147e-07,True,Up in HCM
ILMN_3000220,11.060199853773588,8.767806733333336,2.292393120440252,6.401295251008681,2.0093533984346078e-08,7.333406563629956e-07,True,Up in HCM
ILMN_3000106,11.025359305660377,8.889541869230769,2.1358174364296083,6.335271634642198,2.160805389659979e-08,7.829005034999924e-07,True,Up in HCM
ILMN_3000273,10.071991907547176,7.936671964102563,2.135319943444613,6.3261403945324,2.2810064706717434e-08,8.20505924702066e-07,True,Up in HCM
ILMN_3000127,10.738048127358487,8.54480481025641,2.193243317102077,6.399955313973215,2.2985834979856665e-08,8.209226778520237e-07,True,Up in HCM
ILMN_3000217,10.412981729245283,8.476823289743587,1.9361584395016962,6.349645316488137,2.3850458886416176e-08,8.457609534190134e-07,True,Up in HCM
ILMN_3000262,10.55607493584906,8.393528453846155,2.162546482002904,6.323030841042267,2.7056210421099847e-08,9.526834655316848e-07,True,Up in HCM
ILMN_3000190,10.441576726415093,8.501857966666668,1.9397187597484251,6.2586761173605945,2.735216230820679e-08,9.56369311475762e-07,True,Up in HCM
ILMN_3000409,6.803420743396228,8.825430946153846,-2.0220102027576177,-6.304400957212163,2.7802298033824383e-08,9.653575706189021e-07,True,Down in HCM
ILMN_3000411,6.47531522264151,8.573999535897437,-2.0986843132559274,-6.379476747893457,2.8543481871549082e-08,9.84257995570658e-07,True,Down in HCM
ILMN_3000173,10.5707147245283,8.563889138461539,2.0068255860667605,6.244233146084224,2.9304704710939484e-08,1.0035857777719e-06,True,Up in HCM
ILMN_3000115,10.38909208301887,8.340363938461538,2.048728144557332,6.165282688708037,3.0475272702048045e-08,1.0365739014302057e-06,True,Up in HCM
ILMN_3000183,10.738612417924527,8.558141487179485,2.1804709307450416,6.263978122993731,3.098752181207111e-08,1.0468757368942942e-06,True,Up in HCM
ILMN_3000029,10.52696168207547,8.40937532820513,2.1175863538703403,6.308686771852975,3.2509386826184814e-08,1.0909190210129133e-06,True,Up in HCM
ILMN_3000215,10.76099947830189,8.648389266666669,2.1126102116352214,6.2212511230369545,3.557842732302951e-08,1.185947577434317e-06,True,Up in HCM
ILMN_3000277,10.556662559433969,8.552813725641025,2.0038488337929437,6.26524019073783,3.586657481972034e-08,1.1876349278053092e-06,True,Up in HCM
ILMN_3000431,6.463475038679245,8.550583502564102,-2.0871084638848565,-6.33611092284918,3.610510165126627e-08,1.187667817475864e-06,True,Down in HCM
ILMN_3000245,10.157715524528296,8.272402335897437,1.8853131886308585,6.124173396131265,3.727734079427317e-08,1.2182137514468358e-06,True,Up in HCM
ILMN_3000212,10.708306932075471,8.54827427179487,2.160032660280601,6.199048644717552,3.8629048566493356e-08,1.2519411483572228e-06,True,Up in HCM
ILMN_3000073,10.442934777358492,8.617185823076921,1.8257489542815701,6.091541163184796,3.8810175599073906e-08,1.2519411483572228e-06,True,Up in HCM
ILMN_3000162,10.558904739622642,8.562355815384617,1.9965489242380254,6.081983343280437,4.333525374833439e-08,1.3889504406517433e-06,True,Up in HCM
ILMN_3000435,6.535819195283018,8.581110302564099,-2.0452911072810807,-6.282100507712309,4.5258738952271025e-08,1.4413611131296506e-06,True,Down in HCM
ILMN_3000048,10.50854908113208,8.561394587179487,1.947154493952592,6.058293297458589,4.5842417115950524e-08,1.4507094024034974e-06,True,Up in HCM
ILMN_3000214,10.30140590283019,8.34365065128205,1.9577552515481393,6.22597264502761,4.6524660662688103e-08,1.4630396434807578e-06,True,Up in HCM
ILMN_3000268,10.743971169811317,8.660911579487179,2.0830595903241385,6.157742321997457,4.781567065941912e-08,1.4942397081068473e-06,True,Up in HCM
ILMN_3000499,6.86758112735849,8.857641402564102,-1.9900602752056118,-6.191656103207324,4.830748226421451e-08,1.5002323684538669e-06,True,Down in HCM
ILMN_3000374,6.4430139679245295,8.511165707692308,-2.068151739767779,-6.224111846997596,5.5353777846615286e-08,1.708449933537509e-06,True,Down in HCM
ILMN_3000369,6.601397637735849,8.375776202564102,-1.774378564828253,-6.019125920852005,5.574337779553207e-08,1.709919564280125e-06,True,Down in HCM
ILMN_3000416,6.8244488311320755,8.844025028205127,-2.019576197073052,-6.096740846836645,5.65266219415548e-08,1.7233726201693535e-06,True,Down in HCM
ILMN_3000236,10.72108929622642,8.660269553846154,2.060819742380266,6.013162787355374,5.813970080761232e-08,1.7618091153821914e-06,True,Up in HCM
ILMN_3000219,10.464246125471693,8.563703305128206,1.900542820343487,6.055704697316133,5.9546530040482086e-08,1.7935701819422314e-06,True,Up in HCM
TGFB2,10.431407340566032,8.298718979487179,2.132688361078854,6.037725600772203,6.464170828626595e-08,1.9353804876127527e-06,True,Up in HCM
CKM,6.56727509528302,8.69641112051282,-2.1291360252298004,-6.211910985261911,6.617521437200265e-08,1.9695004277381743e-06,True,Down in HCM
ILMN_3000299,10.5594495254717,8.597077643589742,1.9623718818819587,6.0743209343748195,6.671696545701646e-08,1.973874717663209e-06,True,Up in HCM
ILMN_3000169,10.45357686509434,8.6169499974359,1.83662686765844,5.966117060926504,7.000669588957936e-08,2.0469794119760047e-06,True,Up in HCM
ILMN_3000255,10.420414802830187,8.403987482051283,2.016427320778904,6.108995565222625,6.983737311493085e-08,2.0469794119760047e-06,True,Up in HCM
ILMN_3000134,10.505014916981127,8.344217410256412,2.1607975067247143,6.047893487543262,7.214264530534153e-08,2.086597911026641e-06,True,Up in HCM
ILMN_3000079,10.977706068867922,8.781129305128205,2.196576763739717,6.149798993425443,7.219628772152178e-08,2.086597911026641e-06,True,Up in HCM
ILMN_3000218,10.067721100943398,8.284225048717948,1.7834960522254502,5.932380222968454,7.334763799273157e-08,2.1027580062519867e-06,True,Up in HCM
ILMN_3000240,10.596775679245285,8.55727407179487,2.039501607450415,6.1337767116906745,7.359653021881955e-08,2.1027580062519867e-06,True,Up in HCM
ILMN_3000159,10.38339104150943,8.457271697435898,1.9261193440735322,6.028694170260786,8.053821989131422e-08,2.288017610548699e-06,True,Up in HCM
ILMN_3000117,10.76115634339622,8.882558728205128,1.878597615191092,5.9014667523190365,8.472273766114959e-08,2.3932976740437737e-06,True,Up in HCM
ILMN_3000392,7.007640802830188,8.687621530769233,-1.6799807279390446,-5.881788122775667,9.173278532127215e-08,2.5767636326200042e-06,True,Down in HCM
ACTA1,10.099850313207545,8.428200976923076,1.671649336284469,5.814117020858783,9.701961331898967e-08,2.710045064776248e-06,True,Up in HCM
ILMN_3000221,10.827953834905657,8.488485933333331,2.339467901572325,6.030862672109013,1.0091710817710653e-07,2.803253004919626e-06,True,Up in HCM
ILMN_3000472,6.795736823584906,8.927715815384614,-2.1319789917997083,-5.966269488799455,1.0215618047385364e-07,2.821993935741813e-06,True,Down in HCM
ILMN_3000034,10.213936009433965,8.302021628205129,1.9119143812288364,5.9215221694965345,1.0638828700679864e-07,2.922755137549413e-06,True,Up in HCM
NPPA,10.42455398679245,8.367707141025639,2.0568468457668114,6.130216870016191,1.1242650667382477e-07,3.0550681161365427e-06,True,Up in HCM
ILMN_3000156,10.39297742641509,8.533761669230767,1.859215757184323,5.854951597234484,1.1226508333680472e-07,3.0550681161365427e-06,True,Up in HCM
ILMN_3000130,10.321301224528295,8.479775423076921,1.8415258014513736,5.859131323504694,1.1596637277613505e-07,3.1342262912468933e-06,True,Up in HCM
ILMN_3000222,10.210967314150938,8.33682828205128,1.8741390320996576,5.8177287718206685,1.18314031404214e-07,3.1804847151670434e-06,True,Up in HCM
ILMN_3000122,10.092459465094336,8.337264276923076,1.7551951881712604,5.881936655446051,1.189784574372915e-07,3.181242177467687e-06,True,Up in HCM
ILMN_3000327,6.655098909433961,8.836710151282054,-2.181611241848093,-6.031576823922528,1.2039272572521332e-07,3.201934194819503e-06,True,Down in HCM
ILMN_3000238,10.134349379245286,8.393517364102564,1.740832015142722,5.86768945787689,1.2208468542778138e-07,3.2297535827455393e-06,True,Up in HCM
ILMN_3000070,10.472630456603776,8.679734646153848,1.7928958104499273,5.909091139531644,1.2430003610552092e-07,3.2710535817242347e-06,True,Up in HCM
ILMN_3000189,10.434435182075472,8.45582124102564,1.9786139410498311,5.926521358087394,1.2812444629443174e-07,3.354043096712873e-06,True,Up in HCM
ILMN_3000328,6.601192483962262,8.727521684615384,-2.126329200653122,-6.011613144668568,1.3710436129230622e-07,3.570426075320475e-06,True,Down in HCM
ILMN_3000483,7.311941585849057,9.008627102564102,-1.6966855167150445,-5.776242677053771,1.437968785415571e-07,3.70610511705044e-06,True,Down in HCM
ILMN_3000495,7.008775762264152,8.834783497435895,-1.8260077351717428,-5.870105643871629,1.4352124501000951e-07,3.70610511705044e-06,True,Down in HCM
ILMN_3000196,10.158519834905661,8.26105072307692,1.897469111828741,5.841061766928535,1.4578248085683775e-07,3.7189408381846365e-06,True,Up in HCM
PDHB,6.625156083962266,8.529917148717951,-1.904761064755685,-5.974217912219648,1.4527201530677094e-07,3.7189408381846365e-06,True,Down in HCM
ILMN_3000136,10.57298057735849,8.610837351282052,1.9621432260764369,5.860831772205725,1.5702650575461945e-07,3.98544430849288e-06,True,Up in HCM
ILMN_3000131,10.798399304716979,8.616047471794872,2.182351832922107,5.882426465076519,1.5788405099395466e-07,3.986970984695825e-06,True,Up in HCM
ILMN_3000137,10.862543384905662,8.831768464102563,2.0307749208030987,5.865734827762916,1.744100119691975e-07,4.357381317533762e-06,True,Up in HCM
ILMN_3000350,6.967631150943398,8.673800553846153,-1.7061694029027548,-5.812545093478072,1.751652713836994e-07,4.357381317533762e-06,True,Down in HCM
ILMN_3000067,9.960681101886786,8.12235978974359,1.8383213121431954,5.715964068937409,1.7516672896485723e-07,4.357381317533762e-06,True,Up in HCM
ILMN_3000391,6.805248893396226,8.742571535897431,-1.9373226425012051,-5.835901371336281,1.826959254407896e-07,4.499677332721774e-06,True,Down in HCM
ILMN_3000231,10.371899221698113,8.469356912820514,1.9025423088775995,5.776549309710682,1.835868351750484e-07,4.499677332721774e-06,True,Up in HCM
ILMN_3000036,10.590838609433964,8.783594015384615,1.8072445940493491,5.718463479668533,1.8214259075177254e-07,4.499677332721774e-06,True,Up in HCM
ILMN_3000082,10.201168169811323,8.21632756923077,1.9848406005805526,5.8833055885801055,1.888875594473647e-07,4.607013645057675e-06,True,Up in HCM
ILMN_3000266,10.31697193773585,8.326256361538462,1.9907155761973883,5.771580452256833,2.0886974927148577e-07,5.069654108531208e-06,True,Up in HCM
ILMN_3000142,9.825689596226416,8.057489589743588,1.7682000064828287,5.767042524323967,2.1223537264219946e-07,5.12645827638163e-06,True,Up in HCM
ILMN_3000026,10.11106699716981,7.86033163076923,2.2507353664005807,5.875383822156633,2.1470843927366141e-07,5.161260559463015e-06,True,Up in HCM
ILMN_3000032,10.610440957547173,8.559342438461536,2.0510985190856363,5.882277799251439,2.2239336116453984e-07,5.307614199001837e-06,True,Up in HCM
ILMN_3000459,6.640729216037738,8.731543458974361,-2.0908142429366228,-5.87298863764819,2.231797076597237e-07,5.307614199001837e-06,True,Down in HCM
ILMN_3000296,10.476590096226415,8.544759264102565,1.9318308321238504,5.745536281848282,2.2398131919787756e-07,5.307614199001837e-06,True,Up in HCM
ILMN_3000295,10.496700497169812,8.77158834615385,1.7251121510159617,5.699634817855039,2.3272833425698314e-07,5.488875807947716e-06,True,Up in HCM
ILMN_3000477,6.886785204716979,8.6254785,-1.7386932952830207,-5.765481336833912,2.3749308970446311e-07,5.550139843751293e-06,True,Down in HCM
HADHB,7.005094607547168,8.74271487948718,-1.7376202719400116,-5.6926250687392566,2.3754598531255534e-07,5.550139843751293e-06,True,Down in HCM
THBS1,10.922655856603775,8.822762143589747,2.099893713014028,5.771932610556984,2.454433721138115e-07,5.681559539671562e-06,True,Up in HCM
ILMN_3000398,6.842941129245283,8.786259415384615,-1.9433182861393323,-5.759343386714121,2.453918327301465e-07,5.681559539671562e-06,True,Down in HCM
ILMN_3000242,10.482589541509435,8.385390584615383,2.0971989568940526,5.76867000708808,2.5422714299430215e-07,5.857768271758114e-06,True,Up in HCM
ILMN_3000180,10.573182416037739,8.655702402564101,1.9174800134736376,5.730763736547485,2.6887542685408136e-07,6.166867588396361e-06,True,Up in HCM
ILMN_3000418,6.993300576415096,8.82179888974359,-1.8284983133284944,-5.724925716965575,2.7361528932466015e-07,6.246924413805027e-06,True,Down in HCM
ILMN_3000260,10.069117519811323,8.207143225641026,1.861974294170297,5.6835718310043655,2.7770315093535503e-07,6.311435248530797e-06,True,Up in HCM
POSTN,10.287263371698113,8.42628628205128,1.860977089646834,5.754651150349463,2.847411724623234e-07,6.44210797426071e-06,True,Up in HCM
ILMN_3000470,6.917543148113208,8.628975146153845,-1.711431998040637,-5.678847715237769,2.935855411480647e-07,6.612286962794249e-06,True,Down in HCM
ILMN_3000153,10.104172726415092,8.35030223333333,1.7538704930817612,5.609413150310655,3.0189795099716006e-07,6.769012354196414e-06,True,Up in HCM
ILMN_3000421,6.917985487735849,9.145094551282051,-2.2271090635462025,-5.8033510996664885,3.1055405308781595e-07,6.93201011356732e-06,True,Down in HCM
ILMN_3000076,10.427135785849055,8.252262925641027,2.174872860208028,5.7686134856283715,3.2787135065443477e-07,7.286030014542995e-06,True,Up in HCM
ILMN_3000184,10.42402927075471,8.347342594871796,2.0766866758829146,5.696816360483875,3.304888029500968e-07,7.3116991803118765e-06,True,Up in HCM
ILMN_3000177,10.76088260754717,8.865593130769229,1.8952894767779416,5.633128821869699,3.3415188287540194e-07,7.360173631616782e-06,True,Up in HCM
ILMN_3000141,9.98394855471698,8.164905882051281,1.8190426726656987,5.611292800481205,3.4843785150127495e-07,7.641180953975327e-06,True,Up in HCM
ILMN_3000113,10.565310183962266,8.670538666666667,1.8947715172955988,5.6764741442042315,3.570427654952747e-07,7.795693569765824e-06,True,Up in HCM
ILMN_3000439,7.109156404716982,9.047302764102561,-1.9381463593855788,-5.711039672410515,3.670351289334132e-07,7.979024542030722e-06,True,Down in HCM
ILMN_3000200,10.616102503773586,8.883131989743589,1.7329705140299971,5.618940966279239,3.712415271998383e-07,8.01719661057296e-06,True,Up in HCM
ILMN_3000427,6.606779468867926,8.530529669230768,-1.923750200362842,-5.71232239543609,3.719979227305853e-07,8.01719661057296e-06,True,Down in HCM
ILMN_3000251,10.744693483962262,8.748834735897434,1.995858748064828,5.713269230850275,3.8405827475228776e-07,8.241593878804459e-06,True,Up in HCM
ILMN_3000473,6.765958285849055,8.5314939,-1.7655356141509442,-5.615546631459231,4.147025893143935e-07,8.86116643834174e-06,True,Down in HCM
ILMN_3000145,10.65361120566038,8.494605292307693,2.1590059133526864,5.683294996632009,4.1895886020662393e-07,8.914018302268594e-06,True,Up in HCM
ILMN_3000233,10.414702126415095,8.75818426923077,1.6565178571843262,5.550153382849086,4.451035671510517e-07,9.430160320996858e-06,True,Up in HCM
ILMN_3000261,10.251176065094349,8.22878524102564,2.022390824068708,5.620197619641657,4.543429351203648e-07,9.545019645385815e-06,True,Up in HCM
ILMN_3000265,10.239512029245285,8.434293633333336,1.8052183959119485,5.520044229503874,4.524834188341049e-07,9.545019645385815e-06,True,Up in HCM
ILMN_3000360,6.765877790566039,8.688976584615386,-1.9230987940493467,-5.666180965877774,4.581447813251972e-07,9.584618856175674e-06,True,Down in HCM
ILMN_3000468,6.842890083018867,8.645418461538462,-1.802528378519595,-5.596606385923627,4.6156816211302874e-07,9.616003377354766e-06,True,Down in HCM
ILMN_3000143,10.42494957641509,8.762239241025643,1.6627103353894466,5.574519000863972,4.864653391837803e-07,1.0092641891779675e-05,True,Up in HCM
ILMN_3000252,9.970832850943397,8.148472328205129,1.8223605227382684,5.49468778746413,5.120621146113712e-07,1.0579795756433288e-05,True,Up in HCM
ILMN_3000292,10.059545094339622,8.269846694871795,1.7896983994678273,5.536044628656908,5.764240881852979e-07,1.1860577946199546e-05,True,Up in HCM
ILMN_3000104,10.443381765094339,8.520091166666665,1.9232905984276734,5.559726855359626,5.969602476158667e-07,1.2215588753059723e-05,True,Up in HCM
ILMN_3000377,6.682923257547173,8.73999441794872,-2.0570711604015477,-5.63033108019877,5.985638488999265e-07,1.2215588753059723e-05,True,Down in HCM
ILMN_3000235,10.141547594339627,8.211329507692309,1.9302180866473186,5.5486678314054165,6.070484202043432e-07,1.233838252447852e-05,True,Up in HCM
ILMN_3000488,6.517996122641508,8.264695633333334,-1.7466995106918262,-5.518039416981963,6.310534135406551e-07,1.2774360597988969e-05,True,Down in HCM
ILMN_3000043,10.715229987735853,8.878666507692307,1.8365634800435462,5.452206433631405,6.919536577160463e-07,1.3950678582984805e-05,True,Up in HCM
ILMN_3000382,7.357940611320755,9.11219619230769,-1.7542555809869356,-5.467134392601642,7.745212774603345e-07,1.5490425549206688e-05,True,Down in HCM
ILMN_3000209,10.545596037735848,8.6148546,1.9307414377358487,5.457072976246247,7.724740462996369e-07,1.5490425549206688e-05,True,Up in HCM
ILMN_3000298,10.272295080188675,8.462786292307692,1.8095087878809828,5.42997317785292,8.698107647808628e-07,1.7326907664957426e-05,True,Up in HCM
ILMN_3000463,6.772818046226415,8.599986835897438,-1.8271687896710231,-5.418929197819114,1.036790890598721e-06,2.0571247829339702e-05,True,Down in HCM
ILMN_3000256,10.00641059811321,8.293498594871792,1.7129120032414171,5.307713398042759,1.0458569519029742e-06,2.0669109721402653e-05,True,Up in HCM
ILMN_3000107,10.328912197169807,8.4553382974359,1.8735738997339073,5.390827507677097,1.1319076992148141e-06,2.2281647622338863e-05,True,Up in HCM
ILMN_3000198,10.364769040566038,8.443574384615387,1.9211946559506519,5.412970734736026,1.1685816652283086e-06,2.2913365984868797e-05,True,Up in HCM
ILMN_3000363,6.9647331339622625,8.628866820512822,-1.66413368655056,-5.289619514063277,1.2507186443690413e-06,2.4428098522832837e-05,True,Down in HCM
ILMN_3000110,10.20175977735849,8.488282320512818,1.7134774568456717,5.319101465272339,1.2906718627583655e-06,2.511034752448182e-05,True,Up in HCM
ILMN_3000081,10.643920283962265,8.881031643589742,1.7628886403725232,5.349765632627734,1.3171758344324737e-06,2.5526663457993675e-05,True,Up in HCM
ILMN_3000086,10.950738218867931,9.05089685897436,1.8998413598935713,5.401104050426324,1.3387642442311169e-06,2.574546623521379e-05,True,Up in HCM
MMP2,10.603656168867925,8.849620617948716,1.754035550919209,5.281159834453221,1.336933300042139e-06,2.574546623521379e-05,True,Up in HCM
ILMN_3000379,6.7876707339622655,8.511296135897434,-1.723625401935168,-5.336809025305718,1.4657235469638977e-06,2.807899515256509e-05,True,Down in HCM
ILMN_3000456,7.254101518867924,8.814398592307693,-1.5602970734397692,-5.191355927997823,1.6315207133949082e-06,3.1017504056937416e-05,True,Down in HCM
ILMN_3000336,7.193257720754718,8.767320117948717,-1.574062397193999,-5.246313881755245,1.6289598154551881e-06,3.1017504056937416e-05,True,Down in HCM
ILMN_3000351,6.7521466632075455,8.449925012820513,-1.6977783496129675,-5.309082673419772,1.770544857550588e-06,3.353304654451871e-05,True,Down in HCM
ILMN_3000205,9.954228145283016,8.212398264102566,1.7418298811804505,5.212386568220099,1.7936956728213603e-06,3.360924663400222e-05,True,Up in HCM
ILMN_3000055,10.443435348113205,8.56155756153846,1.8818777865747442,5.268926724850226,1.7947337702557184e-06,3.360924663400222e-05,True,Up in HCM
ILMN_3000063,10.27282387735849,8.335463033333331,1.937360844025159,5.27097646991004,1.7829691519724854e-06,3.360924663400222e-05,True,Up in HCM
ILMN_3000476,6.433080147169814,8.380617741025643,-1.94753759385583,-5.34110910351618,1.8028798041250379e-06,3.363581724113877e-05,True,Down in HCM
ILMN_3000152,10.80818518490566,9.048994958974362,1.7591902259312988,5.270697415263613,1.96581906951466e-06,3.653938790919443e-05,True,Up in HCM
ILMN_3000373,6.841351665094339,8.485253492307692,-1.6439018272133525,-5.195097959347139,1.9844122971397867e-06,3.674837587295901e-05,True,Down in HCM
ILMN_3000342,6.903567823584902,8.609070297435897,-1.705502473850995,-5.178894362532544,2.0080547637964628e-06,3.704898088185356e-05,True,Down in HCM
ILMN_3000282,10.315583631132077,8.583324905128205,1.732258726003872,5.192948116994506,2.1241346692452414e-06,3.9046593184655175e-05,True,Up in HCM
ILMN_3000121,10.733102077358495,9.112689502564104,1.6204125747943916,5.154388743947488,2.1544369219829378e-06,3.945855168466919e-05,True,Up in HCM
ILMN_3000111,10.441530868867927,8.680539894871794,1.7609909739961331,5.154163974796795,2.2902440856860914e-06,4.179277528624254e-05,True,Up in HCM
ILMN_3000352,6.849598654716979,8.441962674358978,-1.592364019641999,-5.177005339167236,2.4075462745181667e-06,4.377356862760303e-05,True,Down in HCM
ACADM,7.408215315094341,8.972212989743591,-1.5639976746492499,-5.08410535509651,2.4596804214712493e-06,4.4559427925203795e-05,True,Down in HCM
ILMN_3000146,10.195315447169808,8.496474823076925,1.6988406240928828,5.157775839880594,2.6770651468021094e-06,4.8322475574045296e-05,True,Up in HCM
ILMN_3000487,7.054345748113208,8.418419956410256,-1.3640742082970476,-5.037469151029342,2.783212910238933e-06,5.00577861553765e-05,True,Down in HCM
ILMN_3000354,6.821134075471699,8.796317423076921,-1.9751833476052223,-5.148080799661272,2.834731517982675e-06,5.0801640107216395e-05,True,Down in HCM
ILMN_3000227,10.618006814150949,8.669217774358975,1.9487890397919738,5.137183364882729,2.9089549367853745e-06,5.19456238711674e-05,True,Up in HCM
ILMN_3000059,10.206918914150943,8.60833616153846,1.598582752612483,5.079960653445304,3.0235839991188995e-06,5.38004270305854e-05,True,Up in HCM
CKMT2,6.775983273584907,8.695398084615384,-1.9194148110304772,-5.21949078394768,3.0564716871144445e-06,5.419276040983058e-05,True,Down in HCM
ILMN_3000041,10.191151654716984,8.294050887179486,1.8971007675374985,5.111789931078136,3.151704647617572e-06,5.5487757880591054e-05,True,Up in HCM
ILMN_3000443,7.20399005,8.956862179487176,-1.7528721294871765,-5.037581167016802,3.1499555500589647e-06,5.5487757880591054e-05,True,Down in HCM
ILMN_3000375,6.751000434905662,8.406332038461537,-1.655331603555875,-5.098582026290589,3.219951042854576e-06,5.64903691728873e-05,True,Down in HCM
ILMN_3000381,7.027876017924526,8.470887233333334,-1.4430112154088084,-4.976033047281005,3.370120422501836e-06,5.891818920457755e-05,True,Down in HCM
ILMN_3000109,10.196741784905662,8.46215206923077,1.7345897156748915,5.048623449687502,3.6299361413875352e-06,6.323930559908598e-05,True,Up in HCM
VIM,10.554041264150944,8.728133446153846,1.8259078179970984,5.1200487024899015,3.682022659146703e-06,6.39240044990747e-05,True,Up in HCM
ILMN_3000064,10.060363343396224,8.22319826923077,1.8371650741654548,5.105555269485569,3.697878158995986e-06,6.397713077847727e-05,True,Up in HCM
ILMN_3000089,10.325020390566035,8.563904282051281,1.761116108514754,5.1023308554259215,3.871431425699583e-06,6.674881768447557e-05,True,Up in HCM
ILMN_3000359,7.194154732075473,8.579770384615385,-1.3856156525399115,-4.99607946929054,3.928587039433459e-06,6.750149552291166e-05,True,Down in HCM
ILMN_3000239,10.476950005660383,8.830227815384616,1.6467221902757672,4.996229602304727,3.980561700948466e-06,6.816030309843264e-05,True,Up in HCM
ILMN_3000428,6.7695347245283015,8.240081956410256,-1.4705472318819544,-5.000334931446954,4.0151475955039624e-06,6.836187877699276e-05,True,Down in HCM
FN1,10.211715621698112,8.694852899999997,1.5168627216981143,4.9877780428396905,4.019678472087175e-06,6.836187877699276e-05,True,Up in HCM
ILMN_3000338,6.89261089245283,8.336679751282054,-1.4440688588292234,-5.014746150023974,4.072773880729149e-06,6.903006577507032e-05,True,Down in HCM
ILMN_3000191,10.644984165094334,8.700837712820512,1.9441464522738219,5.10317379678116,4.14286627352254e-06,6.998084921490778e-05,True,Up in HCM
ILMN_3000124,10.945446693396221,9.508012105128206,1.4374345882680153,4.9317553225868105,4.45751751238348e-06,7.504238236335825e-05,True,Up in HCM
ILMN_3000095,10.462322934905657,8.748211643589745,1.7141112913159127,4.973079655784758,4.757426302782936e-06,7.982258897286804e-05,True,Up in HCM
ILMN_3000116,10.455812983018863,8.980886238461537,1.474926744557326,4.906014747706338,4.7965244451209235e-06,8.02094388816208e-05,True,Up in HCM
ILMN_3000065,10.046101919811324,8.24047374615385,1.8056281736574746,4.9743334292025025,5.36277755851703e-06,8.937962597528383e-05,True,Up in HCM
ILMN_3000329,6.639911561320756,8.343583025641026,-1.7036714643202702,-5.023003929362116,5.411882406218207e-06,8.989837884083401e-05,True,Down in HCM
ILMN_3000432,7.02789921226415,8.657046187179487,-1.6291469749153373,-4.952909114410604,5.5156960562931535e-06,9.131947113068134e-05,True,Down in HCM
ILMN_3000449,6.809332385849058,8.427122697435898,-1.6177903115868402,-4.95870535364238,5.63914649194584e-06,9.30552226393703e-05,True,Down in HCM
ILMN_3000193,10.212973760377357,8.436696274358976,1.7762774860183814,4.9706437611978185,5.678788479566804e-06,9.340112630866453e-05,True,Up in HCM
ILMN_3000490,7.41942313679245,8.68175226923077,-1.2623291324383201,-4.8136328136239035,5.925485794286094e-06,9.713911138173925e-05,True,Down in HCM
ILMN_3000457,7.127918535849055,8.624859071794873,-1.4969405359458179,-4.894670320536073,6.0055522915598485e-06,9.81299394045727e-05,True,Down in HCM
ILMN_3000346,6.7875778415094326,8.202066371794873,-1.41448853028544,-4.852112923835546,6.155553637584176e-06,0.00010025331657303218,True,Down in HCM
ILMN_3000102,10.43538232169811,8.734102625641023,1.701279696057087,4.932467696612377,6.1989143640997645e-06,0.00010063172668993124,True,Up in HCM
FMOD,10.121388453773584,8.585239907692308,1.5361485460812752,4.893912565236307,6.2769417717324455e-06,0.00010156863708304928,True,Up in HCM
ILMN_3000494,7.0440869084905655,8.38131547692308,-1.337228568432514,-4.823783521950783,6.4040704993652305e-06,0.00010329145966718113,True,Down in HCM
ILMN_3000047,10.210659977358487,8.626545302564102,1.5841146747943853,4.862917759975656,6.519519452127951e-06,0.00010481542527536899,True,Up in HCM
TNNI3,6.892264771698112,8.50095544102564,-1.6086906693275287,-4.9316252620296765,6.548459368434295e-06,0.00010494325910952396,True,Down in HCM
ILMN_3000453,6.8498399462264175,8.246936430769233,-1.397096484542816,-4.884272673082638,6.590007723797244e-06,0.00010527168887855022,True,Down in HCM
ILMN_3000294,9.973583126415095,8.466281115384616,1.507302011030479,4.799119446755293,7.027860362806077e-06,0.0001119086045032815,True,Up in HCM
ILMN_3000112,10.295249951886793,8.833815076923075,1.461434874963718,4.799361256984676,7.1411791160042195e-06,0.00011299334044310473,True,Up in HCM
ILMN_3000163,10.225280901886794,8.672368153846154,1.5529127480406402,4.833869835721245,7.119482584904535e-06,0.00011299334044310473,True,Up in HCM
PLN,6.989619661320755,8.522744474358973,-1.533124813038218,-4.870113136207335,7.3053318377933975e-06,0.00011522605422387063,True,Down in HCM
ILMN_3000158,10.251832733962262,8.64084488974359,1.6109878442186716,4.859583511985234,7.408210600375668e-06,0.0001164812987480451,True,Up in HCM
ILMN_3000084,10.36033656226415,8.800224689743589,1.5601118725205616,4.867582078210854,7.50084100566853e-06,0.00011756804084119953,True,Up in HCM
ILMN_3000326,6.908980797169811,8.45081423076923,-1.54183343359942,-4.835617075586283,7.777545572154242e-06,0.00012152414956491001,True,Down in HCM
ILMN_3000322,6.708123882075471,8.22102001025641,-1.5128961281809392,-4.861615864799047,7.808629630113996e-06,0.00012162974501735197,True,Down in HCM
ILMN_3000386,6.881831474528302,8.307166746153845,-1.425335271625543,-4.825367076561074,7.987302873174435e-06,0.0001240264421300378,True,Down in HCM
ILMN_3000466,7.041920607547169,8.576949733333334,-1.5350291257861652,-4.8305248921599,8.158754149033043e-06,0.00012629650385500066,True,Down in HCM
ILMN_3000332,6.658241971698112,8.493803494871797,-1.835561523173685,-4.905053904918236,8.530789142939137e-06,0.00013164798060091263,True,Down in HCM
ILMN_3000339,6.99315549528302,8.662341476923075,-1.6691859816400552,-4.826809860536182,9.770473561506372e-06,0.00014939562020651944,True,Down in HCM
ILMN_3000044,10.303967423584906,8.673637756410258,1.6303296671746477,4.791331838614976,9.762399888086317e-06,0.00014939562020651944,True,Up in HCM
ILMN_3000100,10.327466670754719,8.670232200000003,1.657234470754716,4.809459150953244,9.747576924841347e-06,0.00014939562020651944,True,Up in HCM
ILMN_3000293,10.358895869811322,8.88351424102564,1.4753816287856818,4.792800997919308,9.863500550773997e-06,0.00014990122417589662,True,Up in HCM
ILMN_3000384,6.915764649056603,8.473600248717947,-1.5578355996613436,-4.81742139396355,9.833756319729916e-06,0.00014990122417589662,True,Down in HCM
ILMN_3000091,10.143089313207549,8.459408766666666,1.6836805465408826,4.772568063256583,1.0556910935567231e-05,0.0001593009319111064,True,Up in HCM
ILMN_3000349,7.119906263207547,8.527368120512822,-1.4074618573052753,-4.677619644508302,1.0577581878897466e-05,0.0001593009319111064,True,Down in HCM
ILMN_3000423,6.668709438679246,8.267105235897438,-1.598395797218192,-4.77098335765007,1.0545943554162447e-05,0.0001593009319111064,True,Down in HCM
ILMN_3000033,10.148964612264152,8.541117861538462,1.60784675072569,4.749345581039054,1.0877356795492483e-05,0.00016332367560799522,True,Up in HCM
ILMN_3000053,9.8835833490566,8.352136071794872,1.5314472772617282,4.744549788515781,1.1074540171678549e-05,0.00016578652951614595,True,Up in HCM
ILMN_3000188,10.068588740566039,8.652867756410258,1.4157209841557812,4.666379108894479,1.2382200871393782e-05,0.00018480896822975794,True,Up in HCM
ILMN_3000362,7.215232543396227,8.821097092307692,-1.6058645489114651,-4.70621380402221,1.4853607622298313e-05,0.0002203799350489364,True,Down in HCM
ILMN_3000446,6.723571812264151,8.400842105128204,-1.677270292864053,-4.744468403018741,1.4841446788809277e-05,0.0002203799350489364,True,Down in HCM
ILMN_3000324,6.783607593396227,8.38232365897436,-1.5987160655781336,-4.667588197787916,1.558566310497581e-05,0.0002305571465233108,True,Down in HCM
ILMN_3000129,10.55015318490566,9.014275974358972,1.5358772105466887,4.635494726191548,1.6043408414660996e-05,0.000236628442694115,True,Up in HCM
ILMN_3000119,10.210706573584904,8.535096882051281,1.675609691533623,4.674367551624115,1.650401665239257e-05,0.0002427061272410672,True,Up in HCM
ILMN_3000249,10.151975308490563,8.726836784615385,1.4251385238751784,4.5598210593286606,1.6717002982625495e-05,0.0002451173457862976,True,Up in HCM
ILMN_3000051,10.052534221698114,8.396459338461538,1.6560748832365757,4.663015869829787,1.6777272445308357e-05,0.000245281760896321,True,Up in HCM
ILMN_3000120,10.046581629245283,8.637822210256408,1.4087594189888755,4.578249569357989,1.714830841748239e-05,0.00024997534136271706,True,Up in HCM
ILMN_3000447,7.135835575471701,8.620536864102565,-1.4847012886308644,-4.62674238176638,1.7460541624548717e-05,0.00025378694221727787,True,Down in HCM
ILMN_3000182,10.277930389622643,8.547763951282048,1.7301664383405946,4.658709752570642,1.782563041892002e-05,0.0002583424698394205,True,Up in HCM
MMP9,10.085842991509438,8.477929856410258,1.6079131350991798,4.64771054751799,1.802301415109759e-05,0.00026044818137424265,True,Up in HCM
ILMN_3000028,10.209056898113205,8.48549125897436,1.7235656391388456,4.667730035022389,1.8520399682798426e-05,0.00026686454874349315,True,Up in HCM
ILMN_3000361,7.312853059433964,8.897489861538462,-1.584636802104498,-4.617217802925715,1.9035244323765206e-05,0.00027349488970927023,True,Down in HCM
TGFB1,10.717609425471698,9.186080989743589,1.5315284357281094,4.578794598474678,2.0542343320246223e-05,0.00029430291289751033,True,Up in HCM
ILMN_3000284,10.157368990566034,8.714008133333333,1.443360857232701,4.581301380417906,2.132891718002243e-05,0.0003046988168574633,True,Up in HCM
CTGF,9.999766686792455,8.387878233333334,1.6118884534591214,4.559317400125215,2.3064039911078577e-05,0.0003285475770808914,True,Up in HCM
ILMN_3000093,10.117813913207543,8.669641564102562,1.448172349104981,4.535835119260637,2.3299702050842253e-05,0.0003309616768585547,True,Up in HCM
ILMN_3000289,10.069151972641507,8.521794012820514,1.5473579598209923,4.531239428784723,2.338839551884429e-05,0.0003312803897853299,True,Up in HCM
TNC,10.17671527735849,8.543659584615385,1.6330556927431044,4.571958253081726,2.3539730736209653e-05,0.0003324820725453341,True,Up in HCM
ILMN_3000397,7.007256626415095,8.448844158974358,-1.4415875325592635,-4.526898266412395,2.4621184598741736e-05,0.00034677724786960195,True,Down in HCM
ILMN_3000475,7.246811196226414,8.72023450769231,-1.4734233114658952,-4.511445821009711,2.471955357587196e-05,0.00034718474123415674,True,Down in HCM
ILMN_3000368,6.604974405660378,8.040204582051285,-1.435230176390907,-4.532375840720243,2.5316834909676432e-05,0.00035358707974408426,True,Down in HCM
ILMN_3000165,10.065004599999995,8.430605969230768,1.6343986307692262,4.545601738919927,2.5258284114230722e-05,0.00035358707974408426,True,Up in HCM
ILMN_3000161,10.70072775754717,9.200887105128205,1.4998406524189658,4.491875962139793,2.699590365124343e-05,0.0003759875160340311,True,Up in HCM
CCN2,10.289414512264154,8.89161235128205,1.3978021609821027,4.477140098384171,2.7404168315784955e-05,0.0003806134488303466,True,Up in HCM
ILMN_3000054,10.144547440566043,8.635208605128204,1.5093388354378394,4.46086294323959,2.8211953152218778e-05,0.0003907472735764374,True,Up in HCM
ILMN_3000323,6.715846375471697,8.279789033333335,-1.563942657861638,-4.488277346813999,3.083995704577442e-05,0.00042596625753832065,True,Down in HCM
ILMN_3000038,10.180980870754718,8.409258574358976,1.7717222963957422,4.554095440741506,3.1684271761864284e-05,0.0004345406636009325,True,Up in HCM
ILMN_3000413,6.93417050283019,8.39430753076923,-1.4601370279390409,-4.465801447604531,3.165718950305516e-05,0.0004345406636009325,True,Down in HCM
ILMN_3000335,6.85528687264151,8.238446638461538,-1.3831597658200279,-4.467181317619515,3.172146844286807e-05,0.0004345406636009325,True,Down in HCM
SDHB,7.106248155660377,8.575137656410256,-1.4688895007498788,-4.444310713135104,3.1962068515605e-05,0.00043664028026782785,True,Down in HCM
UQCRC1,6.943802068867925,8.153294092307693,-1.2094920234397675,-4.4227123709313165,3.2496183791366954e-05,0.00044272729960990396,True,Down in HCM
ILMN_3000452,6.9459568358490555,8.432846646153845,-1.4868898103047892,-4.477271559494337,3.295811084137646e-05,0.00044780041904044106,True,Down in HCM
ILMN_3000223,10.38853068962264,8.884212230769231,1.5043184588534082,4.4534915197604885,3.381921628416479e-05,0.00045825496320006485,True,Up in HCM
ILMN_3000321,7.111992363207547,8.27317644871795,-1.1611840855104028,-4.4193942033433755,3.395007190622623e-05,0.0004587847554895437,True,Down in HCM
ILMN_3000174,10.709036324528297,9.36352701025641,1.3455093142718866,4.3996230448275595,3.5185592779523516e-05,0.0004741993636054382,True,Up in HCM
ILMN_3000195,10.714020305660378,8.942356507692308,1.7716637979680705,4.4961879134258735,3.564890665817007e-05,0.00047915197121196337,True,Up in HCM
ILMN_3000334,7.089752746226416,8.71329458974359,-1.6235418435171747,-4.461880556039716,3.642967444134704e-05,0.000488333437551569,True,Down in HCM
ILMN_3000216,10.069855083018863,8.576527910256411,1.4933271727624522,4.4457502912780065,3.756255366221666e-05,0.0005021731773023618,True,Up in HCM
ILMN_3000380,7.139434142452832,8.615716948717946,-1.4762828062651137,-4.424373063446334,3.768887758002447e-05,0.0005025183677336596,True,Down in HCM
ILMN_3000491,6.928380346226415,8.431702412820512,-1.5033220665940963,-4.408822415168056,4.0162876078922074e-05,0.0005340807989218361,True,Down in HCM
ILMN_3000125,9.869389938679245,8.57915036666667,1.2902395720125739,4.383135540845243,4.0753705548478624e-05,0.0005405000735872496,True,Up in HCM
ILMN_3000348,7.182439109433961,8.66448182051282,-1.4820427110788597,-4.374438312560584,4.5041969405088366e-05,0.0005957932460990524,True,Down in HCM
LUM,9.879100054716982,8.461268653846151,1.4178314008708313,4.332417510934154,4.846613066035424e-05,0.0006393948635930638,True,Up in HCM
ILMN_3000370,7.11363683018868,8.523938558974361,-1.4103017287856812,-4.338434015459658,5.007140397415245e-05,0.0006588342628177955,True,Down in HCM
ILMN_3000429,6.777494190566037,8.346232815384617,-1.5687386248185806,-4.37291602786145,5.022767807630468e-05,0.0006591558802664655,True,Down in HCM
ILMN_3000276,10.141246356603776,8.533555320512823,1.6076910360909533,4.327420562005988,5.379841171976226e-05,0.0007041676926670454,True,Up in HCM
ILMN_3000455,7.297598081132078,8.625068156410256,-1.3274700752781783,-4.288800360935732,5.62353673454948e-05,0.0007341431768341358,True,Down in HCM
ILMN_3000358,6.90403873490566,8.179278317948716,-1.2752395830430565,-4.28143973501363,5.9116671591457e-05,0.0007697483280137631,True,Down in HCM
ILMN_3000269,9.59236716698113,8.16324097948718,1.4291261874939512,4.2381977973584934,7.08334361806e-05,0.0009175315567435232,True,Up in HCM
ILMN_3000075,10.260962007547171,8.90367946923077,1.3572825383164009,4.2072019584538305,7.080595498374665e-05,0.0009175315567435232,True,Up in HCM
ILMN_3000230,10.435601478301889,8.76953393076923,1.6660675475326592,4.261920346638898,7.179891736778671e-05,0.0009276345913150738,True,Up in HCM
ILMN_3000433,7.312128526415096,8.664792564102564,-1.3526640376874681,-4.209783926990554,8.084318154401359e-05,0.0010417935765981133,True,Down in HCM
ILMN_3000422,7.105381274528302,8.345990389743589,-1.2406091152152872,-4.13620255996834,8.331465130258598e-05,0.0010708824074882517,True,Down in HCM
ILMN_3000080,10.066776212264148,8.532241466666667,1.5345347455974814,4.229829692984551,8.3991909463211e-05,0.0010768193520924486,True,Up in HCM
ILMN_3000355,7.060321256603772,8.413766707692307,-1.3534454510885352,-4.1570752095903565,9.169063690136932e-05,0.0011725145383806818,True,Down in HCM
ILMN_3000414,7.246203441509432,8.626379753846154,-1.3801763123367214,-4.1212259355559775,9.256893952622693e-05,0.0011807262694671803,True,Down in HCM
ILMN_3000254,10.043526101886796,8.457419100000001,1.5861070018867949,4.177317356998545,9.51110195207104e-05,0.0012100638615866461,True,Up in HCM
ILMN_3000480,7.180088914150945,8.381678361538462,-1.2015894473875175,-4.081781103000027,9.612713932647973e-05,0.001219887554904565,True,Down in HCM
ILMN_3000437,7.305374273584908,8.490170782051283,-1.1847965084663752,-4.098975601472258,0.00010314106109394259,0.001305583051822058,True,Down in HCM
ILMN_3000074,9.839278628301887,8.358115928205128,1.4811627000967587,4.120583533415237,0.0001083808374464568,0.0013684449172532422,True,Up in HCM
ILMN_3000058,10.405372074528302,9.106581858974359,1.298790215553943,4.088527945202107,0.00012076825671221218,0.0015210107898263499,True,Up in HCM
ILMN_3000376,6.980934938679245,8.436137256410257,-1.455202317731012,-4.110882837008636,0.00012265147148395785,0.001540847631708013,True,Down in HCM
ILMN_3000425,7.286729082075468,8.67050075897436,-1.383771676898891,-4.0736417081097605,0.00012328195627076184,0.0015448866700596721,True,Down in HCM
ILMN_3000461,7.376173815094336,8.776079602564103,-1.3999057874697671,-4.0638056637784565,0.0001372499170433566,0.0017156239630419575,True,Down in HCM
ILMN_3000356,7.396942466981131,8.59576474871795,-1.1988222817368195,-4.039958695933232,0.00013873693795873933,0.0017298870069668247,True,Down in HCM
ATP2A2,7.099385900943396,8.483899300000001,-1.3845133990566048,-4.027528706759102,0.0001410083896699857,0.0017538356924127576,True,Down in HCM
ILMN_3000399,7.016551822641511,8.30884667948718,-1.2922948568456691,-3.98661557459779,0.00015304933151351983,0.001898875080812901,True,Down in HCM
ILMN_3000103,9.86035144339623,8.630121600000003,1.230229843396227,3.9923912338831715,0.0001566084316924308,0.0019382231645102823,True,Up in HCM
ILMN_3000088,10.044796809433961,8.697315743589744,1.3474810658442173,3.986938543706147,0.00016620248666427315,0.0020518825514107795,True,Up in HCM
ILMN_3000493,6.858925082075472,8.238195671794873,-1.3792705897194013,-3.970364705058296,0.00017470127087673189,0.002151493483703595,True,Down in HCM
ILMN_3000478,7.063840285849055,8.236967246153847,-1.173126960304792,-3.9556599724541717,0.00017573253105431324,0.002158876302878541,True,Down in HCM
ILMN_3000454,7.088187708490564,8.409798684615383,-1.3216109761248198,-3.942023956693008,0.00018597239541231366,0.002279073473190118,True,Down in HCM
CD36,7.379374766981133,8.73393485641026,-1.3545600894291265,-4.001945442356819,0.00018774587161741934,0.0022908282352144043,True,Down in HCM
ILMN_3000246,10.553916478301888,9.003211989743587,1.550704488558301,3.994833998740309,0.00018784791528758118,0.0022908282352144043,True,Up in HCM
ILMN_3000094,10.497793254716981,9.325326120512822,1.17246713420416,3.9152743517180504,0.000198235985832215,0.00241162999795882,True,Up in HCM
ILMN_3000485,7.1387782839622655,8.55625878205128,-1.4174804980890148,-3.947215082528737,0.0001992779153629068,0.002418421302947898,True,Down in HCM
ILMN_3000406,7.014223699999999,8.414260176923076,-1.400036476923077,-3.9427679134779847,0.0002063233257161098,0.00249786108615145,True,Down in HCM
ILMN_3000492,6.953627782075474,8.179753507692308,-1.2261257256168339,-3.893011587919226,0.00020932471715650496,0.002528076294160688,True,Down in HCM
ILMN_3000357,7.05582110754717,8.471297548717951,-1.4154764411707808,-3.9553938655217458,0.0002129658910439822,0.002565854108963641,True,Down in HCM
ILMN_3000484,7.068929752830191,8.292761389743589,-1.2238316369133981,-3.8943550546555574,0.00023878128174643117,0.002869967328683067,True,Down in HCM
ILMN_3000498,7.05307864528302,8.359776476923075,-1.3066978316400553,-3.8638661942574366,0.000268568092431126,0.00322024091644036,True,Down in HCM
ILMN_3000486,6.988666754716981,8.166187223076925,-1.177520468359944,-3.845823267357652,0.0002704803043081868,0.0032276885955630883,True,Down in HCM
ILMN_3000410,6.925022602830189,8.295034417948719,-1.3700118151185299,-3.8766784829073213,0.0002699315922415583,0.0032276885955630883,True,Down in HCM
ILMN_3000208,10.185492098113205,9.121224410256412,1.064267687856793,3.770833556950532,0.0002899107752119697,0.0034513187525234486,True,Up in HCM
ILMN_3000271,10.398581629245282,9.027828612820512,1.3707530164247697,3.848769770071378,0.0002915914532949792,0.0034630813930520096,True,Up in HCM
MYH6,7.273645929245283,8.568702364102563,-1.2950564348572806,-3.8347352518526865,0.0002988574917209116,0.0035409655417169617,True,Down in HCM
ILMN_3000426,7.210972345283018,8.44704478205128,-1.2360724367682625,-3.8070344096137965,0.00030504812037789205,0.0036057697444195277,True,Down in HCM
ILMN_3000407,7.300102668867927,8.592536597435895,-1.2924339285679682,-3.8149345747205716,0.00032288355958476117,0.0038075891460467117,True,Down in HCM
ILMN_3000396,6.827925914150946,8.147611943589744,-1.3196860294387989,-3.8030396863103655,0.00033520679802812004,0.0039436093885661175,True,Down in HCM
ILMN_3000333,6.936166550943396,8.202501805128207,-1.2663352541848116,-3.8168253689377183,0.00034131609555966384,0.004006057459620468,True,Down in HCM
ILMN_3000320,7.130017201886794,8.533790648717948,-1.4037734468311545,-3.764299645139979,0.00037021261086886377,0.0043350422818368125,True,Down in HCM
ILMN_3000030,9.883397861320757,8.752633097435895,1.1307647638848621,3.7059416944938803,0.0003819451381595402,0.004461975913078741,True,Up in HCM
ILMN_3000438,7.284205050943399,8.704827448717948,-1.4206223977745491,-3.776721606465725,0.00038609702179971824,0.004499965289041005,True,Down in HCM
ILMN_3000168,10.251108831132074,8.944216423076922,1.3068924080551518,3.746844073409105,0.00040814016057503686,0.0047458158206399636,True,Up in HCM
ILMN_3000128,10.073171064150943,8.964001312820514,1.1091697513304286,3.698929268588976,0.0004117491854125232,0.004776672684600037,True,Up in HCM
ILMN_3000400,7.143794133962263,8.426666553846152,-1.2828724198838888,-3.732920197238506,0.00041498887095436487,0.004803111932342186,True,Down in HCM
ILMN_3000364,7.417282374528301,8.704762505128203,-1.287480130599902,-3.7291163379598236,0.00042571368627436707,0.004915862428110474,True,Down in HCM
ILMN_3000390,7.395942034905655,8.846292653846154,-1.450350618940499,-3.7245221616865547,0.0004495745637414994,0.005179430457851375,True,Down in HCM
HADHA,7.446207211320753,8.605336987179486,-1.159129775858733,-3.6927174047527265,0.00046118101467774433,0.005300931203192464,True,Down in HCM
ILMN_3000098,9.999165952830184,8.780361815384614,1.21880413744557,3.650389805746504,0.0004673237664699351,0.005359217505389164,True,Up in HCM
FABP3,7.146083166981135,8.391199317948717,-1.2451161509675819,-3.669212889713908,0.0004809330855950617,0.005502666883238692,True,Down in HCM
ILMN_3000474,7.028849093396224,8.20096374871795,-1.1721146553217254,-3.664602983915348,0.0004981147791111765,0.005686241770675531,True,Down in HCM
ILMN_3000077,9.804630321698111,8.534085230769229,1.2705450909288825,3.6499368859787316,0.0005359345702366132,0.0061040383853828385,True,Up in HCM
ILMN_3004263,8.475330671698112,7.656489248717946,0.8188414229801655,3.549981339995088,0.0005682403774301673,0.006442634664741126,False,NS
ILMN_3000417,6.976314087735851,8.206231751282052,-1.2299176635462015,-3.64636847980457,0.0005669671554991576,0.006442634664741126,True,Down in HCM
ILMN_3000460,7.222690935849054,8.40717824871795,-1.184487312868895,-3.635970436769002,0.0005868974033868582,0.006639110898041382,True,Down in HCM
ILMN_3001251,8.398250987735848,9.39798802051282,-0.9997370327769719,-3.5597859287543527,0.0005951680612666796,0.006717472474793224,False,NS
ILMN_3000420,7.135028244339622,8.242661243589742,-1.1076329992501206,-3.604188233055995,0.0006187128850757194,0.00696748744454639,True,Down in HCM
ILMN_3000372,7.010956888679244,8.283772430769229,-1.272815542089985,-3.6077836568731394,0.0006368702693184187,0.007155845722678862,True,Down in HCM
ILMN_3000039,10.199686613207549,9.012704197435898,1.1869824157716504,3.536491856932335,0.0007094333248079422,0.007953288394707873,True,Up in HCM
ILMN_3001465,8.923358225471702,7.963578079487181,0.9597801459845208,3.515564088168715,0.0007321309616440016,0.008189384358434023,False,NS
ILMN_3000467,7.69488193584906,8.818684912820515,-1.1238029769714553,-3.504153035122842,0.0007657071183790661,0.008545838374766364,True,Down in HCM
ILMN_3000344,7.126178260377355,8.400264307692305,-1.2740860473149507,-3.554418220741615,0.000784195964883634,0.008732694486454721,True,Down in HCM
ILMN_3003572,7.8596091499999945,9.154700823076924,-1.2950916730769295,-3.534788554642321,0.0007938234078970423,0.008820260087744915,True,Down in HCM
ILMN_3000985,8.411227000943395,7.354930287179489,1.0562967137639063,3.4405847141280024,0.0009295268389075872,0.010305175597645091,True,Up in HCM
ILMN_3000496,6.844099161320756,7.9268686487179485,-1.0827694873971927,-3.426956016612248,0.0009952001361617576,0.011008851063736258,True,Down in HCM
ILMN_3000479,6.978055377358488,8.098875338461538,-1.1208199611030496,-3.4272268404920103,0.0010278256883364783,0.011344654396649872,True,Down in HCM
ILMN_3000389,6.818384741509433,8.028914641025644,-1.2105298995162102,-3.4345187339154046,0.0010706802993025362,0.011791633252230574,True,Down in HCM
ILMN_3000458,7.537785787735849,8.702378212820511,-1.1645924250846615,-3.402098258285488,0.0010809183701659224,0.01187822384797717,True,Down in HCM
ILMN_3000378,7.2542401877358484,8.331733717948719,-1.0774935302128705,-3.396639983683681,0.0010921883411193604,0.011975749354378952,True,Down in HCM
ILMN_3000340,7.062120521698116,8.064662635897434,-1.0025421141993185,-3.390505959841236,0.0011146484846229052,0.0121952788251959,True,Down in HCM
ILMN_3004853,8.073589639622641,9.048558587179487,-0.9749689475568459,-3.35764559539873,0.001221603799812493,0.013336286024153854,False,NS
ILMN_3004241,8.506205142452833,7.409813861538462,1.0963912809143714,3.3578411189050295,0.0012660617087497789,0.013791521881805869,True,Up in HCM
ILMN_3000287,10.055546133018865,8.9472657025641,1.1082804304547658,3.36624759804905,0.0012796887667998736,0.013909660508694278,True,Up in HCM
ILMN_3000415,6.661443618867923,7.686624117948718,-1.0251804990807942,-3.360318202413682,0.0013216577143283959,0.01433468236798694,True,Down in HCM
ILMN_3000404,7.098736564150944,8.398130364102567,-1.2993937999516225,-3.3556703141070243,0.0014171125863086868,0.015336716302042065,True,Down in HCM
ILMN_3000331,6.967920001886795,8.1292637974359,-1.1613437955491053,-3.3431266915267273,0.0014202038358340527,0.015336974469050245,True,Down in HCM
ILMN_3000343,6.959940825471696,7.993891330769231,-1.0339505052975353,-3.3063719856817886,0.0014627984469891694,0.015762914299452258,True,Down in HCM
ILMN_3001189,8.873151966981135,7.932201674358973,0.940950292622162,3.284396905445837,0.0014693092387203003,0.015799024072261292,False,NS
ILMN_3000430,7.233619428301891,8.340226753846151,-1.1066073255442603,-3.3153843935179785,0.0014739459541716455,0.01581487075291465,True,Down in HCM
ILMN_3000464,7.180564722641508,8.415221628205128,-1.2346569055636198,-3.3417195550680217,0.0014891506682191645,0.01594379730427371,True,Down in HCM
ILMN_3004118,9.026128555660376,8.114623110256412,0.9115054454039644,3.2771094794085047,0.0014981108992704038,0.016005458325538503,False,NS
ILMN_3000204,9.903055583018862,8.830833212820513,1.0722223701983484,3.2742769809691223,0.0016919562029093073,0.018037912610973428,True,Up in HCM
ILMN_3000078,9.602266451886791,8.43117178974359,1.1710946621432008,3.2753322819964246,0.001736288092909935,0.018471149924573778,True,Up in HCM
ILMN_3000408,7.254841983018865,8.453599556410257,-1.1987575733913918,-3.2783246705499587,0.0017545240831864782,0.018546766207045224,True,Down in HCM
ILMN_3000444,7.279011152830189,8.318251397435898,-1.0392402446057085,-3.2529066060620586,0.0017541691618939512,0.018546766207045224,True,Down in HCM
ILMN_3000442,7.063773960377361,8.14631022820513,-1.0825362678277681,-3.2827997962349214,0.0017513047907314419,0.018546766207045224,True,Down in HCM
ILMN_3000388,6.681689843396229,7.749310335897437,-1.0676204925012085,-3.249721029557809,0.0018777552274550264,0.01980754459340745,True,Down in HCM
ILMN_3003477,8.759737278301888,7.804932346153846,0.9548049321480416,3.2048673983072686,0.0019994692646327326,0.02104704489087087,False,NS
ILMN_3000489,7.050279373584906,8.093338976923077,-1.043059603338171,-3.2133343177270595,0.0020240715982168607,0.021261256283790553,True,Down in HCM
ILMN_3000786,8.548727791509435,7.595029115384619,0.9536986761248167,3.1938954463351745,0.0020805150559806526,0.02180833392013263,False,NS
ILMN_3000206,9.87326002735849,8.715006856410259,1.1582531709482318,3.203371617696096,0.0020980694950254344,0.021900516649534806,True,Up in HCM
ILMN_3000337,7.049758705660375,8.146256723076922,-1.0964980174165468,-3.2052550363048966,0.002096500711929708,0.021900516649534806,True,Down in HCM
ILMN_3004082,8.29526079528302,9.300009594871797,-1.0047487995887767,-3.1871890872959665,0.0021594666690207,0.022494444468965626,True,Down in HCM
ILMN_3004185,8.133891005660377,9.126799402564103,-0.9929083969037258,-3.1686838880828527,0.00220257176102136,0.02289575635157339,False,NS
ILMN_3000735,8.28239313018868,9.40230442051282,-1.11991129032414,-3.188483320058422,0.00222796960959963,0.023111717941904877,True,Down in HCM
ILMN_3003950,8.63399471320755,7.6385028564102555,0.9954918567972939,3.162075441607064,0.0023361360846147236,0.02413363723775541,False,NS
ILMN_3000225,10.193952678301889,9.220776669230771,0.9731760090711177,3.1781261063005735,0.002333927061897736,0.02413363723775541,False,NS
ILMN_3000434,7.2002670773584905,8.320613258974358,-1.1203461816158677,-3.162481323280151,0.002359974672131075,0.024329635795165724,True,Down in HCM
ILMN_3000497,7.189993852830186,8.240855233333338,-1.050861380503152,-3.1540485967623564,0.002428397227386964,0.024983510569824733,True,Down in HCM
ILMN_3001388,8.265313492452831,9.17548772051282,-0.9101742280599883,-3.12878774032272,0.0024961406486251636,0.025627727398615643,False,NS
ILMN_3001870,8.804425467924526,7.863281015384617,0.9411444525399091,3.1340555125570195,0.002511300272071602,0.025730535574504117,False,NS
ILMN_3003596,8.689597951886794,7.841402612820516,0.8481953390662786,3.1149377953231916,0.002529241343738412,0.0258613634329081,False,NS
ILMN_3000402,7.174357555660377,8.139958915384616,-0.9656013597242392,-3.1114254989083907,0.00261225697397543,0.02665568340791255,False,NS
ILMN_3000099,10.04910164245283,8.914753133333335,1.134348509119496,3.1113309644660125,0.002759850741625614,0.028104386370932936,True,Up in HCM
ILMN_3000469,7.1780719745283,8.186205046153846,-1.0081330716255463,-3.089648865114773,0.0029707469354460824,0.03019051763664718,True,Down in HCM
ILMN_3000345,7.266101280188679,8.187550443589743,-0.9214491634010633,-3.0739117117051,0.0030060686033717824,0.03048751119038319,False,NS
ILMN_3000482,7.356597735849057,8.462911320512822,-1.1063135846637646,-3.0569980424415406,0.00333904084444824,0.03379595996405101,True,Down in HCM
ILMN_3000445,7.377814947169812,8.416283002564102,-1.03846805539429,-3.0485067264242796,0.0033734933129646425,0.034075690029945885,True,Down in HCM
ILMN_3000481,7.364294666037736,8.462122356410257,-1.0978276903725206,-3.0259753312143967,0.003784556734302199,0.03815077353127217,True,Down in HCM
ILMN_3003673,8.930794057547168,8.016470907692309,0.9143231498548587,2.9809571691770738,0.003843593599397883,0.03866794365591432,False,NS
ILMN_3004048,8.634051262264148,7.746128051282053,0.8879232109820947,2.9347738239653105,0.004339468819522658,0.04356896405143231,False,NS
ILMN_3000471,7.119148871698114,8.179615499999999,-1.060466628301885,-2.9209316141285115,0.004880712492192969,0.04890493479151272,True,Down in HCM
ILMN_3000976,8.225359035849056,9.110519584615387,-0.885160548766331,-2.893819494095658,0.0049030510108769325,0.04903051010876932,False,NS
ILMN_3000403,7.217408683962266,8.352380846153846,-1.1349721621915796,-2.922963708843705,0.005077198027102208,0.05063821013728483,False,NS
ILMN_3003081,8.551447903773585,7.658300833333335,0.89314707044025,2.8877622721298466,0.005084076297783398,0.05063821013728483,False,NS
ILMN_3000383,7.240474033018865,8.193999984615385,-0.9535259515965198,-2.8823643825466903,0.005389574792239218,0.05357430210973378,False,NS
ILMN_3002518,8.841160482075477,8.02280041794872,0.8183600641267574,2.8327578595692486,0.005585262519355795,0.05540935039043447,False,NS
ILMN_3000387,7.219305336792455,8.195396728205129,-0.9760913914126741,-2.8636225624136893,0.005886028287995375,0.0582775078019344,False,NS
ILMN_3000534,8.80248934150943,7.903616546153844,0.8988727953555857,2.8312964533446148,0.006006271599712191,0.05935050987857896,False,NS
ILMN_3000436,7.454993166037738,8.446671315384616,-0.9916781493468783,-2.837250592110177,0.006018259863010802,0.05935167517762132,False,NS
ILMN_3000685,8.710433779245282,7.857058146153847,0.853375633091435,2.7947356825811362,0.0065544017357014065,0.06451182810729732,False,NS
ILMN_3004547,8.341160258490568,9.194439671794873,-0.8532794133043051,-2.7913770620663625,0.006678478683330184,0.06560391633919631,False,NS
ILMN_3000213,9.878699810377364,8.923627112820515,0.9550726975568491,2.796338570096667,0.0066995525335454805,0.06568188758377923,False,NS
ILMN_3000401,7.1203091622641494,8.194165982051283,-1.0738568197871334,-2.8094927418845055,0.006736273058856478,0.06591265223930018,False,NS
ILMN_3003868,8.525532243396226,9.439173328205127,-0.9136410848089014,-2.7933156368395484,0.006918707326780065,0.06756550123808658,False,NS
ILMN_3002283,8.867579329245283,7.95410242051282,0.9134769087324628,2.7809801797587763,0.006944555459504228,0.06768572572616206,False,NS
ILMN_3002035,8.713929508490569,7.832106053846155,0.8818234546444144,2.762264196534054,0.007392870805820062,0.07191508565972822,False,NS
ILMN_3003879,8.659058411320753,7.895605515384614,0.7634528959361395,2.729744796343711,0.0075656072771352655,0.07345249783626472,False,NS
ILMN_3001441,8.680393874528304,7.882273174358975,0.7981207001693296,2.7423888845238427,0.007602452737347345,0.07366717768747427,False,NS
ILMN_3003035,8.169128429245283,9.132137105128205,-0.9630086758829215,-2.7549037280352775,0.00788523756110747,0.07625955088111672,False,NS
ILMN_3003285,8.840051363207547,7.883822125641027,0.9562292375665198,2.722156620517398,0.00824845894459727,0.07961832958105473,False,NS
ILMN_3000550,8.429836201886793,9.358805887179484,-0.9289696852926905,-2.711503537531567,0.008650825700730764,0.08334128806099002,False,NS
ILMN_3004698,8.266988189622635,9.14120980769231,-0.874221618069674,-2.6985659929674743,0.008920872941212684,0.08577762443473735,False,NS
ILMN_3003269,8.191692039622641,9.150083233333334,-0.9583911937106926,-2.6863089840685137,0.009236771369941438,0.08864463886700036,False,NS
ILMN_3002696,8.140849983018867,8.974465053846151,-0.8336150708272836,-2.666375236423326,0.009344310348469368,0.08950488839530045,False,NS
ILMN_3003833,8.838448061320758,7.942288484615387,0.8961595767053705,2.673758219084753,0.009375085415235717,0.08962796764087684,False,NS
ILMN_3000367,7.381865987735849,8.232564389743592,-0.850698402007743,-2.669618918020632,0.00940602302969988,0.0897521281459912,False,NS
ILMN_3002302,8.664525828301885,7.8823442025640995,0.7821816257377856,2.6614674483257237,0.009453281370217255,0.09003125114492624,False,NS
ILMN_3001103,8.129285274528295,9.093371900000001,-0.9640866254717064,-2.663440449037209,0.00977791450271835,0.09294595534903374,False,NS
ILMN_3003340,8.26482611037736,9.048295515384615,-0.7834694050072546,-2.645380061413647,0.009830031406578472,0.09326405509087735,False,NS
ILMN_3001415,8.55360258018868,9.432054992307693,-0.878452412119012,-2.636140718545369,0.010297727412828958,0.0975163580760318,False,NS
ILMN_3002419,8.460585682075472,9.341456594871795,-0.8808709127963237,-2.6278309029029416,0.010588971372606722,0.09989595634534644,False,NS
ILMN_3000797,8.838332541509432,7.918511910256413,0.9198206312530193,2.632477835672309,0.010577624129721526,0.09989595634534644,False,NS
ILMN_3003809,8.331942616037738,9.15040237179487,-0.8184597557571323,-2.6154051995844245,0.011023475002761267,0.10379919964935279,False,NS
ILMN_3000371,7.092016866981136,7.868092030769231,-0.7760751637880947,-2.599135950922818,0.011280861784709427,0.10602313707433673,False,NS
ILMN_3002256,8.24052161320755,9.131330156410257,-0.8908085432027075,-2.605277653951815,0.011474789867485463,0.1076434321527717,False,NS
ILMN_3000952,8.582165599056609,7.801843089743591,0.7803225093130175,2.5862536336314417,0.011537852869832546,0.10803233024187776,False,NS
ILMN_3002212,8.813045347169806,8.002596258974359,0.8104490881954476,2.5584862991158253,0.012404504010205148,0.11592994402060885,False,NS
ILMN_3004595,8.34679805943396,9.217898515384617,-0.871100455950657,-2.5567382662535447,0.01248711791831847,0.11648430893953797,False,NS
ILMN_3001866,8.398682702830186,9.251517046153847,-0.8528343433236607,-2.5505575537128884,0.012829011461982507,0.11945075849145724,False,NS
ILMN_3004317,8.803927686792456,7.96299491794872,0.8409327688437358,2.53774909613622,0.013267540999717728,0.12330428438399375,False,NS
ILMN_3000514,8.761623653773585,7.987845648717949,0.773778005055636,2.5324070861308488,0.013338209669499692,0.12365749799717958,False,NS
ILMN_3003871,8.80559596415094,8.06710038205128,0.7384955820996613,2.5279816337718444,0.013355009783695394,0.12365749799717958,False,NS
ILMN_3002129,8.671522931132078,7.938520635897437,0.7330022952346402,2.523313843474476,0.013491990677017634,0.12469492307779698,False,NS
ILMN_3001144,8.42424538962264,9.263242689743588,-0.8389973001209476,-2.5333548158158696,0.013805305778834851,0.12735521936194513,False,NS
ILMN_3002296,8.651754198113212,7.818911797435897,0.8328424006773147,2.523504474231166,0.01392249785843276,0.12819979611816537,False,NS
ILMN_3000589,8.561617466037736,7.759091466666667,0.8025259993710696,2.5101730133811837,0.014391552678438974,0.1322753003532994,False,NS
ILMN_3002403,8.727734766981133,7.988554648717949,0.7391801182631834,2.4933832889149325,0.014457407185612985,0.13263676317076134,False,NS
ILMN_3001039,8.424734950000003,9.171995384615384,-0.7472604346153808,-2.504497402999897,0.014700867098337263,0.13462332507634855,False,NS
ILMN_3001735,8.382772391509434,9.129502997435898,-0.746730605926464,-2.484170451036671,0.014966136556880057,0.1368019794961614,False,NS
ILMN_3001843,8.642987115094341,7.921100412820513,0.721886702273828,2.4945711080103647,0.015040096985603059,0.13722716227740017,False,NS
ILMN_3002527,8.184661582075472,8.955646787179486,-0.7709852051040134,-2.477428475668231,0.015547640436156545,0.14159963967355688,False,NS
ILMN_3000123,10.050352996226415,9.153192320512822,0.897160675713593,2.481867663459752,0.015615460169913479,0.14195872881739527,False,NS
ILMN_3000889,8.850127939622643,8.039940176923077,0.8101877626995666,2.4655461076659124,0.0164599276973931,0.14936413518505534,False,NS
CPT1B,7.2713205103773575,8.112674479487179,-0.8413539691098215,-2.46707476126217,0.016556915779387282,0.1499720632190877,False,NS
ILMN_3004933,8.353162658490566,9.009100966666667,-0.6559383081761005,-2.440508244670132,0.01659940473375362,0.1500850337590743,False,NS
ILMN_3003949,8.588708534905662,7.737841217948717,0.8508673169569443,2.45347772930093,0.016651619976888535,0.15021183100870175,False,NS
ILMN_3004591,8.4759551745283,9.1811826974359,-0.7052275229076006,-2.4513408646799104,0.016673513241965896,0.15021183100870175,False,NS
ILMN_3003737,8.764232481132078,7.93091055897436,0.8333219221577179,2.449921160859731,0.016742690067365562,0.15056375959861118,False,NS
ILMN_3004131,8.308115687735851,9.184517725641026,-0.8764020379051747,-2.450545713408677,0.016942022322388534,0.15189690961937347,False,NS
ILMN_3002753,8.369318046226415,9.250168984615383,-0.8808509383889689,-2.4560869585834926,0.01695169511352208,0.15189690961937347,False,NS
ILMN_3004962,8.614298295283017,7.771191094871797,0.8431072004112208,2.445299342772118,0.017029931524953103,0.15222967134886764,False,NS
ILMN_3001904,8.447169370754715,9.308273351282054,-0.8611039805273393,-2.44713445667001,0.017049723191073177,0.15222967134886764,False,NS
ILMN_3003752,8.388943133018874,7.656722730769229,0.7322204022496441,2.440555807509166,0.017177732857395742,0.15309922332794781,False,NS
ILMN_3002970,8.428332958490566,7.687650382051282,0.7406825764392844,2.4328580982953993,0.01728530441619291,0.1535106964137914,False,NS
ILMN_3003258,8.822961654716982,8.06433201025641,0.7586296444605729,2.442177263820668,0.017273158492723532,0.1535106964137914,False,NS
ILMN_3003609,8.591962005660378,7.864016817948719,0.7279451877116587,2.4196359634872855,0.017515971752336063,0.15528343752070978,False,NS
ILMN_3001255,8.857518497169812,8.11517544871795,0.7423430484518612,2.4205305536499533,0.017709298067382518,0.15659923345180457,False,NS
ILMN_3004484,8.438760877358488,7.669065964102563,0.7696949132559254,2.4400054342888304,0.017727033226744276,0.15659923345180457,False,NS
ILMN_3004695,8.308907093396224,9.063168246153849,-0.7542611527576248,-2.4283436860263325,0.017792757176319524,0.15690262060246493,False,NS
ESRRA,7.340785272641508,7.994995466666667,-0.6542101940251595,-2.412059701471565,0.01792123979276906,0.15775739254198115,False,NS
ILMN_3001683,8.74664963018868,7.945228028205131,0.8014216019835487,2.42863338513158,0.01802579575417681,0.15839890820893504,False,NS
ILMN_3004353,8.123872470754716,8.834197169230771,-0.7103246984760556,-2.415838031913651,0.01810330087259069,0.15880088484728674,False,NS
ILMN_3000385,7.176074997169814,7.92333478717949,-0.747259790009676,-2.416194641256888,0.018400773812701575,0.16112761657356897,False,NS
ILMN_3003801,8.26729439433962,9.031114753846154,-0.7638203595065338,-2.4042239080814807,0.01877333144931169,0.16400290280524984,False,NS
ILMN_3004077,8.250727816037735,9.105370435897434,-0.8546426198596997,-2.415699575126186,0.01879473266148163,0.16400290280524984,False,NS
ILMN_3004565,8.653762020754721,7.964884587179488,0.6888774335752332,2.3952880560622605,0.01892555642029192,0.16485676324296097,False,NS
ILMN_3004919,8.329036666037732,9.070114215384617,-0.7410775493468851,-2.3985348948221206,0.01914442590589223,0.16647326874688895,False,NS
ILMN_3000702,8.737169353773586,7.968682199999999,0.7684871537735871,2.38978996554517,0.019421259227586116,0.16858731968390728,False,NS
ILMN_3004110,8.586773781132079,7.804845943589744,0.7819278375423346,2.3881692139569966,0.01948795937443644,0.1688731314942499,False,NS
ILMN_3003128,8.765139780188683,8.129033125641028,0.636106654547655,2.3844449091086215,0.019704329594588853,0.17045267815388282,False,NS
ILMN_3000341,7.475428730188684,8.182270261538463,-0.7068415313497791,-2.3811812854710728,0.01977414322041033,0.17047445699407654,False,NS
ILMN_3002393,8.681206322641513,7.88103394871795,0.8001723739235631,2.3788802415222627,0.019855321186911988,0.17047445699407654,False,NS
ILMN_3000512,8.77607250754717,8.01516411794872,0.7609083895984501,2.3788136034929543,0.019872236816709535,0.17047445699407654,False,NS
ILMN_3000739,8.22226999245283,8.96894385128205,-0.7466738588292205,-2.3796684952539997,0.019877321685509323,0.17047445699407654,False,NS
ILMN_3002018,8.718596127358492,7.887673533333334,0.8309225940251572,2.3869760764361025,0.019837121817467367,0.17047445699407654,False,NS
ILMN_3002195,8.650612785849052,7.974863128205127,0.6757496576439248,2.3783914378455004,0.019983359017924463,0.17109040255072314,False,NS
ILMN_3002659,8.209350072641508,8.987614956410258,-0.7782648837687507,-2.38481323246071,0.020084739873471764,0.1716644433630065,False,NS
ILMN_3003424,8.147191729245284,8.879145874358974,-0.73195414511369,-2.37327430853349,0.020478893397229386,0.17473458530059205,False,NS
ILMN_3004246,8.561688955660381,9.304804761538454,-0.7431158058780731,-2.360461065041689,0.020586076562973635,0.17534988554492023,False,NS
ILMN_3004627,8.782075861320756,7.9341535333333315,0.8479223279874244,2.366022093198721,0.02095690510611634,0.17790242025565653,False,NS
ILMN_3001649,8.752398256603774,8.026789707692307,0.7256085489114668,2.3641352508414273,0.020931034554922952,0.17790242025565653,False,NS
ILMN_3002991,8.441975501886793,7.744310969230769,0.6976645326560238,2.3343636683187534,0.022169895936805382,0.18788047404072358,False,NS
ILMN_3000891,8.896921597169811,8.19252245897436,0.704399138195452,2.325235141665543,0.02278314481039525,0.19275080211840312,False,NS
ILMN_3001356,8.276930426415097,9.082799374358975,-0.8058689479438783,-2.328051666738693,0.022843356495794182,0.19293375418745085,False,NS
ILMN_3003807,8.496780720754717,9.172752194871794,-0.6759714741170768,-2.324675859934025,0.023024041751738448,0.19413188660824998,False,NS
ILMN_3003347,8.714655014150939,7.962705207692308,0.7519498064586303,2.326938437277807,0.023097965170899643,0.19442731625336399,False,NS
ILMN_3003480,8.18401904528302,9.004984882051282,-0.8209658367682628,-2.3255962344140273,0.023329823921159454,0.196048940513945,False,NS
ILMN_3004344,8.134113942452831,8.9740928,-0.8399788575471678,-2.3137715600250983,0.023850323333237035,0.200086605144606,False,NS
ILMN_3002342,8.589188856603768,9.311975074358973,-0.7227862177552051,-2.306611136918515,0.02390725525569728,0.20022826847317654,False,NS
ILMN_3003427,8.370484510377358,9.14420142051282,-0.7737169101354624,-2.2998899450581938,0.024217157584396302,0.20248459518726006,False,NS
ILMN_3003119,8.785422533962263,8.10257713076923,0.6828454031930331,2.2939381540592714,0.024259191195334845,0.2024974223316765,False,NS
ILMN_3004234,8.663833041509436,7.975457112820515,0.6883759286889211,2.2887443618646803,0.024447535337450282,0.20372946114541904,False,NS
ILMN_3003248,8.430641648113205,9.149632828205128,-0.7189911800919226,-2.300186161234171,0.024668413196793422,0.2052280632012764,False,NS
ILMN_3004568,8.71860644528302,7.929981802564102,0.7886246427189185,2.298793777096714,0.02490109969552331,0.2064767802282198,False,NS
ILMN_3003085,8.611171880188678,7.872178487179487,0.7389933930091912,2.300717794435151,0.024894821549268625,0.2064767802282198,False,NS
ILMN_3003279,8.433731617924527,9.234387810256408,-0.8006561923318802,-2.297648315300057,0.025123835065770986,0.2079787671007532,False,NS
ILMN_3004734,8.572498432075472,7.907889402564099,0.6646090295113725,2.273569698260242,0.025501188490251084,0.2107536238863726,False,NS
ILMN_3004462,8.51780674622641,9.22535832820513,-0.7075515819787199,-2.2726143778540493,0.02571870314599385,0.21220052100654993,False,NS
ILMN_3002437,8.633393772641513,7.99243335128205,0.6409604213594635,2.262513183953267,0.026009459044075613,0.2142459558820067,False,NS
ILMN_3004561,8.741901920754717,8.067957641025641,0.673944279729076,2.259151797854617,0.026706894936800733,0.21932265372425633,False,NS
ILMN_3004593,8.73244890754717,8.02917774102564,0.7032711665215299,2.2670666634583285,0.02671349922361442,0.21932265372425633,False,NS
ILMN_3004479,8.573433575471695,7.9631441717948706,0.6102894036768243,2.2492802997266566,0.026970587306420588,0.22105210438653963,False,NS
ILMN_3004237,8.476660000000003,7.813232233333335,0.6634277666666675,2.2572025672384575,0.027012567156035144,0.22105210438653963,False,NS
ILMN_3004570,8.8204136245283,8.104931207692307,0.715482416835993,2.261190295993328,0.02713030441107407,0.22165281381596463,False,NS
ILMN_3002532,8.632164881132079,7.895770628205129,0.7363942529269494,2.249974204654073,0.027347632443015992,0.22273933697270712,False,NS
ILMN_3004779,8.762278090566033,8.02044655897436,0.7418315315916733,2.2564199426619904,0.027352390580248437,0.22273933697270712,False,NS
ILMN_3002669,8.709131316981134,8.056574530769232,0.6525567862119015,2.243896117727183,0.027429902053787453,0.2230073337706297,False,NS
ILMN_3003892,8.899979509433958,8.1895190974359,0.7104604119980582,2.2365391256799203,0.028363146348626276,0.23022034373884964,False,NS
ILMN_3000394,7.333257000943398,8.130429189743591,-0.797172188800193,-2.246569445610664,0.028481107216475773,0.23080313789688633,False,NS
ILMN_3004516,8.557734191509434,7.812618400000001,0.7451157915094333,2.2289815786442,0.02892263778326183,0.23366088023261145,False,NS
ILMN_3003478,8.747222691509434,8.102055348717949,0.6451673427914848,2.2208584246813676,0.028927216972797296,0.23366088023261145,False,NS
ILMN_3001421,8.609217891509433,7.895293012820512,0.7139248786889203,2.2314773638711656,0.029247518370937003,0.23586708363658873,False,NS
ILMN_3002572,8.38560569339623,9.089982602564104,-0.7043769091678751,-2.2230285506931278,0.029442776125712153,0.23705938909591104,False,NS
ILMN_3002831,8.25273703773585,8.98350035897436,-0.730763321238511,-2.215410380135319,0.029770124966779346,0.2393096862281298,False,NS
ILMN_3004476,8.758113840566036,8.088832056410258,0.6692817841557783,2.2124899780605616,0.029883064060162355,0.23983197480066096,False,NS
ILMN_3002583,8.691647090566036,7.903362210256412,0.7882848803096243,2.2172484136089796,0.02995643770727592,0.2400355585518904,False,NS
ILMN_3000877,8.666139908490566,7.905890048717949,0.7602498597726166,2.2121402115832827,0.030332447010924104,0.24265957608739283,False,NS
ILMN_3003021,8.364287034905656,9.054695102564102,-0.6904080676584456,-2.206316574956361,0.030651850442486,0.24463736573032266,False,NS
ILMN_3004585,8.73243532830189,8.081531438461537,0.6509038898403521,2.1992055371645276,0.030726453135728523,0.24463736573032266,False,NS
ILMN_3002422,8.023403851886789,8.761092517948718,-0.7376886660619295,-2.203419829275694,0.03071252388323114,0.24463736573032266,False,NS
ILMN_3002374,8.82506490283019,8.146707935897437,0.6783569669327534,2.197168013955238,0.031026425988103883,0.24663295698015805,False,NS
ILMN_3000650,8.646733464150943,7.878760207692309,0.7679732564586335,2.2002883025520728,0.0311179618429717,0.24696795113469602,False,NS
ILMN_3001008,8.758910576415095,8.099481192307692,0.659429384107403,2.1871690106698223,0.03179131283515164,0.2511162151275801,False,NS
ILMN_3002268,8.428493670754714,7.696408192307694,0.7320854784470194,2.1945970735770377,0.0317138530244132,0.2511162151275801,False,NS
ILMN_3003352,8.636048151886792,8.007308617948718,0.6287395339380737,2.1885768068177245,0.03177340838592313,0.2511162151275801,False,NS
ILMN_3000511,8.621125316037737,7.91762737948718,0.7034979365505576,2.1980693361658563,0.03186781572378805,0.2513234678532181,False,NS
ILMN_3003282,8.422026317924528,9.165405774358971,-0.7433794564344431,-2.185457002525207,0.03251246243345854,0.25600364120833496,False,NS
ILMN_3003579,8.568671615094337,7.870871243589742,0.6978003715045942,2.179066456653857,0.03285422035486857,0.2582878958716082,False,NS
ILMN_3002218,8.61676375943396,7.951358707692309,0.6654050517416508,2.17541075213113,0.03298245629746709,0.25888898192674326,False,NS
ILMN_3002676,8.632438472641509,7.938010864102566,0.6944276085389429,2.173578017940406,0.033091862078656484,0.2593406119016966,False,NS
ILMN_3004150,8.370673933018864,9.112652197435896,-0.7419782644170319,-2.169677421290653,0.03334501852876722,0.2609156379402756,False,NS
ILMN_3002006,8.258960880188678,9.009423387179488,-0.7504625069908109,-2.174627817058216,0.03340082517160809,0.2609439466531882,False,NS
ILMN_3004880,8.614824474528305,8.003492538461538,0.6113319360667671,2.156600630343346,0.03391116902450356,0.26419841850036024,False,NS
ILMN_3001662,8.65220770754717,7.959161064102568,0.6930466434446023,2.164541759770189,0.03392307693544625,0.26419841850036024,False,NS
ILMN_3004502,8.9096393,8.308082525641025,0.6015567743589756,2.1561189575323376,0.03430415902722302,0.2667508478011122,False,NS
ILMN_3001719,8.494155615094341,7.810692315384613,0.6834632997097279,2.1595720538865257,0.03436858758683674,0.26683686014624797,False,NS
ILMN_3004134,8.163310966037736,8.898798117948719,-0.7354871519109825,-2.157488798924147,0.034562814664729526,0.26792879585061646,False,NS
ILMN_3002990,8.508421080188675,9.255754715384613,-0.7473336351959379,-2.157744715838613,0.03466199375151339,0.26828168538323055,False,NS
ILMN_3004276,8.253771140566041,8.870825235897435,-0.6170540953313939,-2.142322723032546,0.03529626343917862,0.2727686509982892,False,NS
ILMN_3004122,8.967748133962267,8.248522115384613,0.719226018577654,2.1402045936741128,0.03556021359689295,0.2743843641735567,False,NS
ILMN_3004270,8.130185165094339,8.851426766666668,-0.7212416015723289,-2.1418832078287204,0.035689727577483205,0.2749593804120432,False,NS
ILMN_3003503,8.641923570754718,7.8919524435897435,0.7499711271649749,2.143131793945685,0.0359399975718484,0.27646151978344924,False,NS
ILMN_3003629,8.460942066981131,9.220825366666665,-0.7598832996855336,-2.133859448429854,0.036224571989167995,0.27822251911803375,False,NS
ILMN_3002635,8.347357107547174,8.974157415384617,-0.6268003078374438,-2.128394977100693,0.03634975163619297,0.27868897531084136,False,NS
ILMN_3002017,8.619651433018868,7.976782553846156,0.6428688791727124,2.1279900625155084,0.03639678017559588,0.27868897531084136,False,NS
ILMN_3002417,8.651664830188677,8.007608007692308,0.6440568224963688,2.12939122110264,0.036845145522331035,0.28169071500253084,False,NS
ILMN_3004143,8.662078929245281,7.99525050769231,0.666828421552971,2.1169810156899005,0.037380828313825776,0.2853498344566853,False,NS
ILMN_3001229,8.097964441509436,8.762983446153847,-0.6650190046444102,-2.1166909351020204,0.03748328123224991,0.2856957410994657,False,NS
ILMN_3001342,8.458458892452832,9.110400646153847,-0.6519417537010153,-2.1182672998360355,0.037634022596717824,0.2864080867330124,False,NS
ILMN_3004286,8.323769728301887,7.669470702564103,0.6542990257377834,2.121327110691899,0.0377802252587062,0.28700937980693153,False,NS
ILMN_3003016,8.158354366981133,8.896854074358973,-0.7384997073778408,-2.1209910497596147,0.03782783625855358,0.28700937980693153,False,NS
ILMN_3002146,8.164233705660378,8.826925800000003,-0.6626920943396257,-2.1216816518857082,0.03810655779045523,0.2882726806366626,False,NS
ILMN_3003043,8.175966050943396,8.796750487179485,-0.6207844362360895,-2.1105666109065666,0.03828261198854879,0.2882726806366626,False,NS
ILMN_3003392,8.333368531132074,7.735817751282052,0.5975507798500219,2.1024405413726694,0.03826072760355631,0.2882726806366626,False,NS
ILMN_3004178,8.460406572641514,7.750623502564103,0.7097830700774104,2.110663425956191,0.03823366635732805,0.2882726806366626,False,NS
ILMN_3000450,7.414068572641506,8.114586035897435,-0.7005174632559292,-2.1163481732579017,0.0382708308831553,0.2882726806366626,False,NS
ILMN_3002711,8.627323562264152,8.00146988974359,0.625853672520563,2.1055840489361106,0.03856361418754072,0.2899519863724866,False,NS
ILMN_3004041,8.082626104716985,8.767377594871798,-0.6847514901548131,-2.104929075363692,0.038668685663244454,0.29030544792225565,False,NS
ILMN_3001830,8.4955888009434,7.82180962051282,0.6737791804305804,2.1059771715307836,0.038741854731918296,0.29041870113881785,False,NS
ILMN_3001526,8.273401477358489,9.001843169230767,-0.7284416918722787,-2.108567069784658,0.03886881203948902,0.2909342218524627,False,NS
ILMN_3002483,8.392888171698113,9.024043287179488,-0.6311551154813753,-2.1001675714307084,0.03921012140629788,0.29261284631565576,False,NS
ILMN_3001077,8.696215453773586,8.016903246153847,0.6793122076197395,2.1066233378715076,0.0391753310438605,0.29261284631565576,False,NS
ILMN_3001216,8.777149581132077,8.118662269230768,0.6584873119013093,2.0844617341348743,0.040277462391400294,0.3001301221415819,False,NS
ILMN_3001881,8.339245493396227,8.894025712820513,-0.5547802194242859,-2.0784768641328757,0.04081925405294632,0.30371468789394584,False,NS
ILMN_3001028,8.573898401886794,7.920812461538462,0.6530859403483316,2.077255286323995,0.041154537945989465,0.3057543680979901,False,NS
ILMN_3002586,8.50420902641509,7.881569194871797,0.6226398315432933,2.0764552591506815,0.04136343232159512,0.306850388142397,False,NS
ILMN_3002680,8.646258038679244,7.93674274871795,0.7095152899612946,2.076562170105405,0.04174270329361874,0.30874780542617414,False,NS
ILMN_3002917,8.404553912264149,9.040993835897435,-0.6364399236332865,-2.065148698243858,0.041719293571248546,0.30874780542617414,False,NS
ILMN_3000841,8.298369483962263,8.925436564102561,-0.6270670801402982,-2.0702597626241097,0.04200287482769134,0.3102132557436584,False,NS
ILMN_3001690,8.250843052830191,8.959481343589744,-0.7086382907595521,-2.0694913020998227,0.04221135161608677,0.3112931535109644,False,NS
ILMN_3004893,8.774567886792454,8.113199002564102,0.6613688842283523,2.065389437722276,0.042328663370897975,0.31169855206846814,False,NS
ILMN_3000911,8.182555936792454,8.761786576923075,-0.5792306401306213,-2.061267134456626,0.04251956249609788,0.3118033414719967,False,NS
ILMN_3001109,8.69193673018868,9.26197397948718,-0.5700372492985011,-2.059053476245466,0.042633415993886994,0.3118033414719967,False,NS
ILMN_3003492,8.46496140188679,7.864563097435899,0.6003983044508905,2.0668784484567837,0.042579683166900084,0.3118033414719967,False,NS
ILMN_3004939,9.000698544339626,8.305012012820514,0.6956865315191116,2.0701138394462677,0.04256150964590185,0.3118033414719967,False,NS
ILMN_3000462,6.997453386792453,7.658453076923079,-0.6609996901306259,-2.067813283348937,0.042654697113369146,0.3118033414719967,False,NS
ILMN_3004289,8.431034590566037,9.054521976923077,-0.6234873863570396,-2.061598874595393,0.04274923891285094,0.3120382402397879,False,NS
ILMN_3004495,8.369439992452822,9.020540879487177,-0.6511008870343549,-2.0678989231938663,0.042862210956482884,0.3124067853971056,False,NS
ILMN_3000770,8.805956212264151,8.19035273846154,0.6156034738026115,2.0593407145508196,0.042926026976951,0.31241649910444685,False,NS
ILMN_3002133,8.35170849245283,7.726544369230771,0.6251641232220599,2.0536865007539133,0.04331274141562293,0.3147728300553992,False,NS
ILMN_3001892,8.664646323584906,7.926322292307693,0.7383240312772132,2.0596998763331964,0.043687271921252394,0.3170339036375355,False,NS
ILMN_3002061,8.33025631698113,9.084460169230768,-0.7542038522496384,-2.0584633697332255,0.043880927529099,0.31797773571810867,False,NS
ILMN_3004744,8.831012962264152,8.18024171025641,0.6507712520077416,2.054441509921163,0.04396193355199042,0.3181037160057194,False,NS
ILMN_3003344,8.640797371698113,7.95937350769231,0.6814238640058035,2.054459105493441,0.04407099602594917,0.3184320522106154,False,NS
ILMN_3000881,8.71992630471698,8.083924192307691,0.6360021124092885,2.044656520405852,0.044306022699605756,0.31966827344592896,False,NS
ILMN_3002681,8.839241154716985,8.149674856410257,0.6895662983067279,2.0457438169372733,0.04439403117124042,0.3198417231357379,False,NS
ILMN_3002334,8.487092452830183,9.160097730769229,-0.6730052779390459,-2.048366745249827,0.04467254726931506,0.32138523215334575,False,NS
ILMN_3003562,8.519129168867925,7.837162430769231,0.6819667380986942,2.047178950412661,0.04492418188757639,0.32273119172109477,False,NS
ILMN_3004974,8.25160120283019,8.957025628205129,-0.7054244253749378,-2.043517944977119,0.04509390645821514,0.323485699126364,False,NS
ILMN_3000678,8.489779333962268,9.18813817179487,-0.6983588378326022,-2.036859297154731,0.04579844151361046,0.3280690652837426,False,NS
ILMN_3004536,8.9091336990566,8.26812187179487,0.64101182726173,2.03423527374064,0.046091249712822385,0.3296942039543804,False,NS
ILMN_3004166,8.284380084905662,8.907349638461538,-0.6229695535558761,-2.0287403202193057,0.04619395333283422,0.3299568095202444,False,NS
ILMN_3000733,8.526540249056602,9.214725643589743,-0.6881853945331411,-2.0301119168900748,0.04635985811098522,0.3300468846356496,False,NS
ILMN_3001819,8.351399813207548,9.003632282051282,-0.6522324688437333,-2.0289038865989424,0.046450781771079974,0.3300468846356496,False,NS
ILMN_3004069,8.57172431509434,7.94356034102564,0.6281639740686993,2.0257741328533103,0.04647060135669946,0.3300468846356496,False,NS
ILMN_3003293,8.738458386792454,9.375483489743589,-0.6370251029511351,-2.0308310128318983,0.04634374822231419,0.3300468846356496,False,NS
ILMN_3004024,8.568756221698111,7.865333069230769,0.7034231524673418,2.0271069207798647,0.04680665992113494,0.3319621271002478,False,NS
ILMN_3001241,8.78333979056604,8.082531217948716,0.7008085726173245,2.018395471924581,0.04755448677126875,0.3360464568779059,False,NS
ILMN_3002068,8.391234578301892,8.982008735897434,-0.5907741575955416,-2.0130923239028378,0.047584178293911476,0.3360464568779059,False,NS
ILMN_3003623,8.51619531981132,7.94105752051282,0.5751377992985001,2.010310700988288,0.04747600020318021,0.3360464568779059,False,NS
ILMN_3004342,8.452260325471697,7.759468458974359,0.6927918664973376,2.016469358293799,0.047819023874610005,0.3372286592003526,False,NS
ILMN_3001922,8.857348829245277,8.280962374358971,0.5763864548863058,2.0090226389676187,0.04802019430950591,0.33817038246130926,False,NS
ILMN_3003339,8.667338994339625,8.00501127948718,0.6623277148524451,2.0103012001589184,0.04836613047226114,0.3401274998049307,False,NS
ILMN_3003710,8.719204714150944,8.100506017948717,0.6186986962022267,1.9980603610772607,0.04884402783578362,0.34300581345353665,False,NS
ILMN_3002819,8.343204095283017,9.046285441025642,-0.7030813457426248,-2.001134752846131,0.04947053832100388,0.346918221044908,False,NS
ILMN_3003797,8.574783903773588,8.007110876923077,0.5676730268505104,1.9954187781907566,0.04964115261542948,0.3476271191556686,False,NS
ILMN_3003765,8.351933235849057,8.989829248717948,-0.6378960128688913,-1.9956932125306466,0.05003123702808419,0.3495787793019461,False,NS
ILMN_3001875,8.222517613207552,8.92764027179487,-0.7051226585873174,-2.0017380335725643,0.050129596951899065,0.3495787793019461,False,NS
ILMN_3001585,8.632459513207548,7.889299689743589,0.7431598234639596,1.997627288047001,0.05011323439914181,0.3495787793019461,False,NS
ILMN_3004810,8.683716478301884,8.073708792307695,0.610007685994189,1.984660195122254,0.05064185162175155,0.35265913385620856,False,NS
ILMN_3001407,8.776152593396228,8.169042412820515,0.6071101805757131,1.9848473280588388,0.05073359681770083,0.3528066538087679,False,NS
ILMN_3003172,8.422347183962264,9.089249433333338,-0.6669022493710735,-1.988508563922813,0.05105578065962953,0.3545540323585384,False,NS
ILMN_3002641,8.16153008773585,8.887783476923078,-0.726253389187228,-1.9866855923536548,0.051690796321896805,0.35846599391051875,False,NS
ILMN_3002868,8.773744866981131,8.14711843333333,0.6266264336478002,1.971060557320314,0.05232439193213515,0.3623572848485814,False,NS
ILMN_3004504,8.160417155660378,8.772386348717948,-0.6119691930575701,-1.9689678518614353,0.052750513076930454,0.36446993969592884,False,NS
ILMN_3000726,8.469073955660377,9.176972756410256,-0.707898800749879,-1.9720373697800935,0.052993929231788056,0.36446993969592884,False,NS
ILMN_3002033,8.288725295283019,8.956221705128204,-0.6674964098451852,-1.9681564274507177,0.052943913819828915,0.36446993969592884,False,NS
ILMN_3002936,8.183620063207549,8.836643084615385,-0.6530230214078365,-1.9735820180043826,0.05298813819995075,0.36446993969592884,False,NS
ILMN_3004652,8.385746721698112,9.06719357692308,-0.6814468552249675,-1.9757017737447065,0.05289793298677095,0.36446993969592884,False,NS
ILMN_3004223,8.477803135849058,9.125641294871794,-0.6478381590227364,-1.9716651596959947,0.05319822196751662,0.3653724036230537,False,NS
ILMN_3003397,8.56361476981132,9.188925648717948,-0.6253108789066282,-1.964719091239018,0.05330857894340448,0.36562811346642304,False,NS
ILMN_3003359,8.26432656509434,8.848884741025639,-0.5845581759312992,-1.9635784387328337,0.05362626075384268,0.3669798994067883,False,NS
ILMN_3001665,8.083425825471702,8.626605064102561,-0.5431792386308594,-1.956586492306556,0.05365246129327245,0.3669798994067883,False,NS
ILMN_3002169,8.741471802830189,8.08426635128205,0.6572054515481387,1.9610823749043211,0.053830858978599225,0.3676971241707597,False,NS
ILMN_3000515,8.794686906603774,8.140027299999998,0.6546596066037758,1.9618456094163432,0.054092740763581185,0.3681757407954153,False,NS
ILMN_3002360,8.51852221320755,9.090464615384613,-0.5719424021770632,-1.952221042270103,0.05410577415942859,0.3681757407954153,False,NS
ILMN_3001727,8.576449631132075,7.981020607692308,0.5954290234397668,1.9582755896122424,0.05412183389692605,0.3681757407954153,False,NS
ILMN_3003775,8.82758199245283,8.270719156410255,0.5568628360425745,1.949381530000587,0.054429638109943904,0.36976656324690155,False,NS
ILMN_3001820,8.54462973301887,9.153928433333334,-0.609298700314465,-1.9530733643925253,0.05482296654664126,0.3719332872906463,False,NS
ILMN_3004470,8.597759772641508,8.060485387179485,0.5372743854620232,1.9471946716438007,0.05514629309517008,0.37261008848087895,False,NS
ILMN_3003791,8.796917251886796,8.159291174358973,0.6376260775278233,1.947013128108257,0.05500177124064858,0.37261008848087895,False,NS
ILMN_3004759,8.506162843396227,9.078044369230772,-0.5718815258345451,-1.9507794681165527,0.05507265264384894,0.37261008848087895,False,NS
ILMN_3001838,8.392960566037738,9.091073302564102,-0.6981127365263635,-1.9519165420410722,0.05530156157844916,0.37285982802663503,False,NS
ILMN_3001240,8.584023318867919,7.931129202564103,0.6528941163038162,1.9492659423183467,0.05533239847915264,0.37285982802663503,False,NS
ILMN_3002969,8.18741298962264,8.87918235897436,-0.6917693693517197,-1.951813354573299,0.05555404005481164,0.37384952930559645,False,NS
ILMN_3004074,8.57219550849057,7.914383653846152,0.6578118546444172,1.9506879954377825,0.05563574357603128,0.37389612618300594,False,NS
ILMN_3004210,8.245390699999998,8.926196369230771,-0.6808056692307733,-1.9486959722496895,0.05595751305932475,0.3755537789216426,False,NS
ILMN_3000806,8.72510714245283,8.029274625641026,0.6958325168118034,1.9440482649962003,0.056344827864195535,0.3776462993578789,False,NS
ILMN_3000695,8.51752498207547,7.789331176923077,0.7281938051523928,1.943802739032962,0.056648664978320426,0.37883729932049853,False,NS
ILMN_3001001,8.340760550943397,8.97436654358974,-0.6336059926463431,-1.9409772120851947,0.05674982743821068,0.37883729932049853,False,NS
ILMN_3002263,8.782736601886793,8.17465067179487,0.6080859300919226,1.935828716070179,0.0567258439968996,0.37883729932049853,False,NS
ILMN_3004552,8.562928211320758,7.901363292307692,0.6615649190130659,1.9365259167043631,0.05693881804649663,0.3795921203099775,False,NS
ILMN_3000992,8.510863547169812,9.157828325641027,-0.6469647784712151,-1.9342719364277852,0.057397612901867866,0.38214123103773545,False,NS
ILMN_3000925,8.350561367924527,9.04303104871795,-0.6924696807934225,-1.9366398944465009,0.05753318769594351,0.38253449265919887,False,NS
ILMN_3003058,8.604305316037735,9.349518641025643,-0.7452133249879083,-1.9329341140831404,0.05800879835862796,0.3851845840546345,False,NS
ILMN_3003429,8.731367699056605,8.175371400000001,0.5559962990566039,1.9167196283415153,0.05843141770981653,0.3874762447600566,False,NS
ILMN_3003672,8.428994428301884,9.032671284615386,-0.603676856313502,-1.919476974915466,0.05865040765656264,0.38841329573882544,False,NS
ILMN_3004160,8.402909916037737,9.084575525641023,-0.6816656096032858,-1.9264154572334502,0.058922229837991745,0.38918249562742235,False,NS
ILMN_3002299,8.378191918867921,9.00540367948718,-0.6272117606192591,-1.9198429227343814,0.05885031419778471,0.38918249562742235,False,NS
ILMN_3002628,8.357100827358488,9.008697905128205,-0.6515970777697166,-1.917480486052824,0.059166448446295435,0.38925295030457524,False,NS
ILMN_3003239,8.670484491509436,8.097951223076924,0.5725332684325117,1.916220046058498,0.05912049018805971,0.38925295030457524,False,NS
ILMN_3002075,8.237974238679246,8.860693510256409,-0.6227192715771626,-1.9170013148751905,0.05905642180233197,0.38925295030457524,False,NS
ILMN_3001537,8.64613755566038,8.14066405897436,0.5054734966860188,1.9098552398559527,0.059438418395421966,0.3905283731630878,False,NS
ILMN_3001913,8.70369601509434,8.112120530769234,0.5915754843251069,1.9120573224110105,0.059527220902471596,0.3905985623521758,False,NS
ILMN_3004925,8.185604151886789,8.872539156410257,-0.6869350045234679,-1.9179508675169676,0.0598520811876309,0.3922154730513165,False,NS
ILMN_3002368,8.338926255660377,8.959591117948719,-0.6206648622883417,-1.9120728500034396,0.06017703705170928,0.39331396765823057,False,NS
ILMN_3002239,8.696294298113212,8.066152207692308,0.6301420904209039,1.9117803297407858,0.060126070623276316,0.39331396765823057,False,NS
ILMN_3002289,8.322849946226414,7.728809312820513,0.5940406334059016,1.9064568453028,0.0607165420282032,0.39632207590210966,False,NS
ILMN_3004912,8.49430832924528,9.023293315384615,-0.528984986139335,-1.9014854313895542,0.061103966408268214,0.39833094138375624,False,NS
ILMN_3004960,8.550184947169813,7.875429492307694,0.6747554548621189,1.9066395080836507,0.06121675244700063,0.39854656541016037,False,NS
ILMN_3002267,8.60741325,8.004862387179486,0.6025508628205145,1.8989913689933067,0.061493373396520175,0.39982687513992315,False,NS
ILMN_3003464,8.15799855471698,8.766537033333334,-0.608538478616353,-1.9007718725291616,0.06183479680616958,0.40100387033832413,False,NS
ILMN_3000175,10.021119538679244,9.332402820512819,0.6887167181664253,1.9019110437095528,0.061812176910744206,0.40100387033832413,False,NS
ILMN_3001986,8.545213743396225,7.962702805128204,0.5825109382680207,1.8959626000241732,0.061942502585090306,0.4011820115614657,False,NS
ILMN_3002199,8.53018073018868,7.939189741025642,0.5909909891630392,1.8974855121732883,0.062237713986870516,0.40257253549075367,False,NS
ILMN_3001076,8.379710960377357,8.950463853846152,-0.5707528934687947,-1.8882830047714774,0.06239401211087411,0.4030620937394968,False,NS
ILMN_3002934,8.940089841509437,8.330742276923079,0.6093475645863577,1.8884644826595833,0.06287828005424527,0.40566632293061466,False,NS
ILMN_3004283,8.166446662264152,8.79270944102564,-0.6262627787614878,-1.8901433768560219,0.06305878717762405,0.4063066184125261,False,NS
ILMN_3002605,8.46058213018868,7.866905753846152,0.5936763763425281,1.8866390023254498,0.06323479463364763,0.40639328170724703,False,NS
ILMN_3004656,8.94160595188679,8.354945074358978,0.5866608775278124,1.8862851862754721,0.06322244931326565,0.40639328170724703,False,NS
ILMN_3001279,8.830390252830185,8.26629748717949,0.5640927656506953,1.8809514023462928,0.06360273007945139,0.4073345643575763,False,NS
ILMN_3004184,8.493858997169811,9.119077956410255,-0.6252189592404438,-1.8804503823061074,0.06400502406645404,0.4073345643575763,False,NS
ILMN_3004328,8.405936779245282,7.874281576923076,0.5316552023222059,1.8774420307472284,0.06399750178992719,0.4073345643575763,False,NS
ILMN_3002531,8.270071816037737,8.934238356410255,-0.6641665403725181,-1.8843894368997207,0.06400393033675124,0.4073345643575763,False,NS
ILMN_3004015,8.824467524528306,8.259238015384614,0.5652295091436912,1.8813912304878138,0.06399284580561466,0.4073345643575763,False,NS
ILMN_3003697,8.703229424528303,8.10468628717949,0.5985431373488126,1.8809690657008584,0.064032993517011,0.4073345643575763,False,NS
ILMN_3003414,8.267707638679244,8.91307553076923,-0.6453678920899861,-1.885659704410055,0.06350800835293738,0.4073345643575763,False,NS
ILMN_3002598,8.696237904716984,8.129786938461539,0.5664509662554451,1.880441883194324,0.06379880543375088,0.4073345643575763,False,NS
ILMN_3003206,8.703967442452829,8.086727276923076,0.6172401655297524,1.8814012415764854,0.06433957175212189,0.40876475064880485,False,NS
ILMN_3002512,8.502247100943398,9.08284596923077,-0.5805988682873711,-1.8721869381945262,0.0648130925401935,0.41125058718396895,False,NS
ILMN_3004829,8.601234954716977,7.971116699999998,0.6301182547169795,1.875644470055747,0.06500296794778125,0.4119326232432272,False,NS
ILMN_3004374,8.174289474528301,8.785045171794874,-0.6107556972665726,-1.8742068378494159,0.06512497974554501,0.41218341611104437,False,NS
ILMN_3002316,8.256750441509435,8.851161974358977,-0.5944115328495414,-1.8694455855286354,0.06537045837425433,0.41321402259326373,False,NS
ILMN_3004331,8.604897450000001,8.093838707692308,0.5110587423076929,1.8633590635212138,0.06586135092100678,0.4140143075271741,False,NS
ILMN_3004736,8.309135872641512,8.87058372820513,-0.5614478555636175,-1.8708352676709126,0.0656713736699445,0.4140143075271741,False,NS
ILMN_3002712,8.65668440660377,8.109293897435899,0.5473905091678706,1.8664631341889784,0.06588684140083045,0.4140143075271741,False,NS
ILMN_3001730,8.034648196226415,8.642904933333332,-0.6082567371069167,-1.8655047808999896,0.06591107775832612,0.4140143075271741,False,NS
ILMN_3000761,8.454909534905658,7.8308042153846165,0.6241053195210418,1.8685532114374015,0.06575154533752722,0.4140143075271741,False,NS
ILMN_3001429,8.38491765188679,9.019813912820515,-0.6348962609337256,-1.871250512745928,0.06605077184496477,0.4143712160913725,False,NS
ILMN_3003556,8.189224567924532,8.7840260974359,-0.5948015295113684,-1.867470055478395,0.06614239619231443,0.4144260413052283,False,NS
ILMN_3004405,8.44144425471698,7.891485528205128,0.5499587265118526,1.8619434455996133,0.0664797567969829,0.4144623241707164,False,NS
ILMN_3001518,8.347467749056605,9.006622423076925,-0.6591546740203196,-1.8685753211887557,0.0663866641691615,0.4144623241707164,False,NS
ILMN_3002552,8.422068891509435,9.112959953846156,-0.6908910623367213,-1.8706701847463585,0.06643108661143413,0.4144623241707164,False,NS
ILMN_3001861,8.838898403773584,8.24144842820513,0.5974499755684537,1.8635987365358184,0.06647306165597529,0.4144623241707164,False,NS
ILMN_3004235,8.478256183962264,9.081509066666667,-0.6032528827044032,-1.860423830182999,0.06656282095132136,0.41446339322117914,False,NS
ILMN_3001226,8.686328728301891,8.163651476923079,0.5226772513788127,1.8559517745365697,0.06711624493529897,0.41738958293096373,False,NS
ILMN_3004530,8.31987519245283,8.919511956410258,-0.5996367639574274,-1.8515654198461102,0.06791919196111679,0.42160762576194555,False,NS
ILMN_3001027,8.736492202830188,8.15157184871795,0.5849203541122385,1.8533435223901797,0.06796314927282562,0.42160762576194555,False,NS
ILMN_3004151,8.64851053773585,8.034729310256413,0.6137812274794374,1.8550529579920028,0.06811286583162106,0.4220127994524229,False,NS
ILMN_3004910,8.783043797169812,8.239110376923076,0.5439334202467361,1.8478147824498667,0.06866291698580033,0.42436907902225174,False,NS
ILMN_3003631,8.342517403773583,8.974116843589744,-0.6315994398161617,-1.852477714918803,0.06859999212959396,0.42436907902225174,False,NS
ILMN_3001410,8.832286549056603,8.360353084615387,0.4719334644412161,1.837295404525112,0.06937448473598608,0.4277095236497292,False,NS
ILMN_3003338,8.327665617924529,8.986228476923076,-0.6585628589985468,-1.849710746195354,0.06933346986355944,0.4277095236497292,False,NS
ILMN_3004494,8.89002358490566,8.418248512820513,0.4717750720851459,1.8339029552597874,0.06948761805137608,0.42787942149862124,False,NS
ILMN_3004138,8.477141850943399,7.956645543589746,0.5204963073536533,1.8406388326353806,0.0696584770179124,0.4284039176993383,False,NS
ILMN_3004277,8.102536769811321,8.763547492307694,-0.661010722496373,-1.8447995211576378,0.06985967906647303,0.42888742843110844,False,NS
ILMN_3001693,8.501467157547168,7.851494987179488,0.64997217036768,1.8386026715546824,0.0699944283199569,0.42888742843110844,False,NS
ILMN_3000928,8.334577326415095,9.031282825641027,-0.6967054992259314,-1.8481488769269514,0.06990984830450112,0.42888742843110844,False,NS
ILMN_3003906,8.700812219811318,8.20089531025641,0.49991690955490853,1.8351645380795687,0.07012475725937421,0.42916008114672105,False,NS
ILMN_3004786,8.207403846226415,8.877145135897434,-0.6697412896710198,-1.8426821617177767,0.07032177554266925,0.42983970380604675,False,NS
ILMN_3004631,8.683888189622643,8.204199035897435,0.47968915372520726,1.8273259448160297,0.07064415521859398,0.4312829988925151,False,NS
ILMN_3003970,8.517639376415095,9.204209512820514,-0.6865701364054182,-1.8407023030001866,0.07097041708473506,0.43221934887171165,False,NS
ILMN_3001836,8.59647843301887,8.002944692307695,0.5935337407111749,1.8338541445620353,0.07095381585107807,0.43221934887171165,False,NS
ILMN_3002860,8.60934915754717,8.013872251282052,0.5954769062651177,1.8328790063175748,0.07132383963638401,0.433843306790657,False,NS
ILMN_3002788,8.83034965754717,8.211283487179486,0.6190661703676845,1.8301373734897493,0.07181662148797002,0.4360404081764496,False,NS
ILMN_3004905,8.494143794339625,9.268712897435899,-0.7745691030962742,-1.8343634389447954,0.0718594592674789,0.4360404081764496,False,NS
ILMN_3003828,8.42134698018868,8.99496713076923,-0.5736201505805489,-1.8263603363824756,0.072448385626275,0.43732306247027913,False,NS
ILMN_3001736,8.755260673584909,8.166607884615384,0.5886527889695241,1.8237144508350849,0.0723175959521069,0.43732306247027913,False,NS
ILMN_3002584,8.709498987735849,8.17498445897436,0.5345145287614894,1.8219006649149097,0.07250816375757228,0.43732306247027913,False,NS
ILMN_3004897,8.220370018867925,8.803902594871795,-0.5835325760038703,-1.8252871425162756,0.07238604472980309,0.43732306247027913,False,NS
ILMN_3001151,8.959690522641514,8.442373974358974,0.5173165482825404,1.8171527116068673,0.07221641505331584,0.43732306247027913,False,NS
ILMN_3000962,8.509930458490569,9.186833697435894,-0.6769032389453251,-1.8245688476998496,0.07269140317808069,0.43745570987237126,False,NS
ILMN_3001471,8.543864794339623,8.016905307692307,0.526959486647316,1.8236287350385636,0.07279263012276257,0.43745570987237126,False,NS
ILMN_3001445,8.465306269811318,7.900533912820513,0.5647723569908054,1.8224001403450905,0.07278908381785963,0.43745570987237126,False,NS
ILMN_3001856,8.355923976415093,8.94838527948718,-0.5924613030720867,-1.8201332812349857,0.07307433734188638,0.43862147264037443,False,NS
ILMN_3004901,8.862839024528302,8.281380664102567,0.5814583604257351,1.8184400210413008,0.07322233189384458,0.4389828051189723,False,NS
ILMN_3003046,8.952902886792451,8.366105800000001,0.5867970867924495,1.8109215244630485,0.07390539700572783,0.4421912763703899,False,NS
ILMN_3003318,8.267983836792451,8.874433294871794,-0.6064494580793429,-1.8121123460795547,0.07400650514414199,0.4421912763703899,False,NS
ILMN_3002468,8.606344583018869,8.04848074871795,0.5578638343009192,1.811682174486654,0.07402281966440327,0.4421912763703899,False,NS
ILMN_3004244,8.076305503773586,8.729361305128206,-0.6530558013546202,-1.8176068946402684,0.0742064596208923,0.44275930561391585,False,NS
ILMN_3002672,8.561279356603775,7.979311005128206,0.5819683514755685,1.8123532153488402,0.07444783133924114,0.4436700318190771,False,NS
ILMN_3003978,8.311774123584904,8.956138389743591,-0.6443642661586875,-1.8080211681521856,0.07489981908909248,0.4453021348935344,False,NS
ILMN_3002886,7.983584510377361,8.565124856410257,-0.5815403460328961,-1.8114771633549216,0.07485986277166695,0.4453021348935344,False,NS
ILMN_3003764,8.415035964150944,8.986565507692308,-0.5715295435413648,-1.8084572280524165,0.07510468297931325,0.4459898039151618,False,NS
ILMN_3002303,8.638312950943394,8.047398943589746,0.5909140073536481,1.808743329037605,0.07530676480391715,0.44665934047400446,False,NS
ILMN_3002152,8.447971967924529,7.866644058974359,0.5813279089501702,1.8002727114855488,0.0755948086771044,0.44677782906090074,False,NS
ILMN_3002388,8.257182770754714,8.867264071794871,-0.6100813010401573,-1.8042574218743033,0.07553494303475704,0.44677782906090074,False,NS
ILMN_3001806,8.562552283018867,8.11221207179487,0.45034021122399714,1.798575259766873,0.07547697683392417,0.44677782906090074,False,NS
ILMN_3002890,8.398721866981134,8.965122566666667,-0.5664006996855324,-1.8015707906887914,0.07574090922528268,0.4471128053440536,False,NS
ILMN_3000724,8.481136663207549,9.036842984615387,-0.5557063214078379,-1.796622509793137,0.07588642598454927,0.4474435494372009,False,NS
ILMN_3002415,8.229105493396228,8.824185707692308,-0.5950802142960807,-1.7986595447362206,0.07632757729005578,0.4495145894585146,False,NS
ILMN_3003071,8.849230934905659,8.303564448717951,0.5456664861877076,1.795107874497145,0.07682594106904317,0.4508872722980635,False,NS
ILMN_3001184,8.223772926415096,8.827949010256411,-0.604176083841315,-1.7978385603656903,0.07683119119959002,0.4508872722980635,False,NS
ILMN_3002367,8.625990763207545,8.000977141025643,0.6250136221819016,1.7984024811838941,0.07674549945372014,0.4508872722980635,False,NS
ILMN_3002166,8.242229132075472,8.855786682051283,-0.6135575499758108,-1.7959720447684726,0.077270625878597,0.4529345010468757,False,NS
ILMN_3003815,8.747460514150948,9.418307456410256,-0.670846942259308,-1.792918684004518,0.07771246158291975,0.45492872159862535,False,NS
ILMN_3002503,8.401079299056603,9.014097207692306,-0.6130179086357028,-1.7939487491665687,0.07779281139336494,0.45492872159862535,False,NS
ILMN_3003680,8.893246511320754,8.325354620512822,0.5678918908079318,1.7854855922917978,0.07821004676290873,0.4568343852973641,False,NS
ILMN_3002039,8.309946366981134,8.873955687179487,-0.5640093201983536,-1.7883238236084658,0.07840660495268886,0.45744810357461413,False,NS
ILMN_3001975,8.276499727358486,8.81075844102564,-0.534258713667155,-1.7821021051992598,0.0785222796928479,0.45745579843962003,False,NS
ILMN_3004803,8.31155371792453,8.817965566666667,-0.5064118487421361,-1.7834108751480378,0.078655981282923,0.45745579843962003,False,NS
ILMN_3000778,8.740899930188677,8.164483276923075,0.5764166532656017,1.786016695059695,0.07868239733161464,0.45745579843962003,False,NS
ILMN_3001893,8.62485555566038,7.975811115384613,0.6490444402757669,1.7866840494138374,0.07897435686140261,0.45755710811936623,False,NS
ILMN_3004219,8.773575329245284,8.252006312820516,0.5215690164247686,1.7797771253790127,0.07896710517202939,0.45755710811936623,False,NS
ILMN_3004726,8.468153592452829,9.147900697435896,-0.6797471049830666,-1.7918699221689316,0.07883921726098975,0.45755710811936623,False,NS
ILMN_3004917,8.26381953679245,8.89185956923077,-0.6280400324383191,-1.784282340518727,0.07918425250012782,0.4580223961960957,False,NS
ILMN_3003854,8.529294951886795,7.93699353846154,0.5923014134252549,1.7821826576110118,0.07923787454192455,0.4580223961960957,False,NS
ILMN_3000557,8.767190493396225,8.130027966666669,0.637162526729556,1.778326573563464,0.07995461490499318,0.4616317257794064,False,NS
ILMN_3002999,8.735145572641512,8.16423997179487,0.5709056008466415,1.77430866273203,0.08011781167452467,0.4620404364159439,False,NS
ILMN_3001206,8.558494300000001,7.9680911589743575,0.5904031410256438,1.77508419395196,0.08030389697795971,0.4625800517163578,False,NS
ILMN_3001774,8.44016777169811,8.949914274358974,-0.5097465026608639,-1.7672884083959244,0.08081380316230008,0.46444714461092,False,NS
ILMN_3004660,8.21372140754717,8.755436182051282,-0.5417147745041113,-1.7747637656699018,0.08077730065341865,0.46444714461092,False,NS
ILMN_3002909,8.127376033018866,8.760180184615384,-0.6328041515965186,-1.7734766069129861,0.08105171986464965,0.4652796777534423,False,NS
ILMN_3003169,8.76908916226415,8.186301074358976,0.5827880879051737,1.7706621090507524,0.0812632660283271,0.4654253495322285,False,NS
ILMN_3004004,8.375543594339623,8.989285358974358,-0.6137417646347352,-1.771286566825118,0.08122046222506872,0.4654253495322285,False,NS
ILMN_3001748,8.683690243396226,8.157365143589743,0.526325099806483,1.7643351613207212,0.0814941776497716,0.46621383094835006,False,NS
ILMN_3003274,8.204503282075471,8.81427283846154,-0.6097695563860679,-1.7634841810585666,0.08161796088724524,0.4663883479271157,False,NS
ILMN_3003608,8.417264682075475,9.02521074615385,-0.6079460640783747,-1.762447967250822,0.08252483282390972,0.47103215082140254,False,NS
ILMN_3002022,8.717865336792455,8.142089105128203,0.5757762316642516,1.7639961259960841,0.08264553019467809,0.47118318240979523,False,NS
ILMN_3000982,8.632240603773582,8.05868723076923,0.5735533730043514,1.7591983211846678,0.08274470916119764,0.47121132779725305,False,NS
ILMN_3003065,8.800105688679244,8.272569246153845,0.527536442525399,1.7564443072784202,0.08338369002242303,0.4743099546212914,False,NS
ILMN_3002021,8.232386314150947,8.843828441025645,-0.6114421268746977,-1.7595483122867146,0.0835966239399451,0.4744416795683604,False,NS
ILMN_3002612,8.7214261,8.211485858974358,0.5099402410256424,1.748293843173045,0.08357900468016559,0.4744416795683604,False,NS
ILMN_3003995,8.348425401886796,8.887614292307692,-0.5391888904208955,-1.750952946204958,0.08381750237780541,0.4746177937588075,False,NS
ILMN_3003895,8.287869798113208,8.877697489743593,-0.5898276916303846,-1.7575232836009511,0.08374841801345397,0.4746177937588075,False,NS
ILMN_3004310,8.632020345283017,8.026935923076923,0.6050844222060938,1.7566666002740279,0.08401604107793297,0.475203852250752,False,NS
ILMN_3004994,8.48651186226415,9.124038976923078,-0.6375271146589281,-1.7545870374748993,0.08437165183048288,0.4766759990422762,False,NS
ILMN_3003451,8.431006769811322,9.019114674358972,-0.58810790454765,-1.7510634114797088,0.08469061280317994,0.4768615585764636,False,NS
ILMN_3002124,8.260373166037734,8.785177712820513,-0.5248045467827787,-1.7491028249569165,0.08451861179280669,0.4768615585764636,False,NS
ILMN_3003692,8.710328269811324,8.109818023076924,0.6005102467343999,1.750027280441265,0.08467946188550694,0.4768615585764636,False,NS
ILMN_3000950,8.597667579245282,8.066926151282052,0.5307414279632301,1.7420698694299939,0.08486182949402493,0.47728812988765423,False,NS
ILMN_3004797,8.381210628301886,8.998191576923078,-0.6169809486211921,-1.7447746563663296,0.0858160030228323,0.4810314070786563,False,NS
ILMN_3004358,8.585826083018867,9.102331735897435,-0.5165056528785676,-1.7418071561400048,0.0857272192629436,0.4810314070786563,False,NS
ILMN_3002203,8.568116741509433,8.02015832307692,0.547958418432513,1.7418358432839345,0.08572092796565497,0.4810314070786563,False,NS
ILMN_3000789,9.035052061320755,8.522605343589746,0.5124467177310095,1.7345579913096714,0.08654141290199042,0.48455438354977837,False,NS
ILMN_3004802,8.666288695283018,8.098412015384614,0.5678766798984043,1.7359289071327633,0.08704374326576397,0.48644829465849004,False,NS
ILMN_3001723,8.123653653773587,8.712466969230766,-0.5888133154571786,-1.7390818484179744,0.08717153440280141,0.48644829465849004,False,NS
ILMN_3004557,8.464383557547174,9.003003474358977,-0.5386199168118022,-1.7371652486736542,0.08716380563991462,0.48644829465849004,False,NS
ILMN_3000855,8.69742673962264,8.140780174358976,0.5566465652636641,1.7329355211973916,0.08745568330633298,0.48748987350241346,False,NS
ILMN_3003102,8.666073952830187,8.200213097435896,0.46586085539429156,1.727159614749538,0.08762634410155082,0.487712451492209,False,NS
ILMN_3002356,8.702179778301886,8.123991658974358,0.5781881193275282,1.7315670590360612,0.08769069877829917,0.487712451492209,False,NS
ILMN_3001972,8.022459365094342,8.582871805128203,-0.5604124400338613,-1.7354783653457118,0.08784775170886992,0.48804306504927736,False,NS
ILMN_3004512,8.556571465094342,7.9870296307692294,0.5695418343251122,1.7284151721828882,0.08807121531015143,0.48874148340816553,False,NS
ILMN_3004132,8.425505930188681,8.954462017948718,-0.5289560877600366,-1.7270039415323923,0.08829712716592403,0.48945192442308216,False,NS
ILMN_3001591,8.561736660377361,9.147979928205128,-0.5862432678277667,-1.730536805865083,0.0886735149900623,0.49045085724591986,False,NS
ILMN_3002410,8.361161983018869,7.839919515384615,0.521242467634254,1.724810191228734,0.08861397415514297,0.49045085724591986,False,NS
ILMN_3001318,8.88176500188679,8.301562933333337,0.5802020685534544,1.7266153915052198,0.0887982954568299,0.4905983174410492,False,NS
ILMN_3003171,8.200121181132078,8.805914887179489,-0.605793706047411,-1.7234063603793968,0.08933690439403791,0.49302927369778093,False,NS
ILMN_3001566,8.858159906603778,8.243139115384615,0.6150207912191625,1.7211127999083942,0.0894638801666965,0.493127448903379,False,NS
ILMN_3002689,8.552785633962264,9.200953602564102,-0.6481679686018378,-1.7254959866349595,0.08955194472085364,0.493127448903379,False,NS
ILMN_3000864,8.686202069811323,8.157526566666666,0.5286755031446564,1.7180573350824015,0.08996190001578457,0.49483993408022314,False,NS
ILMN_3003795,8.721592900000003,8.176813279487178,0.5447796205128252,1.7175897116567138,0.09012128020770709,0.49517186927311585,False,NS
ILMN_3004969,8.32078138207547,8.859157397435897,-0.5383760153604271,-1.71902845619116,0.09045193754175235,0.4960571987710932,False,NS
ILMN_3002979,8.287409057547169,8.795307679487179,-0.5078986219400097,-1.7163334307427522,0.0904808330558474,0.4960571987710932,False,NS
ILMN_3000596,8.38940505188679,8.977119038461542,-0.5877139865747516,-1.712218136606444,0.09108026343986189,0.4979837687523236,False,NS
ILMN_3004932,8.843944734905659,9.394644125641026,-0.5506993907353674,-1.7129004297944472,0.09112096644780739,0.4979837687523236,False,NS
ILMN_3001912,8.712480105660383,8.177207246153845,0.5352728595065379,1.7121364740499794,0.09113102968167522,0.4979837687523236,False,NS
ILMN_3004611,8.582156631132076,8.059478748717948,0.5226778824141274,1.7106963802945752,0.09124671045167607,0.49807156360085186,False,NS
ILMN_3001623,8.256284923584904,8.779127653846155,-0.5228427302612513,-1.7131421159013125,0.09162368934296926,0.49945312717962775,False,NS
ILMN_3003632,8.43565528207547,9.010031264102563,-0.5743759820270942,-1.7095371298414468,0.09201335605734406,0.49945312717962775,False,NS
ILMN_3002163,8.574488768867926,7.919034310256407,0.6554544586115192,1.713833582918038,0.09215001005596803,0.49945312717962775,False,NS
ILMN_3002332,8.44822620660377,9.078125197435899,-0.6298989908321282,-1.7095366959491027,0.09219904727735928,0.49945312717962775,False,NS
ILMN_3003518,8.175366196226411,8.658024812820514,-0.4826586165941027,-1.7043766907306295,0.09209642036585716,0.49945312717962775,False,NS
ILMN_3003214,8.698998384905662,8.190452143589743,0.5085462413159192,1.7061498689681673,0.09213302380913234,0.49945312717962775,False,NS
ILMN_3003643,8.47799791981132,8.988853702564104,-0.5108557827527829,-1.7041065057500497,0.09215077595862256,0.49945312717962775,False,NS
ILMN_3001195,9.001545213207548,8.441382315384613,0.5601628978229343,1.7050952061342621,0.09234887321158217,0.49969121032170677,False,NS
ILMN_3001569,8.547285577358492,8.055938233333332,0.49134734402515967,1.6973105232254104,0.09244287390951575,0.49969121032170677,False,NS
ILMN_3001979,8.523921434905656,8.003895876923078,0.5200255579825779,1.7039865903804603,0.09330041788492979,0.5037819540222991,False,NS
ILMN_3004909,8.842845917924532,8.342910692307692,0.4999352256168397,1.7029745464585808,0.0934536945198282,0.5040652347347799,False,NS
ILMN_3003323,8.606684338679244,9.194533112820514,-0.5878487741412695,-1.701302698459187,0.0937980258098309,0.5053579384688788,False,NS
ILMN_3001134,8.778704175471697,8.153518189743588,0.625185985728109,1.7007631234332485,0.09400688593157851,0.5053579384688788,False,NS
ILMN_3002848,8.330853518867926,8.898694002564103,-0.5678404836961768,-1.7002055455649359,0.09406194913497731,0.5053579384688788,False,NS
ILMN_3002774,8.172964117924526,8.668463476923076,-0.4954993589985506,-1.6973557629743388,0.09409764814290522,0.5053579384688788,False,NS
ILMN_3001202,8.39938997924528,8.942258043589744,-0.5428680643444643,-1.6959539203606138,0.09431761740973013,0.5054534695055206,False,NS
ILMN_3004249,8.678344223584906,9.221297992307692,-0.5429537687227857,-1.6970087131759943,0.09431487765524638,0.5054534695055206,False,NS
ILMN_3001004,8.877586705660384,8.294911400000002,0.5826753056603824,1.6989626511598355,0.09450822907333976,0.5059327038187353,False,NS
ILMN_3001924,8.465544143396226,8.984076925641027,-0.5185327822448009,-1.6909168625427353,0.09490536928460365,0.507515343767934,False,NS
ILMN_3001121,8.392020362264152,8.900944264102565,-0.5089239018384131,-1.691969411318656,0.09511392196494706,0.5080871899836915,False,NS
ILMN_3002081,8.474942727358494,9.038437407692308,-0.5634946803338146,-1.6889049324429957,0.09549755838539102,0.5086874892296726,False,NS
ILMN_3001155,8.820193483962264,9.351452748717946,-0.5312592647556826,-1.6933217758255705,0.09534203258745774,0.5086874892296726,False,NS
ILMN_3004044,8.444577367924525,9.022457766666669,-0.5778803987421437,-1.6909884719154844,0.09563324797517844,0.5086874892296726,False,NS
ILMN_3001063,8.821486866981132,8.254508023076923,0.5669788439042094,1.6926313391856727,0.0955520759590834,0.5086874892296726,False,NS
ILMN_3001600,8.220322865094342,8.863588251282048,-0.6432653861877053,-1.6922611564149554,0.09609625879288052,0.510607113670991,False,NS
ILMN_3004972,8.534761524528303,7.9883402205128204,0.5464213040154826,1.6884969587106489,0.09635339479540664,0.5114299086805023,False,NS
ILMN_3004572,8.603452600943394,8.10311315897436,0.5003394419690341,1.6808645407223715,0.09674934950710058,0.5129870069305439,False,NS
ILMN_3004038,8.57159638962264,7.945181389743589,0.6264149998790502,1.6851549564234236,0.09691841213845442,0.5133390473435087,False,NS
ILMN_3002578,8.670845080188679,8.082394815384614,0.5884502648040648,1.6811156375823504,0.09732815655159355,0.5147455330096249,False,NS
ILMN_3003980,8.36861528301887,8.890701425641025,-0.5220861426221539,-1.6793810579293698,0.09738985484542102,0.5147455330096249,False,NS
ILMN_3004784,8.175685017924529,8.775180866666664,-0.5994958487421354,-1.678636517571733,0.09773432928830456,0.5157265103157251,False,NS
ILMN_3004761,8.600693446226416,8.039402474358974,0.5612909718674413,1.678105914290728,0.09778174635586148,0.5157265103157251,False,NS
ILMN_3001446,8.313836451886797,8.829569792307694,-0.5157333404208977,-1.6774296377659208,0.09808127734911506,0.5161875821269662,False,NS
ILMN_3004968,8.378849152830188,9.022344589743588,-0.6434954369133994,-1.6774284187832316,0.09817887812054898,0.5161875821269662,False,NS
ILMN_3004622,8.684126259433963,8.18179985128205,0.5023264081519141,1.6709939970826497,0.09800336407832068,0.5161875821269662,False,NS
ILMN_3004227,8.821853461320755,8.225698023076923,0.5961554382438319,1.6753549945931483,0.09854362051295915,0.5170179460281172,False,NS
ILMN_3002609,8.58489205849056,8.008780092307694,0.5761119661828662,1.6751383931022419,0.0984934903347819,0.5170179460281172,False,NS
ILMN_3000613,8.649272788679244,9.235381628205129,-0.5861088395258847,-1.6738112662142692,0.09927255411641314,0.5170311591076868,False,NS
ILMN_3001958,8.33507898396227,8.936063741025642,-0.6009847570633724,-1.6729420231172327,0.09945876525091255,0.5170311591076868,False,NS
ILMN_3004678,8.507818356603776,7.992236082051284,0.5155822745524921,1.6733694482340435,0.09885050932126788,0.5170311591076868,False,NS
ILMN_3000945,8.63078558962264,8.03397441794872,0.5968111716739202,1.6717064063098392,0.0995901173318358,0.5170311591076868,False,NS
ILMN_3004295,8.337814500943395,8.782795035897436,-0.4449805349540412,-1.6655895669295566,0.09924804829612943,0.5170311591076868,False,NS
ILMN_3002640,8.671682043396222,8.109121169230768,0.5625608741654542,1.672141414385535,0.0992276075576383,0.5170311591076868,False,NS
ILMN_3003305,8.324820250943397,8.913358897435895,-0.5885386464924984,-1.6690137849089317,0.09950554111477168,0.5170311591076868,False,NS
ILMN_3000717,8.246688975471697,8.79830635897436,-0.5516173835026628,-1.6697890077881783,0.09930256871167124,0.5170311591076868,False,NS
ILMN_3003817,8.573007550943395,8.097125207692306,0.47588234325108836,1.6670483014843238,0.09943128863419469,0.5170311591076868,False,NS
ILMN_3000595,8.369123891509437,8.953897128205124,-0.5847732366956873,-1.6683939920811524,0.09968360747596201,0.5170311591076868,False,NS
ILMN_3004944,8.638739266981132,8.127035628205126,0.5117036387760052,1.6716365624359995,0.09910940523903572,0.5170311591076868,False,NS
ILMN_3003660,8.310131046226417,8.848620312820511,-0.5384892665940946,-1.6647401128905568,0.10021343824018389,0.5192406126434398,False,NS
ILMN_3003195,8.958035744339625,8.415359602564104,0.5426761417755213,1.662813598720803,0.10073476841655246,0.5197872467314368,False,NS
ILMN_3002551,8.490022838679241,9.021253825641027,-0.531230986961786,-1.661857648602847,0.10044590369016328,0.5197872467314368,False,NS
ILMN_3003859,8.376595550000003,8.808276815384612,-0.4316812653846096,-1.658388530331189,0.10071547673120178,0.5197872467314368,False,NS
ILMN_3000528,8.553427456603774,8.131460810256414,0.4219666463473608,1.6586203645900666,0.10057917045585946,0.5197872467314368,False,NS
ILMN_3004735,8.581638260377357,8.033283071794873,0.5483551885824838,1.6628828847869177,0.10087156163485012,0.5199565032724233,False,NS
ILMN_3001777,8.510398108490566,7.966477341025641,0.5439207674649253,1.6576018707948688,0.10194358722526985,0.5244011688542688,False,NS
ILMN_3003656,8.656011393396229,8.14672237948718,0.5092890139090489,1.6580664809193637,0.10185796680125928,0.5244011688542688,False,NS
ILMN_3003383,8.475709433962258,7.9911902923076905,0.4845191416545678,1.6510355938422978,0.10280063972623622,0.5279684065222222,False,NS
ILMN_3002778,8.539844307547172,9.039154323076923,-0.4993100155297512,-1.6502879124865097,0.1032129848503388,0.5279684065222222,False,NS
ILMN_3001612,8.597670506603775,8.097932505128203,0.49973800147557235,1.6519753512931006,0.10314051195389612,0.5279684065222222,False,NS
ILMN_3002668,8.350436992452833,8.876849423076925,-0.5264124306240916,-1.6516424602808832,0.10299130601428196,0.5279684065222222,False,NS
ILMN_3001097,8.871399712264148,8.317101302564105,0.5542984097000438,1.6502674327627775,0.10327062031574666,0.5279684065222222,False,NS
ILMN_3003070,8.306794591509432,8.850428176923076,-0.5436335854136445,-1.6518476707409102,0.10314863988877337,0.5279684065222222,False,NS
ILMN_3000974,8.69534638584906,8.177039951282051,0.518306434567009,1.6463882902960436,0.10382105708372039,0.5302403323989805,False,NS
ILMN_3002763,8.123566464150946,8.685357735897435,-0.5617912717464897,-1.6477589063469482,0.10430593085543896,0.5310892609747402,False,NS
ILMN_3001894,8.966563431132075,8.396723264102567,0.5698401670295077,1.6469004630166608,0.10424387672852388,0.5310892609747402,False,NS
ILMN_3001650,8.755757997169809,9.306360428205124,-0.5506024310353155,-1.647138855143606,0.10422206621390838,0.5310892609747402,False,NS
ILMN_3002775,8.825710468867925,8.282413987179488,0.5432964816884365,1.6449377049389677,0.10484224617599097,0.5311157354406838,False,NS
ILMN_3004828,8.470275009433966,7.943618682051281,0.5266563273826845,1.6452776104638458,0.10481282345163491,0.5311157354406838,False,NS
ILMN_3002208,8.443940400943397,8.979433351282049,-0.5354929503386519,-1.6450108945329787,0.10443280137873845,0.5311157354406838,False,NS
ILMN_3003187,8.277411453773583,8.920308753846154,-0.6428973000725708,-1.6482225233432413,0.10475341033062113,0.5311157354406838,False,NS
ILMN_3001172,8.832313844339623,8.384329105128206,0.44798473921141735,1.63841820446085,0.10467570871117038,0.5311157354406838,False,NS
ILMN_3001801,8.472858318867925,9.024399138461536,-0.5515408195936118,-1.6412498890975273,0.10511222099487166,0.5314065773249326,False,NS
ILMN_3001822,8.12949103962264,8.686956187179485,-0.5574651475568455,-1.6463044192648704,0.105065323602428,0.5314065773249326,False,NS
ILMN_3003466,8.42141191226415,8.992061797435898,-0.5706498851717487,-1.6396985611798924,0.10584611495667189,0.5335428408064186,False,NS
ILMN_3003402,8.94717253962264,8.394160428205128,0.5530121114175124,1.6403128837424175,0.10566165574472759,0.5335428408064186,False,NS
ILMN_3002215,8.412329200943395,8.912567287179485,-0.5002380862360898,-1.635765915570369,0.10585489961599344,0.5335428408064186,False,NS
ILMN_3000551,8.380432399056607,8.9179826,-0.537550200943393,-1.6380222542331282,0.10605817646287188,0.5340290859157698,False,NS
ILMN_3003034,8.49705845283019,7.8680902461538444,0.6289682066763458,1.6365203713263234,0.1064618073098462,0.5355221695666308,False,NS
ILMN_3003062,8.202754818867923,8.692068364102564,-0.48931354523464066,-1.6338501090099615,0.10713136451161145,0.5383485653849821,False,NS
ILMN_3004094,8.684399490566038,8.112570902564103,0.5718285880019351,1.6336326317780134,0.10735837892145306,0.53894768534866,False,NS
ILMN_3002494,8.209101306603772,8.735445638461538,-0.5263443318577661,-1.6298875498662995,0.10753260739754782,0.539280879626619,False,NS
ILMN_3003813,8.312368378301887,8.764766166666668,-0.45239778836478095,-1.6245139342244448,0.10804835150256893,0.5413244063254956,False,NS
ILMN_3002591,8.54769591037736,9.04034418974359,-0.49264827936623057,-1.6233289422005905,0.1089239357887313,0.5446196789436565,False,NS
ILMN_3003638,8.515270268867921,8.030499633333333,0.48477063553458777,1.6235060701510935,0.10891704742198947,0.5446196789436565,False,NS
ILMN_3002904,8.680066383962266,8.143236046153845,0.5368303378084214,1.6250019950617085,0.10944018176114122,0.5466542545511549,False,NS
CPT2,7.351771536792454,7.952268576923081,-0.6004970401306267,-1.6257237651338017,0.10977250485349643,0.5477669902869083,False,NS
ILMN_3002125,8.633479470754715,8.1677923,0.46568717075471433,1.616418102631938,0.10999318361416173,0.5480747756855368,False,NS
ILMN_3000908,8.38629025754717,8.904751553846154,-0.5184612962989839,-1.6172941172663062,0.11005341495765578,0.5480747756855368,False,NS
ILMN_3003182,8.435492865094341,9.026668851282048,-0.5911759861877073,-1.6182363880325938,0.11089661526808424,0.5517244540700708,False,NS
ILMN_3003303,8.790121173584904,8.27420928974359,0.5159118838413139,1.6122927859440237,0.11122680104841116,0.552817102626298,False,NS
ILMN_3002506,8.417342695283018,8.96855973076923,-0.5512170354862125,-1.6139112922995593,0.11138156005772488,0.5530365444772835,False,NS
ILMN_3003041,8.101225477358488,8.667854464102563,-0.5666289867440746,-1.6081484731568847,0.112532499420756,0.5574452849263388,False,NS
ILMN_3003072,8.779686262264146,8.19013466923077,0.5895515930333755,1.6085774971689102,0.11271543661210572,0.5574452849263388,False,NS
ILMN_3004213,8.746106849056604,8.184005266666668,0.5621015823899356,1.6093161200663197,0.11263641626148112,0.5574452849263388,False,NS
ILMN_3004347,8.740752983018867,8.237606597435898,0.5031463855829692,1.6083686653906162,0.11244439655934954,0.5574452849263388,False,NS
ILMN_3002365,8.20365318773585,8.824091994871795,-0.6204388071359457,-1.6109928394780297,0.11300823960188817,0.5583411047524119,False,NS
ILMN_3002971,8.545898162264148,8.041594015384618,0.5043041468795302,1.6018439942626232,0.11319613455937941,0.5583646162931117,False,NS
ILMN_3004287,8.574966952830186,9.092285200000005,-0.5173182471698183,-1.6028110049874797,0.11323634418424307,0.5583646162931117,False,NS
ILMN_3001287,8.551946688679243,9.113858946153849,-0.5619122574746065,-1.6035948144048968,0.1136646436220153,0.5599243528178093,False,NS
ILMN_3002730,8.4022652990566,8.841321051282051,-0.43905575222545146,-1.5986003493627816,0.11388465473450714,0.5604559780241494,False,NS
ILMN_3002719,8.595526833962264,8.06659765128205,0.5289291826802138,1.6024174289877435,0.11405425244911782,0.560738704272949,False,NS
ILMN_3002475,8.75408010943396,8.17612816923077,0.5779519402031905,1.6017189974501536,0.1141666184619867,0.5607397763358875,False,NS
ILMN_3004102,8.42548681037736,8.968063289743588,-0.5425764793662289,-1.5997871932585257,0.11460192085589509,0.5622538702917742,False,NS
ILMN_3002511,8.262970325471697,8.859371997435899,-0.5964016719642018,-1.6025630406603957,0.11469978953952194,0.5622538702917742,False,NS
ILMN_3004931,8.24647816415094,8.776161141025645,-0.5296829768747049,-1.5975112891884402,0.11552079912583449,0.5657237959149584,False,NS
ILMN_3004752,8.591583918867926,7.98752622051282,0.6040576983551054,1.5975366324355902,0.1157602185526332,0.5663415780461507,False,NS
ILMN_3002040,8.772243476415092,8.181345635897438,0.5908978405176537,1.5935080344102943,0.11605464144986212,0.5672269865584658,False,NS
ILMN_3004456,8.716598564150939,8.219055515384614,0.4975430487663246,1.5917820671532046,0.11622438764590147,0.5675018928022533,False,NS
ILMN_3001030,8.712617757547168,8.173058787179487,0.5395589703676809,1.5891859809018531,0.11670006226635714,0.5691449581551847,False,NS
ILMN_3003917,8.52338281415094,8.043305415384616,0.4800773987663245,1.5887406068691157,0.1167885454134439,0.5691449581551847,False,NS
ILMN_3004801,8.815726020754717,8.37887163333333,0.43685438742138594,1.5857859690521532,0.11691826787700668,0.5692223363048037,False,NS
ILMN_3004057,8.40411886320755,9.091515135897437,-0.6873962726898863,-1.588660606708354,0.11754645691044328,0.5711684009253803,False,NS
ILMN_3004426,8.619889330188677,9.13395948205128,-0.5140701518626027,-1.5844258745472488,0.11746737458413617,0.5711684009253803,False,NS
ILMN_3004826,8.281368579245282,8.833313966666669,-0.5519453874213873,-1.584046628202628,0.11805440266098466,0.572490755790839,False,NS
ILMN_3001194,8.594060264150938,8.106636569230767,0.4874236949201709,1.580772995389681,0.11816209199522917,0.572490755790839,False,NS
ILMN_3001200,8.62119019056604,8.107408056410259,0.5137821341557807,1.5816021277519536,0.11805084904607217,0.572490755790839,False,NS
ILMN_3002054,8.653718039622643,9.255620225641024,-0.601902186018382,-1.5852740025344394,0.11842849971953896,0.5732260393007694,False,NS
ILMN_3001438,8.308405262264154,8.759045815384617,-0.45064055312046314,-1.574646955804155,0.11898130721078201,0.5736803626363646,False,NS
ILMN_3003966,9.004259799056603,8.462964058974357,0.541295740082246,1.583918982584169,0.11877577339867994,0.5736803626363646,False,NS
ILMN_3003236,8.671077321698112,8.12023262820513,0.5508446934929818,1.5804450263468526,0.11891421303067132,0.5736803626363646,False,NS
ILMN_3001191,8.336733004716981,8.844006756410257,-0.5072737516932762,-1.5787045607605175,0.11892898707517977,0.5736803626363646,False,NS
ILMN_3003614,8.504436124528304,7.980696776923078,0.5237393476052263,1.5795102327847257,0.11917422957609075,0.5737034780100349,False,NS
ILMN_3003202,8.83015848584906,8.312003541025637,0.5181549448234222,1.5767363187145313,0.11921558273048526,0.5737034780100349,False,NS
ILMN_3002357,8.531655901886793,7.974585305128205,0.5570705967585887,1.5771356607238953,0.11956395469087613,0.5740771515830849,False,NS
ILMN_3003367,8.856291013207548,8.349427258974359,0.5068637542331889,1.5755810393219811,0.11942540345295666,0.5740771515830849,False,NS
ILMN_3003009,8.394004118867931,8.898410774358975,-0.504406655491044,-1.5768792553392115,0.11975249382023152,0.5740771515830849,False,NS
ILMN_3004281,8.39086111792453,7.920904820512819,0.4699562974117111,1.574160932637635,0.11968683361050558,0.5740771515830849,False,NS
ILMN_3002724,8.868812706603775,8.373551961538464,0.4952607450653108,1.5708011843586807,0.12003355076099499,0.5748733273994012,False,NS
ILMN_3002102,8.780635733962256,8.288832023076925,0.4918037108853319,1.5727067107536952,0.12028622927156371,0.5749819754854862,False,NS
ILMN_3003855,8.632362990566035,8.142148120512818,0.49021487005321696,1.5698279996746454,0.12027703364382629,0.5749819754854862,False,NS
ILMN_3001453,8.414742073584913,8.889841671794873,-0.47509959820995995,-1.5709289890573905,0.12041436311225653,0.5750447140031353,False,NS
ILMN_3001859,8.208744460377362,8.687064776923076,-0.47832031654571416,-1.5713054057062172,0.12069064572853468,0.5758141494681998,False,NS
ILMN_3002242,8.446881878301886,8.935564153846153,-0.48868227554426724,-1.567695736022576,0.12096150281567832,0.5763513081010024,False,NS
ILMN_3000600,8.563079618867924,8.055262071794873,0.507817547073051,1.571842599846836,0.12112792737160845,0.5763513081010024,False,NS
ILMN_3000884,8.322677349056605,7.821061625641027,0.5016157234155774,1.5684205055438283,0.1211490449628307,0.5763513081010024,False,NS
ILMN_3001832,8.28790311698113,8.881005143589743,-0.5931020266086122,-1.5716825966276484,0.12168619318546467,0.578356431489851,False,NS
ILMN_3004052,8.33811434245283,8.920422176923077,-0.5823078344702477,-1.5678983296464786,0.12210839849492447,0.5787127890754714,False,NS
ILMN_3001457,8.359314881132077,8.910355097435897,-0.5510402163038197,-1.5672341993375933,0.12202474703239434,0.5787127890754714,False,NS
ILMN_3003736,8.586486972641508,8.17047443333333,0.41601253930817705,1.5634466419228679,0.12190318899880496,0.5787127890754714,False,NS
ILMN_3002806,8.385314494339621,7.890752869230769,0.4945616251088518,1.5648404372537423,0.12255047885238145,0.579161053177606,False,NS
ILMN_3003364,8.572119184905661,9.021035866666669,-0.4489166817610073,-1.5611926520750294,0.12237981566595568,0.579161053177606,False,NS
ILMN_3003896,8.50965133018868,8.012018538461543,0.4976327917271366,1.5651423917847604,0.12247291394972468,0.579161053177606,False,NS
ILMN_3000440,7.290387399999998,7.802253810256411,-0.5118664102564123,-1.561569904925239,0.12319424929398126,0.5793325519812518,False,NS
ILMN_3002460,8.581873497169813,8.064372684615384,0.5175008125544291,1.562789004351032,0.12298877352552774,0.5793325519812518,False,NS
ILMN_3001556,8.575201255660378,8.13693915128205,0.43826210437832813,1.5564191444656894,0.12312703805404579,0.5793325519812518,False,NS
ILMN_3003027,8.42892426698113,8.938098687179489,-0.5091744201983577,-1.5622047572700406,0.12314467835109004,0.5793325519812518,False,NS
ILMN_3004305,8.267712158490562,8.818542897435897,-0.5508307389453346,-1.5614575722173698,0.12290410136170653,0.5793325519812518,False,NS
ILMN_3001090,8.12896959433962,8.559575276923077,-0.43060568258345633,-1.557586583648479,0.12342661023556503,0.5793325519812518,False,NS
ILMN_3003610,8.824329923584905,8.342542271794873,0.48178765179003236,1.557396946565312,0.12351370008240288,0.5793325519812518,False,NS
ILMN_3001354,8.383412711320755,8.926203294871796,-0.5427905835510405,-1.5617340691390396,0.12350798261255712,0.5793325519812518,False,NS
ILMN_3000631,8.528286623584906,8.036014953846156,0.49227166973875036,1.5604552394819566,0.1236566543652175,0.5794594862475047,False,NS
ILMN_3003634,8.49966766981132,8.990573597435896,-0.49090592762457597,-1.5534244439835003,0.12465145332595864,0.5824904095824895,False,NS
ILMN_3002485,8.335939970754715,8.84943673846154,-0.5134967677068243,-1.557690426589235,0.12459376411337081,0.5824904095824895,False,NS
ILMN_3003748,8.349613671698114,8.889534751282051,-0.5399210795839373,-1.5544337292460515,0.12465294765065277,0.5824904095824895,False,NS
ILMN_3004030,8.665824574528298,8.20258057692308,0.4632439976052183,1.548589537468843,0.12488395716875743,0.5830250101249179,False,NS
ILMN_3004337,8.693946208490566,8.207555094871797,0.48639111361876886,1.5502792066376592,0.12531029008335465,0.5844696365828108,False,NS
ILMN_3001956,8.678829555660377,8.223450833333333,0.455378722327044,1.5459465390383116,0.12589255119937995,0.5863008823630974,False,NS
ILMN_3001414,8.529543877358492,8.042600753846154,0.48694312351233826,1.5487162383641737,0.12593742953159331,0.5863008823630974,False,NS
ILMN_3002744,8.618663688679241,9.12206177948718,-0.5033980908079378,-1.5470369966791055,0.12611642335834689,0.5865352943103,False,NS
ILMN_3001790,8.352201676415095,8.865054694871793,-0.5128530184566973,-1.549573102032712,0.12622239533557658,0.5865352943103,False,NS
ILMN_3002667,8.616580443396222,8.158683653846152,0.4578967895500696,1.5414665109710932,0.12729953531201366,0.5877171528717159,False,NS
ILMN_3001141,8.696280100943401,8.194950169230768,0.5013299317126325,1.5456997960255667,0.12699914593738232,0.5877171528717159,False,NS
ILMN_3003830,8.416701779245281,8.932545646153844,-0.515843866908563,-1.54542642555917,0.12689911209140817,0.5877171528717159,False,NS
ILMN_3003471,8.341469656603772,8.835462189743586,-0.4939925331398136,-1.5429317386156713,0.12691098517492827,0.5877171528717159,False,NS
ILMN_3002623,8.388552521698115,8.835552333333334,-0.4469998116352194,-1.5431986673525948,0.12698815634105023,0.5877171528717159,False,NS
ILMN_3000576,8.767836381132076,8.264372320512823,0.5034640606192529,1.5436110800958056,0.12722250586460207,0.5877171528717159,False,NS
ILMN_3004637,8.610578005660377,8.120585146153847,0.4899928595065308,1.5427248837627452,0.12719088056161054,0.5877171528717159,False,NS
ILMN_3000578,8.40562593584906,8.87558849230769,-0.46996255645863094,-1.5370105146056057,0.12865991363156823,0.5900334500747927,False,NS
ILMN_3004993,8.210560335849058,8.702710446153848,-0.49215011030478983,-1.5383809423423345,0.12883795836837483,0.5900334500747927,False,NS
ILMN_3001019,8.609446259433964,9.167687176923076,-0.5582409174891119,-1.5384080657845336,0.12940605055440313,0.5900334500747927,False,NS
ILMN_3002768,8.545225463207542,8.034949269230768,0.5102761939767735,1.5377547707899688,0.12901831123058413,0.5900334500747927,False,NS
ILMN_3002507,8.664837681132074,8.138477825641026,0.526359855491048,1.5386610834927477,0.1290303318450049,0.5900334500747927,False,NS
ILMN_3004665,8.313610357547173,8.902304864102566,-0.5886945065553935,-1.5375674924770288,0.12961510000747364,0.5900334500747927,False,NS
ILMN_3001105,8.76359593584906,8.252620066666667,0.510975869182392,1.5324643918909793,0.12946806858314355,0.5900334500747927,False,NS
ILMN_3001660,8.453369859433964,7.933615128205127,0.5197547312288373,1.5340568918031527,0.12933061465132725,0.5900334500747927,False,NS
ILMN_3002326,8.242574112264151,8.69563901282051,-0.4530649005563596,-1.535263155296064,0.12853315740571863,0.5900334500747927,False,NS
ILMN_3001288,8.66558607264151,8.163169279487176,0.5024167931543335,1.5401127863233206,0.12812262547389056,0.5900334500747927,False,NS
ILMN_3001283,8.56047804528302,8.03582833846154,0.5246497068214797,1.5355399880910312,0.12968935232643944,0.5900334500747927,False,NS
ILMN_3002881,8.829792933018867,8.394732135897437,0.4350607971214302,1.539371663661997,0.12808323568537155,0.5900334500747927,False,NS
ILMN_3002875,8.693788885849063,8.253155917948716,0.44063296790034734,1.5324983574570803,0.12944372835462065,0.5900334500747927,False,NS
ILMN_3003987,8.63317243490566,8.218645810256412,0.4145266246492483,1.533802917845485,0.12915439958030545,0.5900334500747927,False,NS
ILMN_3004063,8.537304999056602,8.005927017948718,0.5313779811078838,1.537809205506629,0.12911654054807925,0.5900334500747927,False,NS
ILMN_3002176,8.676321316037734,8.176053394871794,0.5002679211659409,1.5403255361094563,0.12835547316511262,0.5900334500747927,False,NS
ILMN_3001668,8.518483176415096,8.003757933333333,0.514725243081763,1.531793482720067,0.13002729890032305,0.5906523647761681,False,NS
ILMN_3004412,8.262180566037737,8.765746894871794,-0.5035663288340579,-1.5314898083415323,0.13006165072371223,0.5906523647761681,False,NS
ILMN_3003422,8.111161064150947,8.564324094871795,-0.45316303072084807,-1.5289124986293658,0.1306082699369368,0.5922361708714805,False,NS
ILMN_3002351,8.714708031132073,9.226559674358972,-0.5118516432268994,-1.531411850044002,0.1306472992942486,0.5922361708714805,False,NS
ILMN_3003858,8.397572904716982,8.902376661538462,-0.5048037568214792,-1.5290420781145289,0.13102311821383195,0.5928647882978821,False,NS
ILMN_3001917,8.503942719811322,8.007393087179489,0.49654963263183305,1.5303021067075824,0.1309187273900945,0.5928647882978821,False,NS
ILMN_3000790,8.731373361320754,8.20771196923077,0.5236613920899842,1.5285460913601474,0.13116454410822656,0.592968101755093,False,NS
ILMN_3002338,8.491422440566039,9.063512766666665,-0.5720903261006267,-1.5277037518992715,0.13190861834032808,0.5942525187390347,False,NS
ILMN_3003507,8.194729240566033,8.768672607692308,-0.5739433671262741,-1.5276905895782822,0.1317786398991023,0.5942525187390347,False,NS
ILMN_3004148,8.716372411320751,8.189543194871797,0.5268292164489541,1.5285471446434875,0.13159178909130606,0.5942525187390347,False,NS
ILMN_3000571,8.013552946226413,8.514889935897434,-0.5013369896710209,-1.5241567036306027,0.13192405916006572,0.5942525187390347,False,NS
ILMN_3000553,8.859854391509437,8.297939292307692,0.5619150992017445,1.5230709682740338,0.1324435826355757,0.5956833809821717,False,NS
ILMN_3002685,8.814444438679244,8.379870451282054,0.4345739873971901,1.5210476484190947,0.13253508708043374,0.5956833809821717,False,NS
ILMN_3003052,8.188535633962264,8.718341238461537,-0.5298056044992734,-1.5241379273922622,0.1325991206066314,0.5956833809821717,False,NS
ILMN_3004155,8.754129711320752,8.225251823076922,0.5288778882438301,1.5204033591147106,0.1328791741881694,0.5964056292108143,False,NS
ILMN_3004776,8.75514839056604,9.276705182051284,-0.5215567914852439,-1.519261321825204,0.13334372653651402,0.5978769439406337,False,NS
ILMN_3004683,8.386489866981135,7.887714502564104,0.49877536441703096,1.51639253383916,0.133615031387886,0.5978769439406337,False,NS
ILMN_3003885,8.826936854716982,8.403929212820511,0.42300764189647033,1.5138131264428158,0.13376943684188633,0.5978769439406337,False,NS
ILMN_3002443,8.66306575,8.253444458974363,0.40962129102563694,1.5153411883555508,0.13392443544270197,0.5978769439406337,False,NS
ILMN_3003443,8.778916756603772,8.322482507692307,0.45643424891146545,1.5159353419901282,0.13353597278608698,0.5978769439406337,False,NS
ILMN_3001599,8.4768168,8.035126769230772,0.4416900307692284,1.5149633177257371,0.13384744691863731,0.5978769439406337,False,NS
ILMN_3000696,8.665916027358492,9.177547720512822,-0.5116316931543299,-1.5167320968486009,0.13410239704966845,0.5981373641822857,False,NS
ILMN_3002926,8.763832995283014,8.239949351282052,0.5238836440009624,1.5130414734530575,0.13479385290060705,0.5996167833656897,False,NS
ILMN_3000930,8.38545227264151,8.884239607692306,-0.4987873350507961,-1.5141072962945674,0.1347661092067237,0.5996167833656897,False,NS
ILMN_3004361,8.781122568867925,9.333102066666667,-0.551979497798742,-1.5154059986264423,0.13469240399170881,0.5996167833656897,False,NS
ILMN_3001639,8.822602256603771,8.338999974358975,0.48360228224479584,1.508165424924558,0.1358042589653358,0.6025061762522126,False,NS
ILMN_3002802,8.274013284905662,8.757146107692305,-0.4831328227866436,-1.508683220037654,0.13585631667539125,0.6025061762522126,False,NS
ILMN_3004686,8.284214008490569,8.801595392307693,-0.5173813838171242,-1.513451462872995,0.13566822064799314,0.6025061762522126,False,NS
ILMN_3001271,8.516451726415097,8.030388428205129,0.4860632982099684,1.5077546207579953,0.13592539336249915,0.6025061762522126,False,NS
ILMN_3002346,8.39905154433962,8.851397884615384,-0.4523463402757635,-1.5043455943510735,0.13646380976148947,0.6038221670862366,False,NS
ILMN_3001064,8.631245492452834,8.15213121025641,0.4791142821964236,1.5061606461801467,0.13644663565810342,0.6038221670862366,False,NS
ILMN_3002434,8.781467346226416,8.24992162051282,0.5315457257135954,1.5086638641868302,0.13675300491750747,0.6045667768236405,False,NS
ILMN_3003513,8.633252184905658,8.1644770974359,0.4687750874697567,1.5008927701324881,0.1374364126107267,0.6054467515891044,False,NS
ILMN_3004408,8.563034832075468,8.004117482051281,0.5589173500241866,1.5034600024609706,0.13740529920866534,0.6054467515891044,False,NS
ILMN_3003996,8.659428133018867,8.169277553846154,0.4901505791727132,1.5037494832281184,0.1371211021840342,0.6054467515891044,False,NS
ILMN_3002729,8.528396456603774,8.101649023076924,0.42674743352685063,1.4989538662595068,0.13734145601127845,0.6054467515891044,False,NS
ILMN_3004577,8.80456154528302,8.338089515384615,0.4664720298984051,1.5005401231146271,0.13796403529589274,0.6072360708445983,False,NS
ILMN_3003953,8.29846531509434,7.795676479487181,0.5027888356071593,1.5025025058539634,0.13814367897611338,0.6074919919793904,False,NS
ILMN_3004332,8.638838933018867,8.14327657948718,0.4955623535316871,1.4997448682136083,0.1387127100036501,0.609267384123308,False,NS
ILMN_3002717,8.17115664056604,8.637886010256409,-0.4667293696903698,-1.4981024446741222,0.13879111010328957,0.609267384123308,False,NS
ILMN_3003502,8.119851722641513,8.57229513333333,-0.45244341069181715,-1.4974532165759573,0.13902502996362143,0.6097589033492168,False,NS
ILMN_3004703,8.76105510943396,8.227627917948714,0.5334271914852451,1.4991920651174448,0.13915693255351377,0.6098025089987458,False,NS
ILMN_3003823,8.71875369056604,8.220009451282051,0.4987442392839885,1.4966158373497809,0.13959901720274215,0.6112041033395016,False,NS
ILMN_3004539,8.602190210377362,8.121258610256408,0.4809316001209538,1.491134180612248,0.13978568790568643,0.6114859488437727,False,NS
ILMN_3000800,8.472462729245283,9.006764910256408,-0.5343021810111246,-1.4923990997874637,0.14062393695076286,0.614615109050537,False,NS
ILMN_3003963,8.438274788679246,8.013583935897435,0.4246908527818114,1.4863442863172647,0.14148641374344134,0.6178446014997439,False,NS
ILMN_3003220,8.365338775471702,8.889480992307691,-0.5241422168359886,-1.4897133773581908,0.14168116748039497,0.6181551809790357,False,NS
ILMN_3003218,8.359686500943397,8.877331492307691,-0.5176449913642944,-1.4855820839676959,0.14231187344390653,0.6187472758430719,False,NS
ILMN_3000965,8.561100867924528,9.00583023076923,-0.44472936284470244,-1.4820154561953278,0.14208378975169364,0.6187472758430719,False,NS
ILMN_3001754,8.607578447169812,8.126566910256413,0.4810115369133996,1.48382928431529,0.14205871488272162,0.6187472758430719,False,NS
ILMN_3003174,8.306974041509434,8.795339423076921,-0.4883653815674869,-1.4864360261739145,0.14226746096742707,0.6187472758430719,False,NS
ILMN_3002214,8.619956431132076,8.157399076923078,0.46255735420899846,1.4812535480015963,0.14259618288144763,0.6189070437562831,False,NS
ILMN_3000763,8.26297615,8.745692805128202,-0.4827166551282023,-1.4847787576220937,0.14248562865160105,0.6189070437562831,False,NS
ILMN_3001837,8.658231260377358,9.134875274358977,-0.4766440139816197,-1.480645441789251,0.1432232504884941,0.6193875166291165,False,NS
ILMN_3000947,8.61541612264151,8.094890374358975,0.5205257482825338,1.4814523672903506,0.14286544451075012,0.6193875166291165,False,NS
ILMN_3000972,8.416646194339625,8.944624684615386,-0.5279784902757605,-1.4846619946908324,0.14319028965124603,0.6193875166291165,False,NS
ILMN_3002116,8.291249152830188,8.838088579487179,-0.5468394266569909,-1.4814577743543569,0.14332627134797757,0.6193875166291165,False,NS
ILMN_3001809,8.461567305660378,8.915749128205126,-0.4541818225447489,-1.48083716004568,0.14322814975760703,0.6193875166291165,False,NS
ILMN_3002097,8.439243558490569,8.938665482051281,-0.49942192356071224,-1.480994451973702,0.14387363995273306,0.6212160619720771,False,NS
ILMN_3004059,8.561753116981132,8.117988284615384,0.4437648323657477,1.4766852636755499,0.14420935885961256,0.6221283816204165,False,NS
ILMN_3003499,8.64307291792453,8.162322476923077,0.4807504410014527,1.4752824397920725,0.1444951556440199,0.6228239467414651,False,NS
ILMN_3003231,8.632340338679247,8.170215797435898,0.4621245412433499,1.4711315522286075,0.14476397302815602,0.623445189613075,False,NS
ILMN_3002575,8.5151276009434,8.015658574358973,0.4994690265844266,1.4759797574708464,0.14489086545563573,0.6234546706352656,False,NS
ILMN_3003529,8.672694290566035,8.189284189743587,0.4834101008224483,1.47417532345583,0.14510439306899514,0.6238365996087495,False,NS
ILMN_3000942,8.19891911226415,8.63651650769231,-0.4375973954281598,-1.4695136001636595,0.14545670658683477,0.6248140317303899,False,NS
ILMN_3002600,8.544437500943395,8.057631702564105,0.48680579837929017,1.4710475786243375,0.14575152372441016,0.6250065339811757,False,NS
ILMN_3002440,8.649046856603771,8.185451471794869,0.4635953848089027,1.470936969179887,0.14574631478833258,0.6250065339811757,False,NS
ILMN_3004191,8.173604499056601,8.642619582051282,-0.4690150829946802,-1.4662138984558393,0.14618806925029815,0.6251411754596479,False,NS
ILMN_3000922,8.517243683962263,8.951591794871796,-0.4343481109095322,-1.4648985555002556,0.1462830350575576,0.6251411754596479,False,NS
ILMN_3001147,8.758244373584906,8.278554394871795,0.47968997871311103,1.4695835483278439,0.14620160069413787,0.6251411754596479,False,NS
ILMN_3001323,8.174464941509433,8.679769151282054,-0.5053042097726212,-1.4730253470687114,0.14605019904463828,0.6251411754596479,False,NS
ILMN_3003357,8.262089832075473,8.78229351025641,-0.5202036781809376,-1.4695575663391764,0.14649497683451201,0.6255122836657216,False,NS
ILMN_3001982,8.471342606603773,8.96975027179487,-0.49840766519109714,-1.4666104492431573,0.14704085119907792,0.6262387189057833,False,NS
ILMN_3004749,8.704192378301883,8.190139505128204,0.5140528731736786,1.4666810190881285,0.14702431754260317,0.6262387189057833,False,NS
ILMN_3002221,8.655998612264147,8.144865938461537,0.5111326738026101,1.4674013902087824,0.14698809382544545,0.6262387189057833,False,NS
ILMN_3004200,8.53421758113207,8.053309876923075,0.4809077042089953,1.4647660701195842,0.14742816599378814,0.627353897845907,False,NS
ILMN_3000853,8.348764333962263,7.856006776923077,0.49275755703918644,1.4666547858546293,0.14770465025598134,0.6275368185669971,False,NS
ILMN_3001581,8.658850410377358,8.224145920512823,0.4347044898645347,1.4637240468705623,0.1477221670906711,0.6275368185669971,False,NS
ILMN_3001448,8.413855071698118,8.863338405128205,-0.44948333343008784,-1.461964612079831,0.1479184457620398,0.6277889870794441,False,NS
ILMN_3001781,8.252717602830188,8.659684120512821,-0.40696651768263337,-1.4591808705214977,0.14803264315333292,0.6277889870794441,False,NS
ILMN_3001481,8.205287473584905,8.705875789743587,-0.5005883161586819,-1.4621920107128454,0.14830326685231401,0.6284036731030255,False,NS
ILMN_3002020,8.442938856603774,8.017722646153846,0.4252162104499284,1.4613107605007452,0.1486179807384415,0.6286942115665813,False,NS
ILMN_3003090,8.812900060377363,8.387161461538463,0.4257385988388993,1.4578825706913536,0.1486882664050706,0.6286942115665813,False,NS
ILMN_3004367,8.643643191509433,8.147752366666667,0.4958908248427658,1.460784200108177,0.14887075798338248,0.6286942115665813,False,NS
ILMN_3002220,8.603484993396227,9.099654915384615,-0.49616992198838794,-1.46253515028382,0.14887478929896647,0.6286942115665813,False,NS
ILMN_3004935,8.70278774056604,8.193387761538458,0.5093999790275809,1.4599655746039508,0.14923609769040364,0.6296406705272592,False,NS
ILMN_3000524,8.398860943396226,8.888337520512822,-0.4894765771165961,-1.4549118532871925,0.14997206094646964,0.6296406705272592,False,NS
ILMN_3000599,8.781181011320752,8.254480335897433,0.526700675423319,1.4511587867145537,0.15165404867217924,0.6296406705272592,False,NS
ILMN_3001493,8.842898281132078,8.307254430769234,0.5356438503628436,1.4522254753273487,0.15132673472240904,0.6296406705272592,False,NS
ILMN_3001482,8.464390866037734,8.931249430769233,-0.4668585647314991,-1.4542784732240301,0.15028899886797037,0.6296406705272592,False,NS
ILMN_3000506,8.432737827358492,8.933374594871797,-0.5006367675133045,-1.4531988776100766,0.15079528329501152,0.6296406705272592,False,NS
ILMN_3002783,8.337199409433959,8.763081889743589,-0.42588248030962994,-1.4525463124087084,0.15035767209878537,0.6296406705272592,False,NS
ILMN_3001813,8.609868183018868,8.13931445384615,0.47055372917271754,1.4478440971432955,0.15174340159706948,0.6296406705272592,False,NS
ILMN_3002900,8.274032369811325,8.787933610256413,-0.5139012404450884,-1.4547864271047126,0.15086873647088483,0.6296406705272592,False,NS
ILMN_3004214,8.590656624528298,8.14691294102564,0.44374368350265847,1.4568993381048971,0.14954031095705683,0.6296406705272592,False,NS
ILMN_3002306,8.868739397169808,8.394101897435897,0.4746374997339107,1.4545376972462698,0.15044078023182778,0.6296406705272592,False,NS
ILMN_3002029,8.500783316037735,8.019635248717949,0.4811480673197863,1.450488522890075,0.15128031559576105,0.6296406705272592,False,NS
ILMN_3003014,8.658779765094343,8.23092274102564,0.4278570240687021,1.448896650165994,0.15132989041166112,0.6296406705272592,False,NS
ILMN_3004011,8.758123666037738,8.263735920512822,0.49438774552491616,1.4494772359061272,0.1517018307192202,0.6296406705272592,False,NS
ILMN_3002657,8.506027961320754,9.05456678205128,-0.548538820730526,-1.4603967093027028,0.14940926518325984,0.6296406705272592,False,NS
ILMN_3004193,8.519124825471696,8.961513435897436,-0.4423886104257395,-1.455026536792154,0.15038217241855048,0.6296406705272592,False,NS
ILMN_3002007,8.479905189622642,8.029406587179487,0.45049860244315454,1.452533511924085,0.1504550355655277,0.6296406705272592,False,NS
ILMN_3003821,8.37728653301887,8.82326506153846,-0.44597852851959097,-1.4540294893653318,0.14988284257818615,0.6296406705272592,False,NS
ILMN_3003495,8.616935843396227,8.148463474358975,0.46847236903725253,1.4529751291927748,0.1513967148249944,0.6296406705272592,False,NS
ILMN_3004194,8.381313311320755,8.8870596,-0.5057462886792461,-1.4533574156252205,0.15152555055150935,0.6296406705272592,False,NS
ILMN_3004725,8.69847615943396,8.256146264102561,0.4423298953313992,1.4506992651839345,0.15071695596495405,0.6296406705272592,False,NS
ILMN_3003597,8.50157248490566,8.990297738461539,-0.48872525355587904,-1.4494710716526418,0.15203308421232894,0.6303195862866042,False,NS
ILMN_3004142,8.521413397169807,9.01086105128205,-0.48944765411224367,-1.4476839593011523,0.15250436217978872,0.6312545671395501,False,NS
ILMN_3002024,8.515219912264152,8.046144851282053,0.4690750609820995,1.4472178568098235,0.1525111034209153,0.6312545671395501,False,NS
ILMN_3000752,8.38147241509434,8.906789615384616,-0.5253172002902762,-1.4485706179935982,0.1530355208710231,0.6324430208449341,False,NS
ILMN_3003002,8.703617211320756,8.237536828205124,0.4660803831156315,1.442774216207869,0.15305121104447406,0.6324430208449341,False,NS
ILMN_3002580,8.299411599999999,8.813797348717952,-0.5143857487179524,-1.445803284448427,0.15333414085330668,0.6330889382878063,False,NS
ILMN_3001907,8.534505431132077,8.978559325641026,-0.44405389450894894,-1.442215846168389,0.1540705848037214,0.6356047227876296,False,NS
ILMN_3002180,8.660810046226413,8.173739589743588,0.4870704564828241,1.4414616429241396,0.15434721040987645,0.635696912726015,False,NS
ILMN_3003842,8.57744886509434,8.090278623076927,0.4871702420174131,1.4412800810947461,0.15433923669003272,0.635696912726015,False,NS
ILMN_3003233,8.887801757547171,8.394970571794868,0.4928311857523031,1.4406065435935793,0.15465719964366736,0.63644938124966,False,NS
ILMN_3004252,8.738412909433963,8.235465925641027,0.5029469837929366,1.437442268787539,0.15507782271745252,0.6371590214296864,False,NS
ILMN_3001796,8.566916922641512,8.10614434102564,0.4607725816158723,1.4350716386006779,0.15508450581598568,0.6371590214296864,False,NS
ILMN_3003050,8.558668925471698,8.991725156410258,-0.4330562309385595,-1.432285386315,0.15614794610559574,0.6377719995288161,False,NS
ILMN_3001694,8.695939666037738,8.259540302564103,0.43639936347363495,1.4283481367426818,0.15765723828352335,0.6377719995288161,False,NS
ILMN_3003626,8.502688723584905,8.081696453846154,0.4209922697387505,1.4336945905112373,0.1564389834305252,0.6377719995288161,False,NS
ILMN_3003894,8.21643463867925,8.683835925641025,-0.46740128696177585,-1.4325840096075366,0.15654968984790155,0.6377719995288161,False,NS
ILMN_3001739,8.728968241509431,8.23678537179487,0.4921828697145614,1.4332467948560774,0.1564329477418702,0.6377719995288161,False,NS
ILMN_3001199,8.470281749056602,8.920337264102562,-0.4500555150459604,-1.4283290089719871,0.15752072535127015,0.6377719995288161,False,NS
ILMN_3001702,8.513324390566035,8.046735730769232,0.46658865979680364,1.4306771023480793,0.15685659782310699,0.6377719995288161,False,NS
ILMN_3004643,8.974040700000003,8.497977223076923,0.4760634769230805,1.4343458652953474,0.15570163605080797,0.6377719995288161,False,NS
ILMN_3001010,8.02229782924528,8.485574807692307,-0.463276978447027,-1.4344758651298097,0.15650905808530047,0.6377719995288161,False,NS
ILMN_3002487,8.18306280283019,8.696919594871796,-0.5138567920416062,-1.4328012630429658,0.15730104679023646,0.6377719995288161,False,NS
ILMN_3002204,8.90044105754717,8.467355374358975,0.4330856831881942,1.42748201347368,0.15762906875550425,0.6377719995288161,False,NS
ILMN_3002396,8.4651622754717,7.974039784615384,0.4911224908563163,1.4367235396031066,0.15583438712728315,0.6377719995288161,False,NS
ILMN_3000961,8.41911001886792,7.942582389743591,0.47652762912432944,1.434059921797583,0.1556160507367268,0.6377719995288161,False,NS
ILMN_3000823,8.720774548113203,8.309341925641025,0.41143262247217827,1.4279779800462948,0.15736823364170224,0.6377719995288161,False,NS
ILMN_3000920,8.39892890754717,8.868165751282048,-0.46923684373487795,-1.4279984687561036,0.15758350289703577,0.6377719995288161,False,NS
ILMN_3001661,8.804333832075473,8.348717810256412,0.45561602181906125,1.4306057779182886,0.15739286233195177,0.6377719995288161,False,NS
ILMN_3004986,8.691767748113215,8.197760617948719,0.49400713016449593,1.4353850048127008,0.1568543799059739,0.6377719995288161,False,NS
ILMN_3004459,8.539198425471701,8.067636430769232,0.4715619947024692,1.4332735147076123,0.15587855020862038,0.6377719995288161,False,NS
ILMN_3003568,8.501839315094339,8.022139212820514,0.4797001022738243,1.4302831014582924,0.15739689648431404,0.6377719995288161,False,NS
ILMN_3004422,8.509080647169814,8.970995946153849,-0.46191529898403516,-1.428804565777352,0.1581050720395713,0.6390665805964887,False,NS
ILMN_3002639,8.214950466037735,8.708788217948715,-0.49383775191098067,-1.4287634554579955,0.15832180703704188,0.6392189600664451,False,NS
ILMN_3002392,8.899017003773588,8.42620952051282,0.4728074832607678,1.4251385303878166,0.15839845830446508,0.6392189600664451,False,NS
ILMN_3003576,8.564244216981132,8.11283793076923,0.4514062862119026,1.422539995141988,0.159033377898975,0.6401699310552825,False,NS
ILMN_3003300,8.896638609433962,8.490138943589745,0.40649966584421726,1.4199911319231266,0.15923430018728676,0.6401699310552825,False,NS
ILMN_3002790,8.238415851886794,8.74340736153846,-0.5049915096516671,-1.425599498142009,0.15907024549613294,0.6401699310552825,False,NS
ILMN_3004953,8.533293031132075,9.062323523076921,-0.5290304919448463,-1.4244413643446472,0.1592742788465543,0.6401699310552825,False,NS
ILMN_3001726,8.579433461320757,8.18284146923077,0.39659199208998785,1.424219794452644,0.15879068799630086,0.6401699310552825,False,NS
ILMN_3001024,8.376034855660379,8.876020558974359,-0.49998570331398007,-1.4193803109866128,0.16091152235582218,0.6404606181534734,False,NS
ILMN_3002023,8.524222147169814,8.123668010256411,0.4005541369134029,1.41693850414772,0.16048736239664937,0.6404606181534734,False,NS
ILMN_3002213,8.423674216981132,8.866998312820511,-0.4433240958393796,-1.4182523867006878,0.16023685758553047,0.6404606181534734,False,NS
ILMN_3004073,8.58373124528302,8.096116746153845,0.487614499129176,1.419319087211172,0.16072815574347432,0.6404606181534734,False,NS
ILMN_3004488,9.272833578301887,8.775840674358973,0.49699290394291396,1.4194330118230134,0.16050645965185162,0.6404606181534734,False,NS
ILMN_3002015,8.324371289622643,7.893800525641026,0.430570763981617,1.417542087293555,0.16078090186679878,0.6404606181534734,False,NS
ILMN_3000875,8.56181734528302,8.055349656410257,0.5064676888727622,1.4166450061308224,0.1614426252940806,0.6404606181534734,False,NS
ILMN_3000393,7.50326995754717,7.891346166666667,-0.3880762091194967,-1.4117408501596824,0.16156239721721338,0.6404606181534734,False,NS
ILMN_3003411,8.649824246226414,8.228779948717946,0.42104429750846784,1.4150648040016862,0.1616522600219367,0.6404606181534734,False,NS
ILMN_3004431,8.45860386320755,8.961062492307692,-0.5024586291001416,-1.422302405794021,0.15988574746504491,0.6404606181534734,False,NS
ILMN_3003934,8.539067060377361,8.983987223076923,-0.444920162699562,-1.4137598677430778,0.161309156646174,0.6404606181534734,False,NS
ILMN_3001622,8.431643690566037,7.983143584615384,0.4485001059506537,1.4178068378346647,0.1603258628453263,0.6404606181534734,False,NS
ILMN_3002515,8.558535840566035,9.03573673846154,-0.47720089789550535,-1.4160285681404496,0.16120100347561092,0.6404606181534734,False,NS
ILMN_3004124,8.611470244339621,8.15092347948718,0.4605467648524417,1.4219655825027384,0.15975171080099118,0.6404606181534734,False,NS
ILMN_3003920,8.446408382075475,8.038623335897437,0.4077850461780379,1.4213717927414162,0.15949563708852343,0.6404606181534734,False,NS
ILMN_3000791,8.486563006603776,8.916439010256413,-0.42987600365263745,-1.4152402122043333,0.16111707454150137,0.6404606181534734,False,NS
ILMN_3003496,8.472743184905662,8.90481871282051,-0.43207552791484893,-1.4199480277741898,0.1597908648366824,0.6404606181534734,False,NS
ILMN_3004300,8.432837645283023,8.864284179487179,-0.4314465342041558,-1.416962775357921,0.1607817080936805,0.6404606181534734,False,NS
ILMN_3001408,8.522039758490568,8.119294748717952,0.40274500977261596,1.4121126300222233,0.16178209050133732,0.6404675000052943,False,NS
ILMN_3002143,8.681337050943398,8.191673684615383,0.4896633663280152,1.4155354529995483,0.16198093846638334,0.6407473831739847,False,NS
ILMN_3001439,8.800765970754718,8.365606610256412,0.4351593604983055,1.4125415239813204,0.16217018710325154,0.6409888818310338,False,NS
ILMN_3004432,8.73752486886792,8.254837707692305,0.4826871611756154,1.4121126727208575,0.16279213619058733,0.6429389265031096,False,NS
ILMN_3000934,8.670420345283016,8.155004264102566,0.5154160811804509,1.4108342866358152,0.1630114803960635,0.6432970812788614,False,NS
ILMN_3003620,8.656992696226416,8.214877656410257,0.44211503981615863,1.4065826449057888,0.1635019896372091,0.6447239339006668,False,NS
ILMN_3002000,8.494680860377365,8.987455492307692,-0.49277463193032744,-1.4086779232612603,0.16404346565455222,0.6463156521919273,False,NS
ILMN_3004522,8.590783677358491,8.159834738461539,0.43094893889695207,1.406636337704645,0.16416417565674954,0.6463156521919273,False,NS
ILMN_3004647,8.255089059433958,8.767859576923078,-0.5127705174891197,-1.4067776440883242,0.1644673953221764,0.6469999815978617,False,NS
ILMN_3003122,8.278089636792453,8.747858197435896,-0.46976856064344297,-1.4021927352627857,0.16540032500174784,0.6501585102269962,False,NS
ILMN_3004696,8.655282651886793,8.205468141025644,0.4498145108611489,1.3990623806947877,0.16610187695415443,0.6518672711931998,False,NS
ILMN_3004397,8.30854054528302,8.815435643589739,-0.5068950983067193,-1.400552177411747,0.16614986708692758,0.6518672711931998,False,NS
ILMN_3000544,8.766149700943398,8.295372861538464,0.47077683940493387,1.3985251944848356,0.16622615415426595,0.6518672711931998,False,NS
ILMN_3002305,8.334036361320754,8.80626484102564,-0.4722284797048868,-1.3989474575950396,0.166488017349048,0.6523825131232289,False,NS
ILMN_3001860,8.275376604716984,8.719719276923078,-0.44434267220609414,-1.3957885791253557,0.16690361253161198,0.6529875294664006,False,NS
ILMN_3003731,8.597156108490564,9.158701392307693,-0.5615452838171286,-1.3995978884610165,0.16680440942383143,0.6529875294664006,False,NS
ILMN_3002461,8.440635252830186,8.876118982051281,-0.4354837292210956,-1.3944623227408535,0.16745711043635553,0.6546407757480669,False,NS
ILMN_3004609,8.652718183018871,9.148100002564101,-0.49538181954523,-1.3941179049155634,0.16798475456821366,0.6546519074729467,False,NS
ILMN_3002925,8.435126938679241,8.934184987179485,-0.4990580485002436,-1.3970639188123348,0.16769727189067238,0.6546519074729467,False,NS
ILMN_3003407,8.116478408490568,8.606685253846155,-0.490206845355587,-1.3940742573180807,0.1681146098390527,0.6546519074729467,False,NS
ILMN_3004294,8.397605501886792,8.874190076923075,-0.4765845750362825,-1.394178383072445,0.16801862733746856,0.6546519074729467,False,NS
ILMN_3004257,8.37473541037736,7.999290546153846,0.375444864223514,1.392078186699988,0.1679016718020605,0.6546519074729467,False,NS
ILMN_3003952,8.444420983018867,8.052244843589744,0.39217613942912344,1.3852155532772585,0.16951831562546363,0.6556463754437687,False,NS
ILMN_3004496,8.309832140566039,8.731825243589743,-0.42199310302370385,-1.389325206970203,0.16938913171465178,0.6556463754437687,False,NS
ILMN_3002818,8.53528691509434,9.03690624871795,-0.5016193336236103,-1.3926941842455491,0.1689275378255117,0.6556463754437687,False,NS
ILMN_3001706,8.507705188679246,8.978415987179487,-0.47071079850024056,-1.3904099934053087,0.16881769851317746,0.6556463754437687,False,NS
ILMN_3002478,9.023123019811317,8.536770343589746,0.4863526762215713,1.38830795282597,0.1695501526897586,0.6556463754437687,False,NS
ILMN_3003048,8.401961618867926,7.96174582051282,0.4402157983551058,1.3900210487280147,0.16910674965863207,0.6556463754437687,False,NS
ILMN_3003689,8.614987660377365,8.21221957179487,0.40276808858249424,1.3890290538703318,0.1688369510550845,0.6556463754437687,False,NS
ILMN_3001717,8.312695412264151,7.8654844102564105,0.4472110020077409,1.3893718922639713,0.16928022765068113,0.6556463754437687,False,NS
ILMN_3004104,8.600561973584906,8.173748543589742,0.42681342999516403,1.390088458609573,0.16871279126760363,0.6556463754437687,False,NS
ILMN_3003183,8.145131659433961,8.633212715384616,-0.488081055950655,-1.3879418834435544,0.1699756702373078,0.6563720097672302,False,NS
ILMN_3003876,8.593163289622643,8.993711453846155,-0.4005481642235118,-1.3849589717092454,0.17000035052971263,0.6563720097672302,False,NS
ILMN_3002329,8.607440591509434,9.093885125641023,-0.4864445341315893,-1.3858985271807294,0.17044549261631448,0.6575829190444231,False,NS
ILMN_3004421,8.303008944339624,8.716862035897435,-0.4138530915578116,-1.3808144438649077,0.17109441827275207,0.6590694078303239,False,NS
ILMN_3001672,8.023584766037738,8.476110805128206,-0.4525260390904684,-1.3841732597455463,0.17099414208937366,0.6590694078303239,False,NS
ILMN_3001632,8.41393611509434,8.86768923076923,-0.4537531156748891,-1.381912663729809,0.17182725691001563,0.6593712531137448,False,NS
ILMN_3004089,8.373572232075471,8.844357679487178,-0.470785447411707,-1.3835423456140146,0.17135464315804938,0.6593712531137448,False,NS
ILMN_3001425,8.616094683018872,8.212828569230767,0.4032661137881046,1.376392223994843,0.17238405843510304,0.6593712531137448,False,NS
ILMN_3001362,8.277554741509434,8.665914766666669,-0.388360025157235,-1.3771844077737003,0.17213125868239182,0.6593712531137448,False,NS
ILMN_3004839,8.32005833679245,8.82359244871795,-0.5035341119255001,-1.3792635266140918,0.17249151981455563,0.6593712531137448,False,NS
ILMN_3002257,8.580408998113207,8.130828056410257,0.4495809417029495,1.3814569958646081,0.17211835195578642,0.6593712531137448,False,NS
ILMN_3001620,8.475099658490564,7.996617305128204,0.47848235336235945,1.3815506353011502,0.17185824335317978,0.6593712531137448,False,NS
ILMN_3004846,8.140203632075469,8.593358674358974,-0.45315504228350534,-1.3799709297007081,0.17225781385617756,0.6593712531137448,False,NS
ILMN_3000736,8.36157771037736,8.776020023076923,-0.41444231269956333,-1.3807209760791368,0.17153755337101054,0.6593712531137448,False,NS
ILMN_3003103,8.84162985754717,8.421980248717947,0.4196496088292232,1.377004005085596,0.17231713810301177,0.6593712531137448,False,NS
ILMN_3001499,8.630661837735847,8.155133051282052,0.47552878645379515,1.3755893513253103,0.17302770675106183,0.6609156102026809,False,NS
ILMN_3000533,8.32215971981132,8.751925874358971,-0.4297661545476501,-1.376372778964513,0.17341480435013745,0.6612264617487389,False,NS
ILMN_3000597,8.533425415094342,8.118795707692309,0.41462970740203353,1.3728481720690289,0.1735839874072838,0.6612264617487389,False,NS
ILMN_3002932,8.390638889622645,7.983114438461537,0.407524451161108,1.3726685657467355,0.1732919076839135,0.6612264617487389,False,NS
ILMN_3001932,8.514530400943395,8.041784607692307,0.4727457932510877,1.3756352565630348,0.17363806885521882,0.6612264617487389,False,NS
ILMN_3004890,8.500512594339627,8.056824979487176,0.44368761485245045,1.3745153927199072,0.17404531295563552,0.6617692507818841,False,NS
ILMN_3002059,8.433641528301887,8.055983112820511,0.3776584154813758,1.3709844572633139,0.17395309706617487,0.6617692507818841,False,NS
ILMN_3002398,8.826175560377358,8.326566576923076,0.49960898345428184,1.3751538618539005,0.17441110229768486,0.6626561637450032,False,NS
ILMN_3003853,8.2496056245283,8.727145633333333,-0.47754000880503256,-1.3711506607547055,0.17525397997687828,0.6653529991529167,False,NS
ILMN_3003787,8.775278241509435,8.337140717948717,0.43813752356071767,1.3665810231720363,0.17545933814807235,0.6656272312142351,False,NS
ILMN_3003436,8.534860240566044,8.081938453846153,0.4529217867198909,1.3690723127452153,0.17575372046229729,0.6657337896299139,False,NS
ILMN_3004942,8.413547389622641,8.842518548717948,-0.4289711590953065,-1.3670465161297196,0.1756504781276982,0.6657337896299139,False,NS
ILMN_3003114,8.417621869811319,8.861438812820515,-0.44381694300919605,-1.3660310175225423,0.17638604282629383,0.6669025601427874,False,NS
ILMN_3000764,8.333287361320751,8.78006634871795,-0.4467789873971988,-1.3658050854386778,0.17646241741378155,0.6669025601427874,False,NS
ILMN_3004107,8.217050048113206,8.632155297435899,-0.41510524932269277,-1.365267289573716,0.17621741624267934,0.6669025601427874,False,NS
ILMN_3003674,8.470206453773585,8.880486905128203,-0.4102804513546179,-1.3615120463011912,0.1776256023781971,0.6680482574651393,False,NS
ILMN_3004492,8.693000125471698,8.19747040769231,0.49552971777938914,1.3651543037745255,0.17732440219166104,0.6680482574651393,False,NS
ILMN_3004258,8.458941926415097,8.042905305128206,0.41603662128689045,1.3637001572300853,0.17713976001988585,0.6680482574651393,False,NS
ILMN_3001714,8.231277994339624,8.629544938461537,-0.39826694412191266,-1.3650664551321128,0.17690610656200717,0.6680482574651393,False,NS
ILMN_3004165,8.320139769811327,8.756604325641023,-0.436464555829696,-1.363004782864792,0.1772175238884533,0.6680482574651393,False,NS
ILMN_3003297,8.638531499056603,8.170073107692307,0.4684583913642957,1.3631009047120741,0.17770083648572707,0.6680482574651393,False,NS
ILMN_3003897,8.341929543396224,8.746035394871793,-0.40410585147556866,-1.3637153722794328,0.17744183240142924,0.6680482574651393,False,NS
ILMN_3002292,8.82939768773585,8.436250643589744,0.39314704414610624,1.356933858014369,0.17864478068409917,0.6699574817792417,False,NS
ILMN_3002734,8.659260726415093,8.239061792307691,0.42019893410740217,1.3593409329983375,0.1786511540870285,0.6699574817792417,False,NS
ILMN_3001231,8.657792060377359,8.228312666666667,0.4294793937106913,1.358147819145593,0.17854273970894696,0.6699574817792417,False,NS
ILMN_3001549,8.60276484716981,9.073929320512821,-0.4711644733430109,-1.3598781427208744,0.1787446561387017,0.6699574817792417,False,NS
ILMN_3002706,8.561871482075475,8.105608043589744,0.45626343848573114,1.3576946650114659,0.17923663140448307,0.6709170900141722,False,NS
ILMN_3002613,8.6095393009434,8.175888720512821,0.43365058043057836,1.3574715866065106,0.17926904645178682,0.6709170900141722,False,NS
ILMN_3004016,8.331845949056609,8.750447094871797,-0.41860114581518815,-1.3504482735846575,0.1805712842695519,0.6752852814867311,False,NS
ILMN_3001883,8.443425863207544,8.883831174358976,-0.4404053111514319,-1.3515539191598078,0.18098026376124543,0.676150754691628,False,NS
ILMN_3001127,8.184574898113205,8.626079961538457,-0.441505063425252,-1.3510158348172734,0.18107317210641796,0.676150754691628,False,NS
ILMN_3004655,8.329489986792451,8.768306120512817,-0.43881613372036554,-1.3515311934356633,0.18137262686034578,0.6762588622682543,False,NS
ILMN_3000944,8.796455985849056,8.435316402564103,0.36113958328495244,1.3480762554587682,0.1812505617336798,0.6762588622682543,False,NS
ILMN_3001012,8.582282629245285,8.133854707692306,0.4484279215529785,1.3485170569442304,0.18202203958122504,0.6776695442338981,False,NS
ILMN_3002673,8.132681180188683,8.509054469230769,-0.37637328904208545,-1.3461632947111868,0.1819622068057693,0.6776695442338981,False,NS
ILMN_3001193,8.806198466037737,8.355267315384618,0.45093115065311906,1.3454556251717793,0.1825545705019431,0.6780660775958182,False,NS
ILMN_3003343,8.690337719811323,8.244325097435897,0.4460126223754255,1.3475633993002243,0.1826710013043134,0.6780660775958182,False,NS
ILMN_3003627,8.43158389811321,8.85342056923077,-0.4218366711175605,-1.3465091206274886,0.18249997889055114,0.6780660775958182,False,NS
ILMN_3003491,8.434992942452832,8.87335673076923,-0.4383637883163978,-1.3457962469359503,0.18250147313962892,0.6780660775958182,False,NS
ILMN_3002098,8.444148429245283,8.901508802564104,-0.45736037331882073,-1.3454712213025684,0.1828340437274524,0.6781403810336402,False,NS
ILMN_3002034,8.605711549056602,9.044152994871794,-0.43844144581519195,-1.3443785928399987,0.18304994287809997,0.6781403810336402,False,NS
ILMN_3002331,8.392146132075474,8.882805041025643,-0.4906589089501683,-1.3468980661481598,0.18309790287908284,0.6781403810336402,False,NS
ILMN_3003198,8.4208330745283,7.99248866923077,0.4283444052975298,1.3432078078253176,0.18347868541532134,0.6790476884356822,False,NS
ILMN_3001232,8.687800101886795,9.153980335897435,-0.4661802340106398,-1.3436938114612225,0.1838265122185066,0.679786318313844,False,NS
ILMN_3003080,8.566151281132075,9.018671241025642,-0.4525199598935661,-1.3426533314451268,0.18395017773572617,0.679786318313844,False,NS
ILMN_3003573,8.229068424528302,8.68381,-0.45474157547169725,-1.3444806707409092,0.18424924169822077,0.6803886325635923,False,NS
ILMN_3003985,8.2518059235849,8.672243356410254,-0.42043743282535395,-1.339793549757265,0.18446342896359944,0.6806768596442783,False,NS
ILMN_3002376,8.663407385849055,8.222223915384614,0.4411834704644413,1.3400490920263082,0.18484077616512068,0.6815662837946928,False,NS
ILMN_3004032,8.818522851886797,8.331660535897434,0.486862315989363,1.3403762603294083,0.18504152648056518,0.6818037084766588,False,NS
ILMN_3002455,8.09952332735849,8.55685486923077,-0.4573315418722803,-1.3399282947810722,0.18527375164266094,0.6821566702601655,False,NS
ILMN_3001855,8.458450383962262,8.948388369230766,-0.4899379852685044,-1.3383241524654013,0.1855720507452101,0.6827522102472778,False,NS
ILMN_3001615,8.768256078301889,8.340933723076924,0.4273223552249643,1.3377802445599318,0.18575428172727929,0.6829201534091149,False,NS
ILMN_3003180,8.473024577358492,8.903117238461538,-0.4300926611030462,-1.3330042215989997,0.18644592584861067,0.6834528073629423,False,NS
ILMN_3001399,8.447206954716982,8.824397892307694,-0.37719093759071143,-1.3324371207986296,0.18632483816341716,0.6834528073629423,False,NS
ILMN_3001534,8.561712946226416,8.207226035897438,0.35448691032897806,1.3299843121840886,0.18643922649925507,0.6834528073629423,False,NS
ILMN_3001782,8.556955016981131,8.11858698974359,0.43836802723754076,1.3364451963968276,0.18639301846732909,0.6834528073629423,False,NS
ILMN_3002526,8.385297516981131,8.01355491025641,0.37174260672472137,1.331797411746339,0.1868512107920207,0.6840766386624509,False,NS
ILMN_3002928,8.33628122264151,8.764165807692308,-0.42788458505079774,-1.3336741509371146,0.1868897376825816,0.6840766386624509,False,NS
ILMN_3003322,8.602904313207548,8.198305905128207,0.404598408079341,1.3293657837542805,0.1872373105910384,0.6843133954368996,False,NS
ILMN_3002016,8.462804391509433,8.876981656410258,-0.4141772649008253,-1.3302730617263128,0.1873501176923158,0.6843133954368996,False,NS
ILMN_3001272,8.75048931320755,8.3091514,0.4413379132075512,1.3307149457348464,0.1873650076706231,0.6843133954368996,False,NS
ILMN_3001603,8.662632469811323,8.2430416,0.4195908698113229,1.329059824196205,0.18782678668725106,0.6854992214863177,False,NS
ILMN_3003415,8.510547127358493,8.053511187179488,0.4570359401790043,1.3316679051682003,0.18805248897348267,0.685822352200885,False,NS
ILMN_3001148,8.494359463207548,8.071112253846158,0.4232472093613904,1.3258645512970668,0.18898821462022078,0.687638228809739,False,NS
ILMN_3002582,8.287133046226417,8.710260356410258,-0.4231273101838404,-1.3267144068822339,0.188990525022883,0.687638228809739,False,NS
ILMN_3004992,8.731926380188678,8.280573405128203,0.451352975060475,1.3267173791522298,0.18910051292267824,0.687638228809739,False,NS
ILMN_3002275,8.588576474528304,9.0192179025641,-0.43064142803579486,-1.324062961981316,0.18899329989794172,0.687638228809739,False,NS
ILMN_3003087,8.596742318867925,8.20487561025641,0.3918667086115146,1.3227733734692548,0.18966413060947757,0.6890652891083423,False,NS
ILMN_3003325,8.834049066981132,8.405330717948717,0.42871834903241535,1.325505195106906,0.18976858062043744,0.6890652891083423,False,NS
ILMN_3003133,8.323994750943395,8.75783528974359,-0.4338405388001938,-1.3219524223666663,0.1911164569425551,0.6908716265647403,False,NS
ILMN_3001685,8.696885585849056,8.254964148717946,0.44192143713111065,1.3207166680327316,0.1910018814782461,0.6908716265647403,False,NS
ILMN_3000713,8.506571240566037,8.92665386923077,-0.42008262866473345,-1.3214234985825062,0.19089928622320307,0.6908716265647403,False,NS
ILMN_3003693,8.295064997169812,8.726930917948717,-0.43186592077890573,-1.3230279602177186,0.19065718615246394,0.6908716265647403,False,NS
ILMN_3001424,8.322065691509431,7.888095830769232,0.4339698607401994,1.3201830705116133,0.191359289559805,0.6908716265647403,False,NS
ILMN_3001336,8.600486897169812,8.216526958974361,0.38395993819545104,1.3194048828419593,0.19137144055843308,0.6908716265647403,False,NS
ILMN_3002339,8.355675177358492,8.807111548717948,-0.45143637135945625,-1.3222301948357904,0.1910069728216746,0.6908716265647403,False,NS
ILMN_3004351,8.48226854528302,8.910306353846154,-0.42803780856313445,-1.32010817178689,0.1913513883639534,0.6908716265647403,False,NS
ILMN_3001350,8.682523970754719,8.293083515384616,0.38944045537010297,1.318047882335564,0.19163146449757631,0.6912441734247554,False,NS
ILMN_3001281,8.269048917924524,8.698753607692305,-0.42970468976778164,-1.3201402267450077,0.19175113370802713,0.6912441734247554,False,NS
ILMN_3003365,8.523748983018871,8.073966066666667,0.4497829163522038,1.3184164893316543,0.19189706444352045,0.6912718459780995,False,NS
ILMN_3002692,8.376984784905659,8.842338628205129,-0.4653538432994697,-1.3155609880487176,0.1926952569337111,0.6936474331667066,False,NS
ILMN_3004913,8.428665183018868,8.014907135897436,0.4137580471214317,1.314179264064362,0.19303745281354345,0.6938801323276185,False,NS
ILMN_3001111,8.587279892452829,8.94673735897436,-0.35945746652153154,-1.3120197679236008,0.1928994296451159,0.6938801323276185,False,NS
ILMN_3003836,8.193932917924531,8.650780648717951,-0.4568477307934202,-1.3144529186319422,0.19321603780527474,0.6940231243005559,False,NS
ILMN_3004400,8.355555551886791,8.823959707692309,-0.4684041558055174,-1.3142124098436934,0.1933781649355425,0.6941068375288675,False,NS
ILMN_3001558,8.461761599999997,8.934586792307691,-0.4728251923076936,-1.3145326415530862,0.19385042913469774,0.6953028304687867,False,NS
ILMN_3002336,8.87131996226415,8.49349008974359,0.3778298725205609,1.3104135518915385,0.19418695666817648,0.6960105973769766,False,NS
ILMN_3001609,8.23385656320755,8.597696576923079,-0.36384001371552976,-1.3065313312415565,0.1953938855698651,0.6988523206188999,False,NS
ILMN_3000843,8.799339500943399,8.353341282051284,0.44599821889211455,1.3066980338282275,0.1955388793091682,0.6988523206188999,False,NS
ILMN_3001794,8.586590978301881,8.19483783076923,0.39175314753265233,1.3055727464708757,0.19549198427206724,0.6988523206188999,False,NS
ILMN_3002804,8.06237612830189,8.479526323076922,-0.4171501947750311,-1.3081832868031813,0.19552753908659615,0.6988523206188999,False,NS
ILMN_3002723,8.970288994339619,8.574191182051283,0.3960978122883354,1.3042415399647869,0.19613923346909606,0.6991391660842675,False,NS
ILMN_3002128,8.405483633018866,8.825209943589742,-0.4197263105708764,-1.30500436086344,0.19617845000324546,0.6991391660842675,False,NS
ILMN_3004878,8.600177802830192,8.177121243589742,0.42305655924045027,1.3065687638542192,0.1960343179061173,0.6991391660842675,False,NS
ILMN_3002046,8.586761099056607,8.245787533333333,0.3409735657232744,1.3025771197977694,0.19590962626899733,0.6991391660842675,False,NS
ILMN_3001478,8.288549029245287,8.731440828205129,-0.44289179895984176,-1.3020016961435634,0.197051313621153,0.6993654420489817,False,NS
ILMN_3003227,8.430360083018869,7.992673592307693,0.43768649071117594,1.3031171284917897,0.19713064267824196,0.6993654420489817,False,NS
ILMN_3004868,8.637447444339621,8.169799497435898,0.4676479469037229,1.3050478745109748,0.1968849984200873,0.6993654420489817,False,NS
ILMN_3001339,8.539583936792456,8.146361805128205,0.3932221316642508,1.299696524583016,0.19735723076394832,0.6993654420489817,False,NS
ILMN_3001335,8.8695344509434,8.43307118205128,0.43646326889211906,1.3020539673402776,0.19726659208473346,0.6993654420489817,False,NS
ILMN_3002387,8.288426991509438,7.898140200000002,0.39028679150943546,1.2996777556118428,0.19730039228144244,0.6993654420489817,False,NS
ILMN_3004321,9.024714966981131,8.572501476923076,0.452213490058055,1.3051669634135343,0.1963891399629092,0.6993654420489817,False,NS
ILMN_3000587,8.513956686792454,8.91577043333333,-0.401813746540876,-1.301884758104634,0.19736092774622263,0.6993654420489817,False,NS
ILMN_3004774,8.57360054528302,8.992479105128204,-0.41887855984518474,-1.298940561981227,0.19843775018847462,0.7020622115912335,False,NS
ILMN_3002497,8.82497084716981,8.383610666666666,0.4413601805031444,1.2988548064870762,0.19862214692042635,0.7020622115912335,False,NS
ILMN_3001561,8.852006836792453,8.418665692307695,0.4333411444847588,1.298530208867329,0.19868360588031905,0.7020622115912335,False,NS
ILMN_3003757,8.222188103773588,8.595798833333333,-0.3736107295597453,-1.2967443706185715,0.19867686060200174,0.7020622115912335,False,NS
ILMN_3000953,8.773971530188678,8.336492887179485,0.43747864300919304,1.2990315363392932,0.19892759258925605,0.7024279399338137,False,NS
ILMN_3001170,8.57306363490566,9.060322066666666,-0.48725843176100625,-1.2974743566319196,0.19929315567362438,0.7025357958745615,False,NS
ILMN_3001153,8.41320143962264,8.000018817948717,0.41318262167392206,1.2950521628147769,0.19966917693682992,0.7025357958745615,False,NS
ILMN_3001779,8.58750645566038,8.204718887179489,0.38278756848089124,1.2921212034273721,0.20001251489720995,0.7025357958745615,False,NS
ILMN_3002450,8.371110778301885,8.797788912820513,-0.4266781345186281,-1.2954464949658955,0.19983309643481226,0.7025357958745615,False,NS
ILMN_3003586,8.8572704,8.395051130769229,0.46221926923077206,1.2956884655089933,0.19985310205054724,0.7025357958745615,False,NS
ILMN_3001674,8.71546242735849,8.318061369230767,0.3974010581277234,1.292541043397302,0.2000821946650751,0.7025357958745615,False,NS
ILMN_3002603,8.553409409433964,8.15894134871795,0.39446806071601515,1.293101008064139,0.19995319237474815,0.7025357958745615,False,NS
ILMN_3003968,8.10098716981132,8.495264792307694,-0.3942776224963733,-1.2930908891902115,0.20007409217862132,0.7025357958745615,False,NS
ILMN_3003640,8.714906259433965,8.289855674358973,0.4250505850749917,1.2924780458810217,0.2003719122107778,0.7029114040016502,False,NS
ILMN_3001409,8.670697881132078,8.228918148717952,0.44177973241412616,1.2930320030111302,0.20047033242127063,0.7029114040016502,False,NS
ILMN_3001669,8.70206148773585,8.256996492307692,0.44506499542815803,1.291002309680405,0.20109284748453002,0.7046000262247023,False,NS
ILMN_3002406,8.728925275471695,9.114504123076923,-0.38557884760522754,-1.2901050581040652,0.20128776922234792,0.7047891079213863,False,NS
ILMN_3000559,8.578945678301883,8.131244371794875,0.44770130650700857,1.2930578760891984,0.20142934108850202,0.7047912564328273,False,NS
ILMN_3002130,8.728014424528306,8.288174748717946,0.43983967581035976,1.2911457520911847,0.20162561576362692,0.704984670502192,False,NS
ILMN_3003555,8.611438778301888,8.206730828205126,0.4047079500967623,1.2874292416343658,0.20177116819178187,0.7050005876721938,False,NS
ILMN_3003243,8.608714976415097,9.03109294871795,-0.42237797230285246,-1.28774988929157,0.20208735950838225,0.7056122887862509,False,NS
ILMN_3004411,8.467728452830189,8.926836764102564,-0.4591083112723755,-1.2891400541311842,0.20266201065726475,0.7062556992283375,False,NS
ILMN_3000615,8.707977745283019,8.313186043589743,0.3947917016932756,1.2864158315775793,0.20295083542058034,0.7062556992283375,False,NS
ILMN_3003753,8.213121552830184,8.636228505128207,-0.4231069522980224,-1.2865948395890001,0.20272483517419707,0.7062556992283375,False,NS
ILMN_3003615,8.689464329245286,8.286067602564101,0.4033967266811853,1.2845770648462747,0.2029778879582242,0.7062556992283375,False,NS
ILMN_3004005,8.597878003773584,8.19173475897436,0.4061432447992246,1.284627966659684,0.20254919978027489,0.7062556992283375,False,NS
ILMN_3003927,8.499586711320756,8.05423336153846,0.44535334978229635,1.2865173433881383,0.20323094747190665,0.7066444626978673,False,NS
ILMN_3000835,8.735989411320755,8.298336910256412,0.4376525010643437,1.2842652808948558,0.20352116037028842,0.7066706957301682,False,NS
ILMN_3001747,8.49363005283019,8.89442384102564,-0.4007937881954504,-1.2833972390321318,0.20341472562906504,0.7066706957301682,False,NS
ILMN_3002524,8.43881808773585,8.027543902564103,0.41127418517174696,1.279893926768944,0.20428225999504898,0.7079703612738738,False,NS
ILMN_3003459,8.559545904716982,8.16064957948718,0.3988963252298028,1.281299531069553,0.20421374842951776,0.7079703612738738,False,NS
ILMN_3002435,8.38457293962264,8.825014205128207,-0.4404412655055676,-1.280880677999895,0.20432024626363998,0.7079703612738738,False,NS
ILMN_3002980,8.187321278301885,8.662266653846155,-0.4749453755442694,-1.2836488690593026,0.2045200451327604,0.7081719014292257,False,NS
ILMN_3000526,8.294007494339626,8.745558533333334,-0.4515510389937081,-1.2811612770445435,0.20499169775888837,0.7093138330757384,False,NS
ILMN_3002492,8.663385666037739,8.26218577948718,0.40119988655055927,1.2768793071162685,0.20521943370212378,0.709610766604854,False,NS
ILMN_3002072,8.79339820566038,8.382315507692304,0.41108269796807484,1.27963315601968,0.20536723738922497,0.7096310898038182,False,NS
ILMN_3003117,8.310887412264151,8.72509590769231,-0.4142084954281593,-1.2781242069526628,0.20599332781303092,0.7103218200449343,False,NS
ILMN_3002266,8.520130520754723,8.960482771794874,-0.4403522510401512,-1.279255447451772,0.20590990727446482,0.7103218200449343,False,NS
ILMN_3003686,8.507703682075471,8.067614382051282,0.440089300024189,1.2796506433604902,0.20574229475915531,0.7103218200449343,False,NS
ILMN_3001584,8.66012585943396,8.24879177692308,0.41133408251088,1.2731271142505074,0.20718479510496,0.7108468496479552,False,NS
ILMN_3000549,8.52978664622641,8.920427407692308,-0.39064076146589777,-1.2717986794742238,0.20731188876060344,0.7108468496479552,False,NS
ILMN_3003197,8.056533772641504,8.482147023076923,-0.4256132504354184,-1.273037498300578,0.2075672800972029,0.7108468496479552,False,NS
ILMN_3003655,8.830072125471698,8.364400056410258,0.46567206906144065,1.2753360615530505,0.20687755208788347,0.7108468496479552,False,NS
ILMN_3001327,8.324276541509438,8.737719574358975,-0.4134430328495373,-1.2728919574790234,0.2074578102656578,0.7108468496479552,False,NS
ILMN_3004201,8.241602449999997,8.66138076923077,-0.41977831923077247,-1.2736592368431505,0.20731805965226874,0.7108468496479552,False,NS
ILMN_3001386,8.427292565094339,8.835345105128207,-0.4080525400338679,-1.2730397442421113,0.2068150385261472,0.7108468496479552,False,NS
ILMN_3003965,8.371591647169808,8.764697515384613,-0.3931058682148052,-1.2754697137830453,0.2064378157660931,0.7108468496479552,False,NS
ILMN_3004680,8.125680642452831,8.5266345974359,-0.4009539549830681,-1.2736348489473381,0.2068524988374567,0.7108468496479552,False,NS
ILMN_3004926,8.538805390566042,8.152579130769233,0.3862262597968087,1.271254993850354,0.20756022208805217,0.7108468496479552,False,NS
ILMN_3002638,8.830768092452834,8.383332205128204,0.44743588732463024,1.270136757435812,0.2086546647436812,0.7140816726340903,False,NS
ILMN_3001176,8.582845742452829,9.00193325897436,-0.41908751652153065,-1.2641483029683562,0.21036797518236605,0.7141791898700302,False,NS
ILMN_3002288,8.39995944245283,8.795185894871796,-0.3952264524189655,-1.2682382264856629,0.20904287850468953,0.7141791898700302,False,NS
ILMN_3000854,8.73395581981132,8.304788233333333,0.4291675864779858,1.267820732012711,0.20925007889952124,0.7141791898700302,False,NS
ILMN_3002055,8.218542161320755,8.662883735897434,-0.4443415745766792,-1.2654544527270648,0.21007935537928657,0.7141791898700302,False,NS
ILMN_3003834,8.827995648113205,8.364133087179484,0.46386256093372147,1.2681127316538252,0.20935226992236425,0.7141791898700302,False,NS
ILMN_3001626,8.706281983962265,8.257344012820512,0.4489379711417527,1.2676674773582899,0.2097933478883404,0.7141791898700302,False,NS
ILMN_3004329,8.530183143396231,8.148849751282052,0.38133339211417905,1.261966854799134,0.21024975393677808,0.7141791898700302,False,NS
ILMN_3001413,8.244930107547173,8.688020946153845,-0.44309083860667187,-1.2686827468703532,0.20922898868347675,0.7141791898700302,False,NS
ILMN_3004307,8.57271846698113,8.139923033333336,0.4327954336477937,1.2639096778536345,0.21039718933571086,0.7141791898700302,False,NS
ILMN_3001752,8.630835954716984,8.204185520512823,0.42665043420416104,1.2639732320511834,0.210359515847733,0.7141791898700302,False,NS
ILMN_3004454,8.950567000000001,8.501538961538461,0.44902803846153994,1.265051243305943,0.21023948340203755,0.7141791898700302,False,NS
ILMN_3002132,8.55907567075472,8.170415507692308,0.38866016306241136,1.2640852363455628,0.21037180270546,0.7141791898700302,False,NS
ILMN_3003794,8.160089604716976,8.622565053846154,-0.4624754491291778,-1.2629412956691763,0.21142162489029895,0.716167342234805,False,NS
ILMN_3000532,8.865086774528299,8.473493500000002,0.3915932745282973,1.263114482170628,0.21121538027795925,0.716167342234805,False,NS
ILMN_3004419,8.621247962264155,8.18177274102564,0.43947522123851535,1.262302757948848,0.21140717433051792,0.716167342234805,False,NS
ILMN_3003592,8.391281272641503,7.9984818769230746,0.3927993957184288,1.2597460747064213,0.2115558328961614,0.716167342234805,False,NS
ILMN_3000584,8.49926968490566,8.100723835897439,0.39854584900822054,1.260978025339761,0.2119801756573866,0.7167763689129796,False,NS
ILMN_3002031,8.221948944339625,8.619244523076922,-0.3972955787372978,-1.260307647043088,0.21202244992445937,0.7167763689129796,False,NS
ILMN_3001222,8.656270298113206,8.276271825641023,0.37999847247218277,1.2579802411234118,0.2123866987304267,0.7169446782238288,False,NS
ILMN_3004952,8.79201862830189,8.365463930769232,0.42655469753265685,1.2587982538485587,0.2123723751524506,0.7169446782238288,False,NS
ILMN_3002634,8.591850078301892,8.191289917948717,0.40056016035317477,1.2575864635745242,0.21250240262554285,0.7169446782238288,False,NS
ILMN_3001939,8.531775301886793,8.128476282051283,0.40329901983550975,1.2561857599399058,0.2129130143257967,0.7174779765009804,False,NS
ILMN_3004243,8.79840862264151,8.396951433333333,0.40145718930817686,1.2573098960843139,0.212947463425491,0.7174779765009804,False,NS
ILMN_3004001,8.536855598113208,8.154218523076924,0.38263707503628375,1.2541347475196052,0.21365339116741422,0.7176676331518334,False,NS
ILMN_3002947,8.487259274528302,8.892201146153846,-0.4049418716255442,-1.2558716676226833,0.2135028159995168,0.7176676331518334,False,NS
ILMN_3001057,8.543349277358491,8.150100794871793,0.3932484824866975,1.2549928524971485,0.2133005089193663,0.7176676331518334,False,NS
ILMN_3003532,8.491215021698114,8.082198125641026,0.40901689605708746,1.2526411484561513,0.21372142115261597,0.7176676331518334,False,NS
ILMN_3002484,8.445082233018868,8.893836102564102,-0.448753869545234,-1.2579904392400294,0.21357080118028357,0.7176676331518334,False,NS
ILMN_3003026,8.200864352830187,8.655801533333333,-0.4549371805031459,-1.255587111762084,0.21425342947304504,0.718971239842433,False,NS
ILMN_3004546,8.437557018867922,8.028129892307694,0.40942712656022806,1.250890026458632,0.2162007740395551,0.7198375575965185,False,NS
ILMN_3001547,8.565473806603773,8.130654084615387,0.4348197219883865,1.251366794428648,0.21537560700153172,0.7198375575965185,False,NS
ILMN_3001000,8.495683461320757,8.145907751282053,0.34977571003870445,1.2468638363177662,0.21628414989304268,0.7198375575965185,False,NS
ILMN_3002519,8.364592384905661,8.839485089743592,-0.4748927048379308,-1.247643272878155,0.21712829825083585,0.7198375575965185,False,NS
ILMN_3002462,8.577582000943398,8.203073007692309,0.374508993251089,1.244937449354577,0.21693357144159198,0.7198375575965185,False,NS
ILMN_3004327,8.55153618679245,8.127754,0.42378218679245094,1.2460403232814625,0.21685442961191848,0.7198375575965185,False,NS
ILMN_3004818,8.80298528490566,8.424999151282051,0.3779861336236081,1.2445649984512297,0.2172128755902623,0.7198375575965185,False,NS
ILMN_3000621,8.343150433018867,8.763715605128207,-0.42056517210933997,-1.2514473774590484,0.21499961414194707,0.7198375575965185,False,NS
ILMN_3003277,8.45950413301887,8.877506346153844,-0.4180022131349741,-1.2519513167091518,0.21536859435565478,0.7198375575965185,False,NS
ILMN_3002587,8.575571957547172,8.200168766666668,0.37540319088050467,1.2478002538704727,0.2159121219020543,0.7198375575965185,False,NS
ILMN_3003091,8.525232914150942,8.91668792820513,-0.3914550140541877,-1.2449881529277804,0.21678830137050845,0.7198375575965185,False,NS
ILMN_3004990,8.395329738679244,7.968186392307693,0.42714334637155105,1.2477327155865512,0.21710839690434097,0.7198375575965185,False,NS
ILMN_3003403,8.772090585849062,9.18177281794872,-0.4096822320996587,-1.245016244877682,0.21651745480134263,0.7198375575965185,False,NS
ILMN_3001828,8.555765039622644,8.177417407692309,0.3783476319303354,1.245787652534477,0.2163162759441894,0.7198375575965185,False,NS
ILMN_3004666,8.660356503773587,9.094704246153848,-0.4343477423802611,-1.2484411313225956,0.21653130386228153,0.7198375575965185,False,NS
ILMN_3002540,8.342265303773589,8.797015756410257,-0.45475045263666836,-1.2464908097487937,0.21724697488262928,0.7198375575965185,False,NS
ILMN_3004509,8.461030944339619,8.815031782051284,-0.3540008377116646,-1.248664139056159,0.2151206689661437,0.7198375575965185,False,NS
ILMN_3004445,8.44584873867925,8.849912843589744,-0.4040641049104945,-1.2463109590117334,0.21665014783609468,0.7198375575965185,False,NS
ILMN_3004418,8.597569625471701,9.032283669230768,-0.4347140437590671,-1.249719552138431,0.21608147183538814,0.7198375575965185,False,NS
ILMN_3003468,8.623416185849058,8.234423484615384,0.3889927012336738,1.244422495476581,0.21786166005179997,0.7209187956710786,False,NS
ILMN_3003346,8.443432239622648,8.903298148717946,-0.45986590909529745,-1.2447519544226862,0.21775185073664044,0.7209187956710786,False,NS
ILMN_3002194,8.603226345283016,9.000293943589744,-0.39706759830672844,-1.2433215211092055,0.21863296222520337,0.7229925999510693,False,NS
ILMN_3002896,8.700077468867926,8.292050038461538,0.40802743040638845,1.2394346719219609,0.21954136509106564,0.7250375333258442,False,NS
ILMN_3002433,8.303091235849058,8.644067382051281,-0.34097614620222316,-1.2372634005082297,0.2194454865551788,0.7250375333258442,False,NS
ILMN_3001366,8.541823573584907,8.917333146153847,-0.3755095725689408,-1.2365258830686425,0.21998764877888421,0.7260318441547334,False,NS
ILMN_3000868,8.396743949056601,8.753635994871798,-0.3568920458151972,-1.235207905873332,0.22081872119626275,0.7282939353438744,False,NS
ILMN_3004438,8.678161011320755,8.225374266666666,0.4527867446540892,1.2353783789860655,0.22148505550264433,0.7294510576260995,False,NS
ILMN_3002026,8.729188500000001,8.380094105128206,0.34909439487179483,1.231454214945283,0.22169230857413486,0.7294510576260995,False,NS
ILMN_3003275,8.377411146226416,8.831935615384618,-0.4545244691582013,-1.2330007288233773,0.22175312151833423,0.7294510576260995,False,NS
ILMN_3002325,8.576463112264149,8.188825476923077,0.387637635341072,1.233555277421726,0.2213856841739868,0.7294510576260995,False,NS
ILMN_3002838,8.244564648113208,8.707064002564104,-0.4624993544508964,-1.2341822427778693,0.22236945062685293,0.730037592340292,False,NS
ILMN_3002109,8.402204313207548,8.840126171794871,-0.43792185858732324,-1.23351912865204,0.2223245127663352,0.730037592340292,False,NS
ILMN_3000567,8.78249031509434,8.383288282051282,0.399202033043057,1.2307926205145385,0.22218354160545933,0.730037592340292,False,NS
ILMN_3004368,8.205485340566039,7.84350948974359,0.3619758508224491,1.2271169103910682,0.22293146477794745,0.7309725881646192,False,NS
ILMN_3002983,8.30661995471698,8.745802405128208,-0.43918245041122717,-1.2314916810677325,0.22294663939020884,0.7309725881646192,False,NS
ILMN_3001646,8.824729178301888,8.403384146153845,0.421345032148043,1.2282207914046057,0.22318350759585623,0.7310240036701323,False,NS
ILMN_3002504,8.678726251886792,8.290391964102565,0.3883342877842271,1.229116802418444,0.2232547307208584,0.7310240036701323,False,NS
ILMN_3002805,8.027248259433968,8.415092343589745,-0.38784408415577687,-1.2272932647733286,0.2237043384073063,0.7313602248260666,False,NS
ILMN_3004576,8.740985013207544,9.137712002564102,-0.3967269893565586,-1.2295402519379035,0.22362412355494654,0.7313602248260666,False,NS
ILMN_3002654,8.186897813207548,8.628570571794873,-0.441672758587325,-1.2294168397462286,0.22379622879677635,0.7313602248260666,False,NS
ILMN_3001234,8.466927958490567,8.073351053846155,0.3935769046444122,1.2264191577723025,0.22413049678983343,0.7314963994446261,False,NS
ILMN_3003637,8.584867617924532,8.163455415384613,0.4214122025399192,1.2275686324178288,0.22405782000353738,0.7314963994446261,False,NS
ILMN_3001918,8.649155930188678,8.248053623076924,0.40110230711175454,1.2268754314100603,0.22444658205915183,0.7320501697950158,False,NS
ILMN_3001651,8.635641498113209,8.25583037948718,0.37981111862602823,1.2218553999003834,0.2256585213107789,0.7350456561762575,False,NS
ILMN_3004715,8.693624830188678,8.293690630769232,0.3999341994194463,1.2231670529496275,0.22565901644611105,0.7350456561762575,False,NS
ILMN_3001440,8.561430797169814,8.155969615384617,0.4054611817851974,1.2221191613777131,0.22612537843933017,0.7360852162738613,False,NS
ILMN_3002630,8.400729429245285,8.847791599999999,-0.4470621707547142,-1.2214314996868156,0.22639573780973704,0.7361888327195166,False,NS
ILMN_3000782,8.69462362830189,8.24088606923077,0.45373755907112034,1.2219455807484314,0.2266638256429246,0.7361888327195166,False,NS
ILMN_3004984,8.393927864150944,7.964676397435898,0.429251466715046,1.2199224191234705,0.22674616047761112,0.7361888327195166,False,NS
ILMN_3002065,8.743404703773585,8.348662407692306,0.3947422960812794,1.2206791529672076,0.2264797707887792,0.7361888327195166,False,NS
ILMN_3001301,8.72223869245283,8.319291023076923,0.40294766937590687,1.2177142423904619,0.22701022313608252,0.7364136371129997,False,NS
ILMN_3001742,8.718758725471696,8.388412774358972,0.330345951112724,1.2161944168352048,0.22710996568564912,0.7364136371129997,False,NS
ILMN_3002665,8.248291512264151,8.654550517948719,-0.40625900568456785,-1.2181371835651174,0.2275247089455992,0.7368068768927689,False,NS
ILMN_3004712,8.359202483018871,8.7745615025641,-0.4153590195452299,-1.2180937021404863,0.22752596358448707,0.7368068768927689,False,NS
ILMN_3001755,8.604249816981133,8.99745955897436,-0.39320974199322656,-1.216195753191249,0.22778675949849903,0.7371739789595437,False,NS
ILMN_3000738,8.553757841509437,8.153067415384614,0.4006904261248234,1.2175840572076637,0.2280572205477273,0.7375718646433613,False,NS
ILMN_3001442,8.079440147169812,8.499724356410258,-0.42028420924044596,-1.2173395382248284,0.2282110791413567,0.7375923695583603,False,NS
ILMN_3003806,8.599237023584905,8.200414956410254,0.39882206717465074,1.2143328743515693,0.2285880287395449,0.7378567744982082,False,NS
ILMN_3001968,8.556464675471696,8.15360861025641,0.4028560652152873,1.2146979278849048,0.22851592200187465,0.7378567744982082,False,NS
ILMN_3000994,8.535838705660382,8.185616230769229,0.35022247489115266,1.2095994956967493,0.22951258284973025,0.7384574737764809,False,NS
ILMN_3004946,8.70513185754717,8.314610948717949,0.3905209088292221,1.2121548219995781,0.22912887309305566,0.7384574737764809,False,NS
ILMN_3003863,8.767952956603775,8.402883920512819,0.3650690360909561,1.2117149862785483,0.22946857889381547,0.7384574737764809,False,NS
ILMN_3000734,8.602848285849056,8.227702520512821,0.3751457653362351,1.2125433887797838,0.22948376763610057,0.7384574737764809,False,NS
ILMN_3001073,8.156178214150941,8.544605428205129,-0.3884272140541878,-1.214167703078353,0.22932483747732993,0.7384574737764809,False,NS
ILMN_3001873,8.92661003113208,8.492684615384615,0.43392541574746524,1.2124870844234523,0.22985425289558298,0.7390811990211671,False,NS
ILMN_3001479,8.483941821698116,8.903098807692308,-0.41915698599419215,-1.211047858437675,0.23034234599973952,0.7396992485540768,False,NS
ILMN_3004019,8.584260880188683,8.987426871794872,-0.4031659916061887,-1.2121119167549976,0.23027795083245142,0.7396992485540768,False,NS
ILMN_3003766,8.662361896226413,8.257985630769232,0.40437626545718075,1.2072165363010543,0.23105867734179875,0.7415233547554517,False,NS
ILMN_3004569,8.607748171698118,8.209798684615382,0.3979494870827356,1.2072311253131076,0.23148923403001045,0.7424285889352483,False,NS
ILMN_3002042,8.479648839622643,8.820048015384616,-0.34039917576197354,-1.2051334324624876,0.23183899429068433,0.7430736996496292,False,NS
ILMN_3003487,8.356054824528307,8.736562041025643,-0.3805072164973353,-1.2048566926304223,0.23202950354549082,0.7432078909208547,False,NS
ILMN_3000861,8.724451606603775,8.335237815384618,0.38921379121915756,1.2058979830877086,0.23228327680466446,0.7435444199893229,False,NS
ILMN_3004304,8.500242599999998,8.105629084615385,0.39461351538461287,1.2013777866546398,0.23310193766160384,0.7449751797140376,False,NS
ILMN_3004040,8.403077233962268,8.781134002564103,-0.37805676860183546,-1.2029113681719865,0.23302493663526075,0.7449751797140376,False,NS
ILMN_3004709,8.39095010849057,8.781754348717946,-0.3908042402273768,-1.202329015632869,0.23317723125049378,0.7449751797140376,False,NS
ILMN_3002281,8.474110277358491,8.839581253846154,-0.36547097648766247,-1.200652220606428,0.2336309194562212,0.7459480186980243,False,NS
ILMN_3002889,8.80226292264151,8.37945130769231,0.4228116149492003,1.2022244538883,0.2339357677806951,0.7464446961732454,False,NS
ILMN_3000508,8.50406061509434,8.170557974358974,0.3335026407353663,1.1981012090120002,0.2346212391802205,0.7466077905942853,False,NS
ILMN_3000655,8.64642374056604,8.22881338974359,0.41761035082245,1.1960902066867238,0.2351517417340581,0.7466077905942853,False,NS
ILMN_3003278,8.31467967169811,8.746294466666667,-0.4316147949685565,-1.1998013027315872,0.2348169477338071,0.7466077905942853,False,NS
ILMN_3000940,8.709057258490567,8.328643366666666,0.38041389182390084,1.1994006410836542,0.23451190748058293,0.7466077905942853,False,NS
ILMN_3003851,8.288681860377359,8.65816944102564,-0.3694875806482809,-1.1984682736794117,0.2350347077081743,0.7466077905942853,False,NS
ILMN_3001682,8.635287244339626,8.18932395128205,0.4459632930575754,1.1993991596253686,0.23518145403719987,0.7466077905942853,False,NS
ILMN_3004669,8.749962200943393,9.15951336923077,-0.40955116828737737,-1.1987236343129801,0.23509153083074588,0.7466077905942853,False,NS
ILMN_3000555,8.526733976415091,8.155098453846154,0.37163552256893695,1.198121889420285,0.2346335807418359,0.7466077905942853,False,NS
ILMN_3002897,8.422169497169808,8.810786287179486,-0.38861679000967797,-1.195272872962021,0.23551020064258474,0.7467032360259503,False,NS
ILMN_3003583,8.496636705660377,8.893201728205128,-0.3965650225447508,-1.1970941575721523,0.23544230465416965,0.7467032360259503,False,NS
ILMN_3004995,8.455939352830187,8.85412432051282,-0.39818496768263323,-1.1970303356182557,0.23599810866119575,0.7473024340126527,False,NS
ILMN_3003284,8.458841050943395,8.078665235897434,0.3801758150459609,1.1942159834506085,0.23598494102993126,0.7473024340126527,False,NS
ILMN_3000644,8.636580165094335,8.237756117948717,0.39882404714561837,1.1942172340019275,0.23652667753856615,0.7480287082181093,False,NS
ILMN_3004638,8.491161521698109,8.956803379487182,-0.4656418577890733,-1.1960279699742045,0.23640337537821293,0.7480287082181093,False,NS
ILMN_3004989,8.629474753773584,9.029251999999998,-0.39977724622641375,-1.1931133424990414,0.2371114927361195,0.7489310463994608,False,NS
ILMN_3003498,8.400482922641508,8.813526358974359,-0.4130434363328508,-1.1933947678177286,0.2371115692900693,0.7489310463994608,False,NS
ILMN_3002464,8.789932731132076,8.45535908974359,0.3345736413884861,1.1883715659294802,0.2374998839168492,0.7496839770102562,False,NS
ILMN_3000689,8.742665125471698,8.301857956410256,0.4408071690614417,1.1900567531028299,0.23821092561880397,0.7509802194792055,False,NS
ILMN_3002293,8.771923368867922,8.386126030769232,0.38579733809869055,1.1900978836455116,0.23806470022753226,0.7509802194792055,False,NS
ILMN_3000629,8.292129778301884,8.694988246153846,-0.4028584678519618,-1.189364534253296,0.23857847229201645,0.7515096770524461,False,NS
ILMN_3002238,8.688399951886792,8.297768823076925,0.3906311288098667,1.1895623367341501,0.23867947343185686,0.7515096770524461,False,NS
ILMN_3001303,8.839032371698112,8.43810248974359,0.4009298819545215,1.187161547960895,0.23926157384124558,0.7517021646725371,False,NS
ILMN_3003882,8.713396555660378,8.344436192307692,0.3689603633526861,1.1865962570103243,0.23935894998569554,0.7517021646725371,False,NS
ILMN_3004737,8.667582614150943,8.276094376923078,0.39148823722786474,1.1865659127521975,0.23949230966467033,0.7517021646725371,False,NS
ILMN_3003617,8.369454301886789,8.73305006923077,-0.36359576734398225,-1.1861681509225583,0.2393176248008154,0.7517021646725371,False,NS
ILMN_3002773,8.706449615094337,8.307643830769228,0.39880578432510916,1.1884332429780695,0.23896622706583442,0.7517021646725371,False,NS
ILMN_3003266,8.768494108490566,8.370447497435894,0.39804661105467254,1.1851052350313742,0.24050469112391193,0.7520471892555095,False,NS
ILMN_3003619,8.386333381132074,8.776856505128206,-0.3905231239961324,-1.1854243122663983,0.2400921435020268,0.7520471892555095,False,NS
ILMN_3001601,8.455442136792454,8.092291051282048,0.3631510855104061,1.182631302959432,0.2404493790680031,0.7520471892555095,False,NS
ILMN_3001885,8.560186705660376,8.916425271794871,-0.3562385661344951,-1.1820444887687975,0.24036326042485273,0.7520471892555095,False,NS
ILMN_3004091,8.888886029245281,8.518742643589741,0.37014338565554006,1.182461410254728,0.24032147990910144,0.7520471892555095,False,NS
ILMN_3004171,8.616878324528301,8.186058253846156,0.43082007068214523,1.1870438937252814,0.23990964626103953,0.7520471892555095,False,NS
ILMN_3002792,8.345654228301887,8.730347384615385,-0.38469315631349765,-1.1831897772697235,0.2408427295752964,0.7521634277804385,False,NS
ILMN_3002816,8.294441366037734,8.638074443589744,-0.3436330775520098,-1.1810902574607547,0.2407373944829721,0.7521634277804385,False,NS
ILMN_3000936,8.676047376415095,8.230815058974358,0.44523231744073755,1.1833131984468952,0.24112187285529668,0.752565146240002,False,NS
ILMN_3000737,8.710226872641513,8.299340294871795,0.41088657776971793,1.1824795385831692,0.24137726320947017,0.752892274514879,False,NS
ILMN_3002637,8.418730730188681,8.827790433333334,-0.4090597031446528,-1.1810983360739113,0.24192920786603048,0.7533118648848202,False,NS
ILMN_3003872,8.503322915094339,8.127795197435896,0.37552771765844284,1.180700284496211,0.24174073691980152,0.7533118648848202,False,NS
ILMN_3000840,8.434639872641512,8.057682648717948,0.37695722392356323,1.1802531773003424,0.24196377100100422,0.7533118648848202,False,NS
ILMN_3003790,8.251859246226413,8.61977541025641,-0.3679161640299977,-1.1791468509736687,0.24253552771061046,0.7541527602941868,False,NS
ILMN_3004733,8.56480217075472,8.185091125641025,0.37971104511369624,1.1791391903036865,0.24245351576369412,0.7541527602941868,False,NS
ILMN_3003010,8.410840510377355,8.021984053846154,0.38885645653120093,1.1775440412805218,0.24331664847818468,0.7561113998700582,False,NS
ILMN_3002411,8.74762458113208,8.353765612820514,0.39385896831156586,1.1759605087392164,0.24364366253985195,0.7561238221523128,False,NS
ILMN_3003149,8.580288876415095,8.211298758974356,0.3689901174407382,1.1737094094080815,0.24407676979076653,0.7561238221523128,False,NS
ILMN_3002175,8.72292260754717,9.075855053846155,-0.35293244629898446,-1.1742504169788133,0.243874273526062,0.7561238221523128,False,NS
ILMN_3000507,8.312625583018868,8.676390705128206,-0.36376512210933853,-1.1766601388277693,0.24405030881443288,0.7561238221523128,False,NS
ILMN_3001936,8.696065349999998,8.361069843589743,0.3349955064102552,1.1757442414412616,0.24369117842764268,0.7561238221523128,False,NS
ILMN_3000828,8.507287422641514,8.10880441025641,0.3984830123851051,1.174594768645991,0.24422978785494773,0.7561293741639248,False,NS
ILMN_3004967,8.77883442264151,8.43015715897436,0.3486772636671489,1.1724552493970166,0.2445228850864465,0.7561389488760542,False,NS
ILMN_3000846,8.248992177358488,8.576799553846152,-0.3278073764876641,-1.1729248356104431,0.24453533606651592,0.7561389488760542,False,NS
ILMN_3001464,8.573474210377357,8.952410797435896,-0.37893658705853817,-1.1718919006106483,0.24564869770821637,0.7586432912545287,False,NS
ILMN_3002927,8.713667511320756,8.33982208974359,0.3738454215771654,1.1703728435716902,0.24551928392141817,0.7586432912545287,False,NS
ILMN_3004218,8.47077916981132,8.104040523076923,0.3667386467343974,1.169434558245184,0.24594647484198842,0.7590940581542852,False,NS
ILMN_3001396,8.422854509433963,8.064118089743591,0.35873641969037173,1.1699225502006492,0.24612685997126985,0.7591821714104561,False,NS
ILMN_3002077,8.503936293396224,8.114834012820513,0.3891022805757114,1.1671543128278634,0.2470455963706157,0.7615462280228598,False,NS
ILMN_3003704,8.219409656603773,8.607037058974361,-0.38762740237058857,-1.1662369260809726,0.24727020627294202,0.7616655828671364,False,NS
ILMN_3002876,8.501323787735847,8.200709315384616,0.3006144723512314,1.1638333396524814,0.24738898131524586,0.7616655828671364,False,NS
ILMN_3001817,8.66880797924528,8.261941974358978,0.406866004886302,1.1665468973081583,0.2481001630497104,0.7625287906208316,False,NS
ILMN_3004192,8.76508071226415,9.188463610256411,-0.42338289799226203,-1.1648142911133013,0.24812686846801862,0.7625287906208316,False,NS
ILMN_3002395,8.496496067924529,8.90414711025641,-0.40765104233188154,-1.1664136241143273,0.24808075654096015,0.7625287906208316,False,NS
ILMN_3004071,8.573678994339623,8.177343838461542,0.39633515587808077,1.1638095591833095,0.24837578034342728,0.7628248782046292,False,NS
ILMN_3004457,8.439533766037739,8.845963653846155,-0.40642988780841627,-1.1643670551693521,0.24857260284316657,0.7629607208200325,False,NS
ILMN_3003111,9.078997892452833,8.678691276923079,0.4003066155297539,1.1616670999338923,0.24900631636381845,0.7638230563307314,False,NS
ILMN_3004741,8.13269999339623,8.560026615384615,-0.4273266219883851,-1.1627318876996293,0.24990786001954793,0.7656490809422424,False,NS
ILMN_3000948,8.582996963207549,8.95954574102564,-0.3765487778180905,-1.1605771352649739,0.24978641574370478,0.7656490809422424,False,NS
ILMN_3002891,8.58884958867924,8.181513643589746,0.40733594508949444,1.15856001085003,0.250625221286432,0.7673766726467606,False,NS
ILMN_3000697,8.784964212264157,8.38080285128205,0.40416136098210664,1.1587213807835786,0.2509323829557058,0.7678469490688673,False,NS
ILMN_3004280,8.391741980188678,8.73961734615385,-0.3478753659651712,-1.1567084581194034,0.251225925370493,0.7682750011330061,False,NS
ILMN_3001529,7.949201579245286,8.27950723846154,-0.3303056592162532,-1.155614439317131,0.25155656702853213,0.7688159139013818,False,NS
ILMN_3004161,8.702839709433963,8.259168007692306,0.44367170174165693,1.1572487010076369,0.2520961660778361,0.769994398527294,False,NS
ILMN_3002725,8.559547146226418,8.959138223076922,-0.39959107685050377,-1.1559818437259834,0.25225931033673293,0.7700079475208206,False,NS
ILMN_3001466,8.403268840566039,8.011236982051283,0.3920318585147555,1.154557937171555,0.2525262273163614,0.7700079475208206,False,NS
ILMN_3002649,8.56779248490566,8.937019046153846,-0.36922656124818687,-1.154462493545944,0.2527166083763333,0.7700079475208206,False,NS
ILMN_3002366,8.478625996226413,8.145401405128204,0.3332245910982081,1.1520393834320053,0.2526294387419007,0.7700079475208206,False,NS
ILMN_3003811,8.223604243396224,8.597062902564105,-0.37345865916788057,-1.1527891532555368,0.25295230084409936,0.7702567017177203,False,NS
ILMN_3003179,8.618237852830188,8.253618425641024,0.3646194271891634,1.1518144738530218,0.2534420170009738,0.7708090541392147,False,NS
ILMN_3000664,8.124511114150941,8.505735628205128,-0.3812245140541872,-1.151741046063323,0.2533287731493743,0.7708090541392147,False,NS
ILMN_3002432,8.364204388679246,8.81297645128205,-0.44877206260280467,-1.1511994094824487,0.2548558484102291,0.7730432418498477,False,NS
ILMN_3004006,8.287608942452827,8.646237848717945,-0.35862890626511756,-1.1476158487313286,0.25513875761436833,0.7730432418498477,False,NS
ILMN_3003778,8.14955994433962,8.536218866666667,-0.38665892232704735,-1.1496354261138684,0.25492196844445225,0.7730432418498477,False,NS
ILMN_3002559,8.683076199999999,8.28774214871795,0.3953340512820489,1.145922683293189,0.2553620701080427,0.7730432418498477,False,NS
ILMN_3004653,8.385704285849057,8.687808602564104,-0.302104316715047,-1.1462752969973684,0.25496363407940037,0.7730432418498477,False,NS
ILMN_3001302,8.632942881132076,8.253481705128205,0.3794611760038702,1.1490975772996275,0.25455453221726293,0.7730432418498477,False,NS
ILMN_3001294,8.210468593396229,8.60674454102564,-0.39627594762941065,-1.1497040767131936,0.25443884009786477,0.7730432418498477,False,NS
ILMN_3002731,8.245631461320755,8.606077494871794,-0.3604460335510389,-1.1462319882210836,0.2554134871071897,0.7730432418498477,False,NS
ILMN_3002824,8.55444498679245,8.191130756410255,0.3633142303821959,1.1451215597344913,0.2558786300278744,0.7730472206280193,False,NS
ILMN_3003772,8.660356529245282,8.308259489743588,0.3520970395016949,1.1463453938017991,0.25560653793139476,0.7730472206280193,False,NS
ILMN_3002311,8.69969374622642,8.339910833333333,0.3597829128930865,1.1469131556494117,0.2557899674886966,0.7730472206280193,False,NS
ILMN_3003648,8.421306663207545,8.823169989743588,-0.4018633265360432,-1.1452496405369863,0.2563660535116238,0.7735849532638015,False,NS
ILMN_3004588,8.408782428301889,8.783529712820512,-0.37474728451862305,-1.1456308537184703,0.25623584511201414,0.7735849532638015,False,NS
ILMN_3000924,8.351815594339621,8.727673043589743,-0.37585744925012143,-1.1429528733977081,0.25711522788380714,0.7741448003789083,False,NS
ILMN_3002653,8.4546888009434,8.819409874358975,-0.36472107341557525,-1.1417835487903585,0.2569673209824615,0.7741448003789083,False,NS
ILMN_3001619,8.677285942452828,8.27213746923077,0.4051484732220576,1.1440307193806774,0.2567858128987935,0.7741448003789083,False,NS
ILMN_3003982,8.613169944339624,8.279012546153846,0.33415739818577883,1.1420121541277264,0.25717090268587334,0.7741448003789083,False,NS
ILMN_3004692,8.538298447169813,8.1978643,0.34043414716981246,1.139415416397423,0.2576748599955178,0.775047446192244,False,NS
ILMN_3000988,8.382812133962263,8.771236451282054,-0.38842431731979055,-1.1406110334633133,0.2578421322942002,0.775047446192244,False,NS
ILMN_3004845,8.421523277358494,8.802150658974362,-0.3806273816158683,-1.1408128352850055,0.25809079958201725,0.775047446192244,False,NS
ILMN_3001594,8.41516374811321,8.77303611794872,-0.3578723698355102,-1.13982544165385,0.25807874374682277,0.775047446192244,False,NS
ILMN_3004920,8.713973653773584,8.361309379487176,0.3526642742864077,1.1300577795828501,0.2619941770464895,0.7756756841115312,False,NS
ILMN_3004525,8.833518264150943,8.404150494871796,0.4293677692791462,1.1324371648129778,0.2616679153855088,0.7756756841115312,False,NS
ILMN_3002870,8.549180742452831,8.230448038461537,0.3187327039912944,1.129608802427377,0.2618015662685516,0.7756756841115312,False,NS
ILMN_3003012,8.626069208490565,8.27128331025641,0.3547858982341552,1.136835779799414,0.25956070004288806,0.7756756841115312,False,NS
ILMN_3002869,8.579013861320757,8.959385012820512,-0.3803711514997552,-1.1395370327513787,0.2589063328912755,0.7756756841115312,False,NS
ILMN_3002545,8.584574275471695,9.026181328205128,-0.44160705273343304,-1.1362315478905796,0.2607804390750917,0.7756756841115312,False,NS
ILMN_3003404,8.589222257547169,8.918719002564107,-0.3294967450169377,-1.133528033403333,0.26047369216056804,0.7756756841115312,False,NS
ILMN_3000592,8.23616973962264,8.628183307692307,-0.39201356806966636,-1.1310318114667004,0.2622265287484403,0.7756756841115312,False,NS
ILMN_3001043,8.48962356981132,8.10411837948718,0.38550519032414066,1.1337473373905351,0.26094229877358455,0.7756756841115312,False,NS
ILMN_3000759,8.339266861320752,8.706167725641023,-0.3669008643202716,-1.1369347053823382,0.25912085099038723,0.7756756841115312,False,NS
ILMN_3000829,8.538914499999999,8.910957530769231,-0.3720430307692322,-1.1368958670248703,0.2595380076865124,0.7756756841115312,False,NS
ILMN_3001765,8.490358503773583,8.904424712820513,-0.41406620904692915,-1.1394035125232078,0.2586942787274477,0.7756756841115312,False,NS
ILMN_3000858,8.612084016037734,8.305732346153846,0.3063516698838882,1.1303634104211788,0.26120195385465295,0.7756756841115312,False,NS
ILMN_3004387,8.230432423584903,7.890313284615386,0.3401191389695164,1.130307054260393,0.2621888123185856,0.7756756841115312,False,NS
ILMN_3003136,8.473477485849058,8.889898271794873,-0.41642078594581555,-1.1370450040850988,0.2598965375557788,0.7756756841115312,False,NS
ILMN_3004433,8.354619930188676,8.71836571282051,-0.36374578263183466,-1.1379481660325317,0.25886094078346794,0.7756756841115312,False,NS
ILMN_3002265,8.476143292452827,8.071248215384614,0.4048950770682129,1.1383590091178155,0.2596101712433446,0.7756756841115312,False,NS
ILMN_3001296,8.415898462264153,8.068362207692308,0.34753625457184434,1.134508261890964,0.2606554998219991,0.7756756841115312,False,NS
ILMN_3003827,8.48988293396226,8.138088202564104,0.3517947313981562,1.1332684729284632,0.26058966120024324,0.7756756841115312,False,NS
ILMN_3002409,8.523930027358494,8.883343282051282,-0.35941325469278773,-1.1304966466568451,0.26233351636651986,0.7756756841115312,False,NS
ILMN_3001358,8.443780120754717,8.821850605128207,-0.3780704843734899,-1.1318174678594601,0.26184331634925795,0.7756756841115312,False,NS
ILMN_3002248,8.332849982075475,7.916572207692307,0.4162777743831674,1.1324667104255581,0.2621513880307598,0.7756756841115312,False,NS
ILMN_3004813,8.482698221698111,8.88524828974359,-0.4025500680454783,-1.1310313579018445,0.26193728407454986,0.7756756841115312,False,NS
ILMN_3001390,8.56191054150944,8.191005448717945,0.3709050927914941,1.1330756442724297,0.26068593528825745,0.7756756841115312,False,NS
ILMN_3004523,8.82442563490566,8.386074712820513,0.4383509220851476,1.1388009549644742,0.25981631798195154,0.7756756841115312,False,NS
ILMN_3000870,8.642744320754717,9.036490961538462,-0.39374664078374444,-1.1343184207218195,0.260764036480627,0.7756756841115312,False,NS
ILMN_3001291,8.490200492452832,8.119052253846156,0.37114823860667556,1.129807951252662,0.26283105592712025,0.7766875175151308,False,NS
ILMN_3002645,8.695186252830187,8.339989792307692,0.3551964605224942,1.1269758647114914,0.2632682271522151,0.7775198675493653,False,NS
ILMN_3003242,8.71262095,8.380508338461537,0.33211261153846294,1.1265387813857042,0.26348931580393925,0.7777134468829376,False,NS
ILMN_3004837,8.294674181132075,7.9297729846153855,0.36490119651668973,1.1260182141254276,0.2639182139927187,0.7780607723841942,False,NS
ILMN_3004819,8.476784157547167,8.141667351282052,0.3351168062651144,1.127669728398632,0.26380798788614174,0.7780607723841942,False,NS
ILMN_3002375,8.623739629245282,8.19642852820513,0.4273111010401518,1.1263791346003644,0.26417334708945533,0.7783539984957435,False,NS
ILMN_3003213,8.295274600943394,8.714705971794872,-0.41943137085147875,-1.1249917056811858,0.264402007172793,0.7785689257149381,False,NS
ILMN_3002701,8.462779283018866,8.805641858974358,-0.3428625759554915,-1.121423792456299,0.26613962319122136,0.7786918702312647,False,NS
ILMN_3003211,8.54407443207547,8.930936882051283,-0.386862449975812,-1.1214235902795182,0.2661691886997778,0.7786918702312647,False,NS
ILMN_3001247,8.50948523490566,8.86171777692308,-0.35223254201742016,-1.12075283230792,0.26610422415371354,0.7786918702312647,False,NS
ILMN_3004236,8.484516300000001,8.111517825641025,0.37299847435897604,1.1218983167622683,0.26591386724946503,0.7786918702312647,False,NS
ILMN_3000754,8.572355217924528,8.231355766666667,0.34099945125786135,1.119489531854682,0.2665162975576132,0.7786918702312647,False,NS
ILMN_3004442,8.454589912264149,8.050778517948718,0.4038113943154311,1.1233818022258064,0.26545352274455225,0.7786918702312647,False,NS
ILMN_3001733,8.375488470754714,8.770409282051284,-0.3949208112965703,-1.1236502627445777,0.2650789416384315,0.7786918702312647,False,NS
ILMN_3002952,8.35732191037736,8.726748102564104,-0.36942619218674366,-1.1209282637164828,0.2665477749503092,0.7786918702312647,False,NS
ILMN_3003440,8.227221544339622,8.537827992307694,-0.31060644796807146,-1.1198194029595732,0.26607685430014993,0.7786918702312647,False,NS
ILMN_3000674,8.234050663207547,8.594227023076925,-0.3601763598693779,-1.1203563668079042,0.26662409636718504,0.7786918702312647,False,NS
ILMN_3001625,8.580350934905663,8.183023169230767,0.3973277656748966,1.1229231821285324,0.26598196171023647,0.7786918702312647,False,NS
ILMN_3001422,8.724265948113207,8.374053507692308,0.35021244042089883,1.1202219702595853,0.2664946004782027,0.7786918702312647,False,NS
ILMN_3000719,8.692676831132072,8.331366615384615,0.3613102157474568,1.1207206468321305,0.266327898633685,0.7786918702312647,False,NS
ILMN_3001757,8.536676479245282,8.206954038461536,0.3297224407837458,1.1218114782311723,0.26511182351574253,0.7786918702312647,False,NS
ILMN_3003990,8.59052956792453,8.936267223076925,-0.3457376551523943,-1.117494604410181,0.26723281188634646,0.7791266647262585,False,NS
ILMN_3001716,8.754767144339617,9.144351148717949,-0.3895840043783316,-1.119809018986907,0.2672404460011067,0.7791266647262585,False,NS
ILMN_3001574,8.69430484433963,9.022332833333335,-0.3280279889937052,-1.1180278803750898,0.2672245057291643,0.7791266647262585,False,NS
ILMN_3002548,8.35372821509434,8.713098235897434,-0.35937002080309277,-1.1168239355881078,0.26789241978936223,0.7805723187335729,False,NS
ILMN_3002664,8.206452910377358,8.615573212820513,-0.40912030244315467,-1.1178005661573642,0.26814677927638597,0.7808584137343797,False,NS
ILMN_3002258,8.544773210377356,8.190427482051282,0.3543457283260736,1.1136920071877994,0.26904094000586287,0.7812740644366271,False,NS
ILMN_3000903,8.11578564150944,8.48884586153846,-0.3730602200290196,-1.1152485333339177,0.26891343586654703,0.7812740644366271,False,NS
ILMN_3002372,8.443455518867928,8.08608626923077,0.3573692496371592,1.1151309772801272,0.26864396589490136,0.7812740644366271,False,NS
ILMN_3002413,8.528481559433965,8.223415964102566,0.3050655953313992,1.1123460295371244,0.26907078779197435,0.7812740644366271,False,NS
ILMN_3002537,8.358618659433963,8.683354615384612,-0.32473595595064886,-1.1137809222520116,0.26877067754379036,0.7812740644366271,False,NS
ILMN_3004120,8.461322220754711,8.087887456410256,0.37343476434445577,1.110515331756382,0.2700973897810372,0.7830863010059386,False,NS
ILMN_3002290,8.38903522075472,8.68763146923077,-0.29859624847605026,-1.1100344110968288,0.2700928406986547,0.7830863010059386,False,NS
ILMN_3002746,8.788770820754717,8.369040971794874,0.4197298489598431,1.110978963068405,0.2704780083674512,0.7830863010059386,False,NS
ILMN_3001858,8.405292005660378,8.788131312820514,-0.38283930716013614,-1.111559088286387,0.2702804907028173,0.7830863010059386,False,NS
ILMN_3003988,8.52990740188679,8.14573771794872,0.3841696839380706,1.112145623648975,0.27037120718034935,0.7830863010059386,False,NS
ILMN_3003514,8.66388093773585,8.947865825641028,-0.2839848879051772,-1.1081246783638175,0.270906909812359,0.7838741603366869,False,NS
ILMN_3001928,8.5073614745283,8.14842196923077,0.35893950529753127,1.109230741899729,0.2713991316597913,0.784844221109865,False,NS
ILMN_3002579,8.506930142452827,8.11827304871795,0.3886570937348761,1.1092424165957775,0.2716302480135742,0.7850585202704458,False,NS
ILMN_3002577,8.57243511509434,8.934975717948719,-0.36254060285437895,-1.1052974690097346,0.27245721617971097,0.7850845476735951,False,NS
ILMN_3002964,8.527230829245285,8.94224610769231,-0.415015278447024,-1.105853318537743,0.2731411286591674,0.7850845476735951,False,NS
ILMN_3002751,8.323112312264154,8.721222256410258,-0.39810994414610335,-1.1051451582810405,0.2731793317723652,0.7850845476735951,False,NS
ILMN_3004987,8.62474875188679,8.292116264102564,0.3326324877842257,1.106128915636635,0.2722697688715638,0.7850845476735951,False,NS
ILMN_3002310,8.249563049056603,8.623702617948718,-0.3741395688921152,-1.1049349782611644,0.2732094225904111,0.7850845476735951,False,NS
ILMN_3004208,8.549191199999997,8.145708105128204,0.40348309487179357,1.106013052214556,0.2729388839362372,0.7850845476735951,False,NS
ILMN_3002032,8.586976451886793,8.213718120512818,0.37325833137397524,1.10658833052484,0.27220936185066547,0.7850845476735951,False,NS
ILMN_3004873,8.27279593773585,8.624147153846156,-0.35135121611030584,-1.1074030753198527,0.2722178869754403,0.7850845476735951,False,NS
ILMN_3004896,8.605003216037735,8.239981425641023,0.3650217903967121,1.1055571629225256,0.2729996967637297,0.7850845476735951,False,NS
ILMN_3000882,8.353509953773587,8.761645228205131,-0.40813527443154385,-1.1064939124507227,0.2730079112466787,0.7850845476735951,False,NS
ILMN_3004389,8.70286818018868,8.34769626153846,0.35517191865022113,1.0997222976159644,0.2748368199763963,0.7857488761124662,False,NS
ILMN_3001514,8.579601786792452,8.189224661538459,0.39037712525399293,1.1025759941239557,0.27482798979345713,0.7857488761124662,False,NS
ILMN_3001816,8.370189026415094,8.767475366666664,-0.3972863402515703,-1.1023575048622154,0.2747593519437156,0.7857488761124662,False,NS
ILMN_3003654,8.49876937264151,8.891843225641026,-0.3930738529995157,-1.1032560264880362,0.2742874050745586,0.7857488761124662,False,NS
ILMN_3002643,8.575262310377358,8.211344423076925,0.36391788730043295,1.102896013708357,0.27418824875070597,0.7857488761124662,False,NS
ILMN_3003519,8.679052116037736,8.302447453846154,0.37660466219158195,1.1032644626765373,0.2740167625580649,0.7857488761124662,False,NS
ILMN_3001217,8.5694711745283,8.944233874358975,-0.37476269983067567,-1.0992218392678714,0.27501210663936315,0.7857488761124662,False,NS
ILMN_3003032,8.373648980188683,8.726270541025638,-0.35262156083695473,-1.1005963608140201,0.27484940078828646,0.7857488761124662,False,NS
ILMN_3001059,8.604664145283017,8.25319378974359,0.35147035553942807,1.1012694987410723,0.2739568550896635,0.7857488761124662,False,NS
ILMN_3002815,8.623836320754716,8.26671996923077,0.3571163515239455,1.1001934739891557,0.27487001799941707,0.7857488761124662,False,NS
ILMN_3001242,8.656097901886792,8.333321405128205,0.32277649675858733,1.0979299193538747,0.27561253090441373,0.7865654420788063,False,NS
ILMN_3004658,8.716769159433962,8.37747153076923,0.3392976286647329,1.0986738745287317,0.27557534064217504,0.7865654420788063,False,NS
ILMN_3001137,8.37601531226415,8.769697299999999,-0.3936819877358495,-1.0995128892399757,0.27592436313000807,0.7870061697946608,False,NS
ILMN_3002048,8.170648307547168,8.529274061538459,-0.3586257539912907,-1.0961211815137055,0.2766345615411145,0.7873199232599731,False,NS
ILMN_3001588,8.255960892452832,8.621768474358975,-0.36580758190614304,-1.0979682397062929,0.2765023571045593,0.7873199232599731,False,NS
ILMN_3003616,8.44715113867924,8.079189800000002,0.36796133867923864,1.0964101199137046,0.2768216850182066,0.7873199232599731,False,NS
ILMN_3002663,8.45907173207547,8.805753405128204,-0.3466816730527338,-1.0956228010995446,0.2767917426476978,0.7873199232599731,False,NS
ILMN_3002885,8.809960499056606,8.525097889743588,0.2848626093130182,1.0941849642573271,0.2766004655282243,0.7873199232599731,False,NS
ILMN_3004820,8.376655809433965,8.75496141282051,-0.3783056033865453,-1.0968618193301132,0.2772054305598586,0.7879631340530374,False,NS
ILMN_3001847,8.220804036792451,8.589232935897435,-0.368428899104984,-1.0933336833627114,0.2775265619641735,0.7879800169340532,False,NS
ILMN_3004136,8.232826621698116,8.588493597435896,-0.3556669757377797,-1.0948439266331826,0.27742990896450936,0.7879800169340532,False,NS
ILMN_3003389,8.142005623584906,8.50917774871795,-0.36717212513304354,-1.09270481607126,0.27810584000027766,0.7887289846859831,False,NS
ILMN_3001498,8.633370501886798,8.245592758974361,0.38777774291243716,1.0946496108222725,0.2779816648193351,0.7887289846859831,False,NS
ILMN_3004849,8.646487383962265,8.333856323076926,0.3126310608853391,1.0917217834790252,0.27830003840714096,0.7888323084102635,False,NS
ILMN_3003199,8.580562720754717,8.256988717948717,0.3235740028059997,1.0900307611027709,0.27928717460252495,0.7907337899278736,False,NS
ILMN_3003628,8.401864277358495,8.774739558974362,-0.37287528161586714,-1.0923075884861289,0.279150874927703,0.7907337899278736,False,NS
ILMN_3002652,8.525669200943396,8.148745074358976,0.3769241265844201,1.0889174648607811,0.2796523395699192,0.7913195799941121,False,NS
ILMN_3002873,8.973002425471698,8.598927297435898,0.3740751280358001,1.0889296198122806,0.28016994517352045,0.7923358177984176,False,NS
ILMN_3003891,8.20810074339623,8.574413466666666,-0.3663127232704362,-1.088526649290991,0.2804933103789112,0.7924700326809325,False,NS
ILMN_3001785,8.787795058490564,8.49607616923077,0.29171888925979417,1.0855148210094105,0.28077036571185515,0.7924700326809325,False,NS
ILMN_3002732,8.409865269811325,8.770510353846152,-0.360645084034827,-1.0876878656913025,0.2808513795821225,0.7924700326809325,False,NS
ILMN_3003781,8.319077905660377,8.696870043589744,-0.37779213792936694,-1.0895676355541861,0.28054855128589956,0.7924700326809325,False,NS
ILMN_3002648,8.66806098018868,9.009979371794872,-0.34191839160619253,-1.0860299032802516,0.2811713688298842,0.7929254620132098,False,NS
ILMN_3002117,8.681261192452833,8.300998310256412,0.3802628821964209,1.086866433172998,0.28137896472559176,0.7930635984374063,False,NS
ILMN_3003273,8.78634846509434,8.477041635897434,0.3093068291969061,1.0828849109373302,0.2823964231853556,0.7932483797341451,False,NS
ILMN_3001084,8.80347099528302,8.485929753846152,0.31754124143686724,1.0844466712623333,0.28163231343460465,0.7932483797341451,False,NS
ILMN_3002823,8.387959929245278,8.707647664102563,-0.3196877348572844,-1.0824349076229585,0.2821025629416288,0.7932483797341451,False,NS
ILMN_3000620,8.593929993396225,8.254150633333335,0.3397793600628898,1.0829214658152517,0.28227866235523663,0.7932483797341451,False,NS
ILMN_3000987,8.738341470754715,8.340752012820513,0.39758945793420253,1.0844980391158492,0.28227808504174007,0.7932483797341451,False,NS
ILMN_3002835,8.421624450943396,8.76829695897436,-0.3466725080309647,-1.0846191676716463,0.28186223028809343,0.7932483797341451,False,NS
ILMN_3003546,8.49767556320755,8.140097969230766,0.35757759397678335,1.0810540941941347,0.2835936379993216,0.7961640595152205,False,NS
ILMN_3001080,8.008917361320758,8.378699356410253,-0.36978199508949494,-1.0800767649926821,0.2838966969131016,0.7965676119896229,False,NS
ILMN_3002463,8.387657859433967,8.716232146153848,-0.3285742867198813,-1.0783161350824917,0.28420858661501003,0.7969954756450085,False,NS
ILMN_3000542,8.255194716037737,8.609733741025638,-0.3545390249879006,-1.0781515802965662,0.2848897603359118,0.7980027281081159,False,NS
ILMN_3000523,8.477425764150944,8.851821774358973,-0.37439601020802904,-1.0790781187778677,0.28477786222561774,0.7980027281081159,False,NS
ILMN_3000808,8.356559487735852,8.728247492307693,-0.3716880045718405,-1.0776284070874853,0.28504657448021903,0.7980027281081159,False,NS
ILMN_3000964,8.541594301886795,8.146400092307692,0.39519420957910256,1.0770674378210927,0.28560624533293,0.7982680031225651,False,NS
ILMN_3001760,8.272600440566038,8.595919725641023,-0.32331928507498553,-1.0730141348372195,0.28641855952037637,0.7982680031225651,False,NS
ILMN_3004478,8.52940213584906,8.18658811025641,0.3428140255926486,1.076119897387557,0.28548780705337895,0.7982680031225651,False,NS
ILMN_3002344,8.926209722641506,8.55046235897436,0.37574736366714667,1.0755347205889343,0.2861083109091488,0.7982680031225651,False,NS
ILMN_3001086,8.617736194339622,8.258803043589744,0.35893315074987875,1.0759355548195293,0.28573343965447456,0.7982680031225651,False,NS
ILMN_3004352,8.836342733018865,9.204147535897434,-0.36780480287856854,-1.0760622948026803,0.2858776901815049,0.7982680031225651,False,NS
ILMN_3001243,8.715051067924524,8.347061807692306,0.3679892602322177,1.0749305770494373,0.2862198590180948,0.7982680031225651,False,NS
ILMN_3003973,8.206080873584906,7.843748569230768,0.36233230435413777,1.0757904912573315,0.2863893830945845,0.7982680031225651,False,NS
ILMN_3004428,8.432979288679249,8.078803874358975,0.3541754143202738,1.0740739451186696,0.2866609750591221,0.7984985377691424,False,NS
ILMN_3004453,8.829307710377357,8.492828635897435,0.33647907447992154,1.0731858367699925,0.2869110331295397,0.7987500922314579,False,NS
ILMN_3003064,8.672738304716983,8.301290102564103,0.3714482021528802,1.0720272633395407,0.28769166351259556,0.800477639155803,False,NS
ILMN_3002148,8.23624094245283,8.637432633333336,-0.4011916908805073,-1.0720368075076763,0.2881958408231158,0.8007625598990298,False,NS
ILMN_3000989,8.584453297169816,8.199373535897433,0.3850797612723831,1.068929956346045,0.289085179061916,0.8007625598990298,False,NS
ILMN_3002458,8.703356777358493,8.34562567948718,0.35773109787131396,1.0697732641685995,0.28862833051514447,0.8007625598990298,False,NS
ILMN_3004231,8.582719192452835,8.942052276923075,-0.35933308447024004,-1.0675753452497234,0.2892354366355296,0.8007625598990298,False,NS
ILMN_3003141,8.565716819811321,8.876911889743592,-0.3111950699322712,-1.069997044692548,0.28842007592962454,0.8007625598990298,False,NS
ILMN_3001640,8.287147708490565,8.666967812820516,-0.3798201043299514,-1.0687963399607368,0.2890940923980766,0.8007625598990298,False,NS
ILMN_3003986,8.278214558490568,8.59093435128205,-0.31271979279148177,-1.0680775279702799,0.2887659814525607,0.8007625598990298,False,NS
ILMN_3000654,8.6050563245283,8.246743643589742,0.3583126809385586,1.0692489313506286,0.28874316576331543,0.8007625598990298,False,NS
ILMN_3003358,8.32593512735849,8.696555538461537,-0.37062041110304733,-1.071864042917561,0.28821151535357326,0.8007625598990298,False,NS
ILMN_3002362,8.322329691509434,8.67768456153846,-0.355354870029025,-1.0673653638163714,0.28965860766682194,0.8014903366541836,False,NS
ILMN_3000983,8.51418591226415,8.819614241025642,-0.30542832876149184,-1.0652155845661724,0.2898430540044547,0.8015571183751513,False,NS
ILMN_3000708,8.4634658490566,8.84295164102564,-0.3794857919690404,-1.0651759867992572,0.29072395815027585,0.8017759463603857,False,NS
ILMN_3003504,8.447225109433964,8.114698312820515,0.33252679661344864,1.0639816024903612,0.2906397656962704,0.8017759463603857,False,NS
ILMN_3001215,8.701072758490566,8.33951495128205,0.3615578072085164,1.0658534281502245,0.2902951345003132,0.8017759463603857,False,NS
ILMN_3003375,8.370529078301887,8.751072269230766,-0.3805431909288792,-1.0663693890516357,0.2906256643624198,0.8017759463603857,False,NS
ILMN_3001070,8.583852839622642,8.21281871282051,0.3710341268021313,1.0673354872127154,0.2901659635073949,0.8017759463603857,False,NS
ILMN_3002514,8.330114615094342,8.665443897435898,-0.3353292823415561,-1.064220754867544,0.29090256165138745,0.801826244904596,False,NS
ILMN_3002106,8.574888996226415,8.966117989743589,-0.3912289935171742,-1.0627199859639604,0.29160310963847874,0.8019164057352962,False,NS
ILMN_3001114,8.525453661320752,8.882317041025642,-0.35686337970489035,-1.0635644335370358,0.2912334484687727,0.8019164057352962,False,NS
ILMN_3004699,8.38356540471698,8.729564961538463,-0.3459995568214822,-1.0629483093441938,0.2914167751324643,0.8019164057352962,False,NS
ILMN_3003354,8.779996155660374,8.472005010256408,0.30799114540396566,1.061169018470572,0.29173718840650076,0.8019164057352962,False,NS
ILMN_3002086,8.686297935849051,8.30761228974359,0.3786856461054615,1.0632322000715402,0.29129998897388765,0.8019164057352962,False,NS
ILMN_3000574,8.761476387735845,8.361502112820512,0.39997427491533344,1.0625112110794186,0.2922970432286163,0.8025728809132793,False,NS
ILMN_3002185,8.740092540566035,8.45476687948718,0.28532566107885593,1.0598100960575436,0.29226007306532037,0.8025728809132793,False,NS
ILMN_3000727,8.656689230188679,8.337211812820511,0.3194774173681676,1.0588085532965381,0.2926049432651958,0.8029773415620083,False,NS
ILMN_3002312,8.862552156603773,8.52941262820513,0.33313952839864314,1.0597309378070945,0.29300238038393195,0.8036269346789138,False,NS
ILMN_3001129,8.565840423584907,8.963443274358973,-0.39760285077406543,-1.0589402649678124,0.29319739691364693,0.8037209345220585,False,NS
ILMN_3004640,8.51900310943396,8.165598082051284,0.3534050273826761,1.0576793095133628,0.2935671705656221,0.8042936179880058,False,NS
ILMN_3004616,8.394460495283017,8.70142342820513,-0.3069629329221133,-1.0564728538440817,0.29378498374529544,0.8044495721393631,False,NS
ILMN_3000774,8.726785620754713,8.353037825641028,0.37374779511368494,1.0569359783935897,0.29410137997375857,0.8047628107225158,False,NS
ILMN_3004497,8.37838790283019,8.075767571794868,0.30262033103532104,1.056407067644914,0.29422128360015176,0.8047628107225158,False,NS
ILMN_3000693,8.745531537735848,8.363023133333332,0.38250840440251643,1.0578513847913869,0.2946945569352779,0.8056166127262928,False,NS
ILMN_3002456,8.434806428301881,8.793275410256411,-0.35846898195453036,-1.0554059579278476,0.2950286582313084,0.806089230140187,False,NS
ILMN_3002188,8.348938566981131,8.708227207692309,-0.3592886407111777,-1.0542695716327888,0.2954686465925829,0.8068504822298822,False,NS
ILMN_3004025,8.376749662264153,8.696025012820513,-0.31927535055636014,-1.0532034542050712,0.29578693579182946,0.8072787548903643,False,NS
ILMN_3001501,8.517976046226414,8.904559656410255,-0.38658361018384113,-1.0542136514292486,0.296151453144123,0.8078326599676023,False,NS
ILMN_3003886,8.72186227924528,8.425561510256411,0.2963007689888677,1.0500013685813734,0.29660971736129815,0.8082008647446817,False,NS
ILMN_3001743,8.785670712264153,8.413433876923076,0.3722368353410772,1.0524672179625103,0.2965944937360395,0.8082008647446817,False,NS
ILMN_3003063,8.461721711320758,8.782092397435898,-0.3203706861151403,-1.0491209704436641,0.29727756388624293,0.809579422348156,False,NS
ILMN_3001270,8.44679992264151,8.046913438461537,0.39988648417997297,1.0509693774584388,0.297602561027539,0.8100233016536174,False,NS
ILMN_3003139,8.728979241509434,8.364713589743591,0.3642656517658427,1.0493676654390782,0.29800454202547744,0.8106761208527679,False,NS
ILMN_3000899,8.713190956603777,8.365271074358976,0.34791988224480086,1.0472429366768627,0.2982632506434817,0.8109386912547082,False,NS
ILMN_3000676,8.357092016981134,8.6955471974359,-0.3384551804547655,-1.04737863323912,0.29847268593991444,0.8110670813584632,False,NS
ILMN_3003127,8.922868767924529,8.548529302564102,0.3743394653604266,1.0471155154775895,0.29897120722088333,0.8119804650214104,False,NS
ILMN_3001784,8.196378678301887,8.50589745897436,-0.30951878067247307,-1.0462404485199048,0.2994797381584225,0.8129200275744367,False,NS
ILMN_3002933,8.288113739622641,7.90115562051282,0.3869581191098215,1.0449356667822323,0.2999022107859447,0.8134534183247878,False,NS
ILMN_3003476,8.695549556603774,8.337744089743591,0.35780546686018333,1.0452896289377531,0.30000162067818176,0.8134534183247878,False,NS
ILMN_3004183,8.30824912735849,8.646669620512823,-0.33842049315433265,-1.0438658996396555,0.30055971174372803,0.8140837262831204,False,NS
ILMN_3001644,8.345783186792453,8.69343482051282,-0.34765163372036767,-1.042466698521632,0.3004349920695464,0.8140837262831204,False,NS
ILMN_3000956,8.816980188679247,8.422390651282054,0.39458953739719327,1.042951899523124,0.30093024763737247,0.814646041248978,False,NS
ILMN_3001959,8.430184348113208,8.767446774358973,-0.33726242624576486,-1.0416909318012542,0.30137423124776247,0.8150705465924252,False,NS
ILMN_3001570,8.632253844339619,8.31181741794872,0.32043642639089853,1.0404230553037284,0.3014130881298788,0.8150705465924252,False,NS
ILMN_3003049,8.515356104716977,8.098810823076922,0.41654528164005455,1.0413745147270486,0.30172652587026394,0.8154770969466593,False,NS
ILMN_3002921,8.546221906603774,8.879274110256409,-0.33305220365263466,-1.0398994734362155,0.3021036887300294,0.8160553450297932,False,NS
ILMN_3002837,8.285353841509435,8.631380912820513,-0.34602707131107735,-1.0399961404589646,0.30228363100936534,0.8161005156840316,False,NS
ILMN_3002352,8.587102923584904,8.932288097435897,-0.345185173850993,-1.0388253098081004,0.3027512291609961,0.8169218272018244,False,NS
ILMN_3002043,8.374311159433962,8.765918179487176,-0.3916070200532147,-1.0350670539726154,0.3046822135055703,0.8194787883420395,False,NS
ILMN_3004750,8.755510380188683,9.04407196666667,-0.2885615864779858,-1.033160612687824,0.3045219899851596,0.8194787883420395,False,NS
ILMN_3001500,8.292151386792451,7.956102089743588,0.3360492970488629,1.0354655027640234,0.30412628221499244,0.8194787883420395,False,NS
ILMN_3002561,8.462942293396226,8.138351638461538,0.3245906549346884,1.035332577774969,0.30433084873608296,0.8194787883420395,False,NS
ILMN_3000525,8.585403695283022,8.929864715384616,-0.3444610201015941,-1.0347478654270583,0.3040465757418227,0.8194787883420395,False,NS
ILMN_3004904,8.348261055660377,8.722753225641025,-0.37449216998064827,-1.035644099863162,0.3045622708930022,0.8194787883420395,False,NS
ILMN_3003649,8.700841813207546,8.412744046153843,0.2880977670537028,1.0326406365940886,0.30544373464548963,0.8201848035503941,False,NS
ILMN_3001071,8.46993195283019,8.830067117948717,-0.3601351651185265,-1.03284217152053,0.30529025859812603,0.8201848035503941,False,NS
ILMN_3004633,8.342386550000004,8.034669566666667,0.3077169833333375,1.0307938562648225,0.3055557367559888,0.8201848035503941,False,NS
ILMN_3004800,8.712696150943396,8.378137517948717,0.33455863299467836,1.0315594382958786,0.3056008578028768,0.8201848035503941,False,NS
ILMN_3000718,8.641358109433964,8.292005235897438,0.34935287353652633,1.031780534955382,0.3058522666020262,0.8204191700698127,False,NS
ILMN_3002695,8.506641972641507,8.823448038461537,-0.31680606582003,-1.0302169403804549,0.30668424683099027,0.8222097770267836,False,NS
ILMN_3003522,8.546870684905661,8.92996561025641,-0.38309492535074874,-1.0297718146663841,0.3069229202780515,0.8224086824170727,False,NS
ILMN_3000785,8.664298520754716,8.318350689743589,0.34594783101112725,1.0273290099892889,0.30784957896118614,0.8226872767535707,False,NS
ILMN_3000904,8.42697085283019,8.040453376923079,0.3865174759071106,1.0287859355679292,0.30780058746453026,0.8226872767535707,False,NS
ILMN_3001590,8.493057982075474,8.165094541025642,0.32796344104983177,1.028423563399146,0.3076914706406876,0.8226872767535707,False,NS
ILMN_3002453,8.829488444339619,8.484239271794872,0.3452491725447473,1.0271503251421468,0.3078449596716979,0.8226872767535707,False,NS
ILMN_3000712,8.30726115566038,8.61645289230769,-0.3091917366473105,-1.028115795440899,0.3072521253984705,0.8226872767535707,False,NS
ILMN_3000536,8.370149249999999,8.717964476923077,-0.3478152269230783,-1.0251527128708973,0.30881545966607493,0.8229139026913945,False,NS
ILMN_3000641,8.414579948113207,8.12241174102564,0.29216820708756686,1.0243486279726521,0.3086088454108103,0.8229139026913945,False,NS
ILMN_3004020,8.197687287735853,8.567245366666667,-0.3695580789308135,-1.027808850293627,0.30830069812767935,0.8229139026913945,False,NS
ILMN_3003515,8.547501401886793,8.868982194871796,-0.3214807929850032,-1.0255411143248896,0.3089218790703495,0.8229139026913945,False,NS
ILMN_3002198,8.522511358490567,8.135949423076925,0.38656193541364203,1.028226317904366,0.30832187910522313,0.8229139026913945,False,NS
ILMN_3001484,8.441440815094337,8.804286864102563,-0.36284604900822615,-1.026307198439413,0.30871133950997154,0.8229139026913945,False,NS
ILMN_3003479,8.531987590566033,8.228388746153845,0.3035988444121873,1.0243191409865227,0.3091040983697843,0.8229608582795109,False,NS
ILMN_3000895,8.52679254528302,8.837915292307692,-0.3111227470246707,-1.0230652597585952,0.3094439182054745,0.8234271373216459,False,NS
ILMN_3000624,8.355361498113211,8.661710576923076,-0.3063490788098644,-1.0222179141325902,0.3096148155016111,0.8234436582489656,False,NS
ILMN_3001545,8.25423926698113,8.608118128205128,-0.3538788612239969,-1.0235011715112758,0.3098161517326939,0.8235410731863209,False,NS
ILMN_3004007,8.68529696037736,8.374691666666665,0.31060529371069556,1.0208989700816886,0.31069986353737283,0.824575009387932,False,NS
ILMN_3003223,8.367355067924532,8.726524043589746,-0.3591689756652148,-1.0223946327749536,0.3105703531820735,0.824575009387932,False,NS
ILMN_3000627,8.66593599150944,8.347439505128206,0.3184964863812336,1.0206348052621248,0.31062004876723975,0.824575009387932,False,NS
ILMN_3001228,8.64895361509434,8.301583046153848,0.3473705689404927,1.0212677436288777,0.3112380585510454,0.8246901392449534,False,NS
ILMN_3004385,8.598374731132079,8.242440730769232,0.35593400036284706,1.0207063806651535,0.31096697455850814,0.8246901392449534,False,NS
ILMN_3003936,8.283982634905659,8.628302348717952,-0.3443197138122933,-1.0210549240617308,0.3111237376391694,0.8246901392449534,False,NS
ILMN_3004603,8.543200461320753,8.257947666666665,0.28525279465408815,1.0165205176930963,0.31194275602850396,0.824808979451359,False,NS
ILMN_3001528,8.57015254811321,8.903917320512821,-0.33376477239961133,-1.019537401405498,0.3118591253309607,0.824808979451359,False,NS
ILMN_3004333,8.22168182830189,8.568850266666669,-0.34716843836477906,-1.0192314340417399,0.311937024355763,0.824808979451359,False,NS
ILMN_3001629,8.71043869716981,8.416905174358973,0.29353352281083644,1.0183464905985662,0.31177321792605955,0.824808979451359,False,NS
ILMN_3003715,8.716968252830187,8.37026147692308,0.34670677590710675,1.0173833228475393,0.31259008843936403,0.8248251387645338,False,NS
ILMN_3001249,8.668228669811317,8.3399979,0.3282307698113165,1.0147498952494416,0.3128697852701332,0.8248251387645338,False,NS
ILMN_3002260,8.503453383018869,8.223122587179489,0.2803307958393795,1.0175273638663633,0.31230432348781817,0.8248251387645338,False,NS
ILMN_3000787,8.499904279245278,8.80316778974359,-0.30326351049831146,-1.0160286962114664,0.31228862623177883,0.8248251387645338,False,NS
ILMN_3002786,8.542692283962268,8.183204805128204,0.3594874788340636,1.017505107376413,0.31279240662025753,0.8248251387645338,False,NS
ILMN_3000879,8.560086838679247,8.181121305128203,0.37896553355104423,1.017713645532388,0.31293865764726414,0.8248251387645338,False,NS
ILMN_3004676,8.545474585849059,8.24239073076923,0.30308385507982827,1.0141442960145273,0.3136349310615493,0.8249209128394249,False,NS
ILMN_3000845,8.58195449245283,8.230752338461537,0.3512021539912933,1.0165105988069536,0.31335938253497636,0.8249209128394249,False,NS
ILMN_3001405,8.556789367924527,8.187236920512822,0.3695524474117047,1.0156427670447,0.31348862201051436,0.8249209128394249,False,NS
ILMN_3003393,8.56255863301887,8.20624080769231,0.35631782532655976,1.018497060526125,0.3131535356026875,0.8249209128394249,False,NS
ILMN_3001800,8.583314368867924,8.24033418974359,0.3429801791243339,1.0148091060403224,0.3138013196703519,0.8249246048116506,False,NS
ILMN_3002457,8.171080266981136,8.516235141025641,-0.3451548740445052,-1.011943470034294,0.31547403530312057,0.8253463625556933,False,NS
ILMN_3003526,8.428202717924526,8.132949415384616,0.2952533025399102,1.012532869940801,0.31467993415397966,0.8253463625556933,False,NS
ILMN_3001162,8.414224675471697,8.76569502051282,-0.3514703450411236,-1.0114782222005338,0.31561694223058073,0.8253463625556933,False,NS
ILMN_3003825,8.329065811320751,8.687285884615383,-0.3582200732946319,-1.0120781936475298,0.3155642656619355,0.8253463625556933,False,NS
ILMN_3004812,8.438287211320755,8.767803630769228,-0.3295164194484723,-1.010238618866992,0.31547393105779425,0.8253463625556933,False,NS
ILMN_3002217,8.573704959433963,8.872308820512822,-0.2986038610788597,-1.0126046477727146,0.3143738621370199,0.8253463625556933,False,NS
ILMN_3002224,8.687595408490564,8.306475538461537,0.3811198700290266,1.0118279747833012,0.3154777530900552,0.8253463625556933,False,NS
ILMN_3003484,8.5293937754717,8.190048,0.3393457754716991,1.0131809301069798,0.31478803603137717,0.8253463625556933,False,NS
ILMN_3000951,8.459473340566039,8.874208812820513,-0.41473547225447405,-1.0117013923009195,0.31577751831380824,0.8253463625556933,False,NS
ILMN_3001458,8.666922855660378,8.985156561538462,-0.3182337058780842,-1.012728846589131,0.3145509237176332,0.8253463625556933,False,NS
ILMN_3004099,8.47998731320755,8.109788766666664,0.3701985465408857,1.0137593209559561,0.31423418248795143,0.8253463625556933,False,NS
ILMN_3004997,8.486522018867921,8.82043041025641,-0.3339083913884888,-1.0081025859420596,0.317283124210754,0.8255028043002691,False,NS
ILMN_3001725,8.564111899999999,8.209601215384618,0.3545106846153807,1.0071332443168264,0.31747567012814515,0.8255028043002691,False,NS
ILMN_3001624,8.208441677358493,8.514413379487177,-0.30597170212868363,-1.0058876725905495,0.3172031904845191,0.8255028043002691,False,NS
ILMN_3000796,8.255308549056604,8.596349174358975,-0.3410406253023712,-1.0073333819102013,0.3172276427027004,0.8255028043002691,False,NS
ILMN_3003292,8.415632217924525,8.74982453076923,-0.33419231284470463,-1.009889039762994,0.3164455731061977,0.8255028043002691,False,NS
ILMN_3004619,8.46657773018868,8.775190671794872,-0.30861294160619224,-1.0070691613527667,0.31724653922665447,0.8255028043002691,False,NS
ILMN_3003400,8.64925832075472,8.285130097435895,0.36412822331882566,1.0089612343522,0.31701271344159837,0.8255028043002691,False,NS
ILMN_3001381,8.462766804716981,8.121177071794872,0.3415897329221096,1.0082531007902078,0.31663429029117746,0.8255028043002691,False,NS
ILMN_3004068,8.47345672169811,8.803570474358976,-0.33011375266086596,-1.0068841576334029,0.3174883785338835,0.8255028043002691,False,NS
ILMN_3001976,8.451918934905663,8.17269824871795,0.27922068618771334,1.0055320312332823,0.31724821463163505,0.8255028043002691,False,NS
ILMN_3002253,8.52003851792453,8.852261866666664,-0.33222334874213466,-1.0048760975477549,0.3183165712420209,0.826796288940314,False,NS
ILMN_3003371,8.484397949056602,8.824312171794869,-0.3399142227382672,-1.0056625558669625,0.31817053594958156,0.826796288940314,False,NS
ILMN_3004743,8.499465208490566,8.843048130769231,-0.3435829222786655,-1.0043289604516779,0.3187803089835384,0.827570895595894,False,NS
ILMN_3002103,8.489365180188681,8.19211351794872,0.2972516622399617,1.0020048159840553,0.3192155463508189,0.82827074818583,False,NS
ILMN_3000869,8.303359103773584,8.650754105128204,-0.3473950013546201,-1.0035205287332587,0.31947091205121514,0.8285034026224459,False,NS
ILMN_3001163,8.491778944339623,8.197744710256412,0.2940342340832114,1.0000683539428215,0.320226634789399,0.8300327495837196,False,NS
ILMN_3001905,8.614876872641515,8.26727996923077,0.3475969034107447,0.9988567550336503,0.32168393366397663,0.8312246347906372,False,NS
ILMN_3003947,8.632050832075473,8.295407310256413,0.33664352181905954,0.9993537463929949,0.32163396969811153,0.8312246347906372,False,NS
ILMN_3002965,8.120349491509435,8.42663723076923,-0.3062877392597958,-0.998109237693506,0.3212837381594773,0.8312246347906372,False,NS
ILMN_3004697,8.520727983018867,8.873538615384614,-0.35281063236574717,-1.0006703987336585,0.32109129096086847,0.8312246347906372,False,NS
ILMN_3004242,8.364628313207549,8.013542184615387,0.3510861285921614,0.9978967495096532,0.3216023331226847,0.8312246347906372,False,NS
ILMN_3000546,8.175275655660377,8.508168846153847,-0.3328931904934702,-0.999397196578413,0.3209925328813768,0.8312246347906372,False,NS
ILMN_3004869,8.55350204716981,8.235198741025641,0.318303306144168,0.9965302215406875,0.32245814313773746,0.8327947911615121,False,NS
ILMN_3003575,8.460876550943395,8.733323215384614,-0.2724466644412189,-0.9941772731787758,0.3229416814482662,0.8336130135474088,False,NS
ILMN_3004330,8.498341033962268,8.854870043589742,-0.356529009627474,-0.9956632332362222,0.32344728462607475,0.8344873184367254,False,NS
ILMN_3003483,8.376905938679249,8.672553333333331,-0.2956473946540825,-0.9921927894117198,0.3242279024201374,0.8347783275492723,False,NS
ILMN_3003439,8.73805552264151,8.374710243589742,0.3633452790517673,0.993486608135778,0.3240837172383927,0.8347783275492723,False,NS
ILMN_3001220,8.902764260377356,8.599755700000001,0.30300856037735535,0.9923342051096427,0.3239267500944751,0.8347783275492723,False,NS
ILMN_3000813,8.142109363207544,8.47597775897436,-0.3338683957668156,-0.9934551417454031,0.3240166317178543,0.8347783275492723,False,NS
ILMN_3001196,8.389330797169816,8.07557142820513,0.3137593689646856,0.9916995002317086,0.32475006735790246,0.8353631212497921,False,NS
ILMN_3004245,8.433741861320755,8.723018399999999,-0.2892765386792444,-0.9911933456334789,0.3250525091725794,0.8353631212497921,False,NS
ILMN_3002364,8.323147066981132,8.664565674358977,-0.3414186073778449,-0.9923257835819763,0.32512332679041905,0.8353631212497921,False,NS
ILMN_3002614,8.446869834905664,8.72429151282051,-0.2774216779148464,-0.9903715741949526,0.32511443998178335,0.8353631212497921,False,NS
ILMN_3004033,8.32543443301887,8.006909751282052,0.31852468173681814,0.9902595052107278,0.32576396972632216,0.8355339336293935,False,NS
ILMN_3001167,8.34025548301887,8.697479969230768,-0.35722448621189784,-0.9919698698332159,0.3254808636643259,0.8355339336293935,False,NS
ILMN_3004420,8.645267414150942,8.35508163076923,0.29018578338171075,0.9893893151662867,0.3258582341154635,0.8355339336293935,False,NS
ILMN_3002938,8.661903952830192,8.267582051282051,0.39432190154814073,0.9902978617092164,0.3258412921388308,0.8355339336293935,False,NS
ILMN_3002750,8.186253082075472,8.496093643589743,-0.309840561514271,-0.9883962993587309,0.3261993174265336,0.835902024689883,False,NS
ILMN_3001455,8.722818013207547,8.413831589743587,0.3089864234639599,0.9873010928114186,0.3264136612664313,0.835902024689883,False,NS
ILMN_3004026,8.432403538679242,8.075923715384612,0.3564798232946309,0.988968968521537,0.3265033308438683,0.835902024689883,False,NS
ILMN_3004827,8.714270150943394,8.404907446153844,0.3093627047895495,0.9855535533083198,0.32759200717429043,0.8365475157668295,False,NS
ILMN_3004087,8.647348320754716,8.358185728205129,0.2891625925495873,0.9874176220582226,0.32714049921453914,0.8365475157668295,False,NS
ILMN_3001146,8.817692113207547,8.548607020512819,0.2690850926947288,0.9844883948126097,0.3275130888199046,0.8365475157668295,False,NS
ILMN_3002481,8.576278920754717,8.257979612820513,0.318299307934204,0.9861237072826398,0.3274421545927434,0.8365475157668295,False,NS
ILMN_3002427,8.189879256603774,8.506268566666666,-0.31638931006289184,-0.9868250505477387,0.32719707152197147,0.8365475157668295,False,NS
ILMN_3000803,8.465844235849058,8.164648158974359,0.3011960768746995,0.9839212336444132,0.32818454494719373,0.8368895023763184,False,NS
ILMN_3001246,8.716476919811319,8.406913405128206,0.30956351468311283,0.983839312461833,0.3282280628319921,0.8368895023763184,False,NS
ILMN_3001305,8.658331995283017,8.96822343846154,-0.3098914431785218,-0.9836086140110198,0.3279980928179251,0.8368895023763184,False,NS
ILMN_3000990,8.327351535849054,8.670886387179488,-0.3435348513304337,-0.9825306491652395,0.32968693672115224,0.8375038561311958,False,NS
ILMN_3003930,8.451578369811322,8.154237900000002,0.2973404698113207,0.9835842524834101,0.3287643259258422,0.8375038561311958,False,NS
ILMN_3001488,8.59098979716981,8.257317641025642,0.3336721561441678,0.9828587430520035,0.32984160858816797,0.8375038561311958,False,NS
ILMN_3002209,8.18641313962264,8.556941392307692,-0.37052825268505174,-0.9845907206214018,0.32913315994172504,0.8375038561311958,False,NS
ILMN_3002121,8.726762866981128,8.387955415384617,0.3388074515965105,0.9813787181703456,0.32997651931569116,0.8375038561311958,False,NS
ILMN_3001579,8.428981399056601,8.134381007692307,0.2946003913642947,0.9830674471203102,0.32888774652171904,0.8375038561311958,False,NS
ILMN_3002173,8.426421816981133,8.736360733333333,-0.30993891635220017,-0.9824865938306334,0.32922485343311564,0.8375038561311958,False,NS
ILMN_3004626,8.893016674528306,8.567074056410256,0.3259426181180505,0.9814272314373707,0.32967464728265466,0.8375038561311958,False,NS
ILMN_3003082,8.534806730188679,8.82144496923077,-0.28663823904209096,-0.9802985207217205,0.32972806945056665,0.8375038561311958,False,NS
ILMN_3001766,8.45755314245283,8.148232533333331,0.3093206091194993,0.980713370468432,0.3301783120072651,0.8375908473040719,False,NS
ILMN_3000635,8.3186119,8.661986871794872,-0.3433749717948711,-0.9800407859980335,0.3307041179204378,0.8380742978216873,False,NS
ILMN_3001467,8.557035318867925,8.257801384615384,0.2992339342525412,0.9795619076923837,0.33062390151625,0.8380742978216873,False,NS
ILMN_3001006,8.618026633962263,8.308861774358975,0.3091648596032872,0.9768107024041383,0.33191475147740385,0.8388575844165093,False,NS
ILMN_3001996,8.362588598113206,8.683930941025642,-0.3213423429124358,-0.9681509463249248,0.33632397242546075,0.8388575844165093,False,NS
ILMN_3001827,8.812974778301886,8.495898166666665,0.31707661163522083,0.9707307351195901,0.3350917908185253,0.8388575844165093,False,NS
ILMN_3002841,8.290952106603774,8.587616197435898,-0.29666409083212386,-0.9664455997192255,0.336982373678083,0.8388575844165093,False,NS
ILMN_3002968,8.159460436792454,8.44799038974359,-0.28852995295113537,-0.9717854781931484,0.3340913782244907,0.8388575844165093,False,NS
ILMN_3001066,8.37989748773585,8.722202469230771,-0.3423049814949213,-0.9695771695811175,0.33613910309655837,0.8388575844165093,False,NS
ILMN_3001253,8.340523953773587,8.675479307692308,-0.3349553539187209,-0.9733559248723164,0.33372385929245796,0.8388575844165093,False,NS
ILMN_3004316,8.380272614150941,8.054936628205127,0.3253359859458147,0.9694044372079237,0.3358182774067554,0.8388575844165093,False,NS
ILMN_3001258,8.486252800943396,8.156636217948718,0.329616582994678,0.9775630655280296,0.33150078019328694,0.8388575844165093,False,NS
ILMN_3000859,8.599338856603772,8.256602292307692,0.34273656429608046,0.9704430101092939,0.33537677540831035,0.8388575844165093,False,NS
ILMN_3000892,8.679554940566039,8.392680517948719,0.2868744226173199,0.9706796319442843,0.3357094894560134,0.8388575844165093,False,NS
ILMN_3002536,8.47447745943396,8.13303252820513,0.34144493122883013,0.9757754399329267,0.3330729094116459,0.8388575844165093,False,NS
ILMN_3002558,8.514591498113209,8.229045223076925,0.2855462750362836,0.9767188406483538,0.33216362961306456,0.8388575844165093,False,NS
ILMN_3000921,8.291439168867923,8.575271482051285,-0.2838323131833622,-0.9735184487232839,0.3336710598022816,0.8388575844165093,False,NS
ILMN_3002056,8.524444633018868,8.191577048717951,0.33286758430091723,0.9765517967094578,0.3324941776550399,0.8388575844165093,False,NS
ILMN_3001230,8.329843723584906,8.64887657948718,-0.3190328559022735,-0.9715970729077612,0.3350473708619841,0.8388575844165093,False,NS
ILMN_3001617,8.702133305660377,8.403173876923077,0.29895942873729986,0.9680374321752844,0.3361541345850661,0.8388575844165093,False,NS
ILMN_3001212,8.643985233962265,8.354367605128207,0.2896176288340584,0.9665328688246583,0.33722074893543674,0.8388575844165093,False,NS
ILMN_3002353,8.730452554716981,8.407552961538462,0.32289959317851924,0.9744142721310002,0.33293929415375906,0.8388575844165093,False,NS
ILMN_3000706,8.352228106603773,8.663110253846156,-0.31088214724238306,-0.972532546871153,0.3341058613781614,0.8388575844165093,False,NS
ILMN_3003126,8.748587653773585,8.469699333333331,0.27888832044025413,0.9682570770105411,0.33616160869733486,0.8388575844165093,False,NS
ILMN_3001780,8.437149195283022,8.166150861538464,0.27099833374455784,0.9689684662046024,0.33561303978032403,0.8388575844165093,False,NS
ILMN_3001788,8.391827006603776,8.080531476923076,0.3112955296807005,0.9777530229520726,0.3318248846082027,0.8388575844165093,False,NS
ILMN_3001776,8.277409686792453,8.571067235897434,-0.29365754910498154,-0.9661096634530559,0.3372203135869096,0.8388575844165093,False,NS
ILMN_3002509,8.576666771698116,8.919650912820513,-0.34298414112239684,-0.9754261322833145,0.33362279767830466,0.8388575844165093,False,NS
ILMN_3001750,8.520476230188677,8.849418471794872,-0.32894224160619423,-0.9744219462760926,0.33321147055082245,0.8388575844165093,False,NS
ILMN_3001950,8.792898576415096,8.449796212820512,0.3431023635945838,0.9746171026555721,0.33336057151979404,0.8388575844165093,False,NS
ILMN_3001555,8.25085809622641,8.56606628974359,-0.3152081935171793,-0.9768640493448056,0.3321400172539206,0.8388575844165093,False,NS
ILMN_3003291,8.475103543396227,8.797350723076923,-0.32224717968069605,-0.971048903359702,0.33505505489847687,0.8388575844165093,False,NS
ILMN_3001329,8.497610496226418,8.19555896923077,0.30205152699564763,0.9675078370984768,0.3365730527640831,0.8388575844165093,False,NS
ILMN_3003460,8.543162071698115,8.863337371794875,-0.32017530009676065,-0.9670561420601436,0.3367073667534563,0.8388575844165093,False,NS
ILMN_3000731,8.440447329245284,8.723762105128204,-0.28331477588291953,-0.9680517693757846,0.33598978830594617,0.8388575844165093,False,NS
ILMN_3002602,8.48435080566038,8.134148751282051,0.35020205437832885,0.9677707020963286,0.3372052293564797,0.8388575844165093,False,NS
ILMN_3003399,8.450994557547169,8.798372794871794,-0.3473782373246248,-0.9749263142815604,0.33381430305154297,0.8388575844165093,False,NS
ILMN_3003670,8.653247898113205,8.334423138461537,0.3188247596516689,0.9771038174309001,0.33215541291055084,0.8388575844165093,False,NS
ILMN_3004740,8.812196321698115,9.081160625641028,-0.26896430394291215,-0.9669115616325633,0.3365351180535217,0.8388575844165093,False,NS
ILMN_3003200,8.514661567924533,8.816949779487178,-0.3022882115626455,-0.9749198157702677,0.3329941221080701,0.8388575844165093,False,NS
ILMN_3002539,8.561170371698116,8.19920693333333,0.3619634383647856,0.9616007600934972,0.34009051811552704,0.8399024115488896,False,NS
ILMN_3002062,8.423910238679246,8.73554677948718,-0.31163654080793357,-0.9597810475814382,0.3406265441877001,0.8399024115488896,False,NS
ILMN_3004566,8.553070057547167,8.849597358974359,-0.29652730142719186,-0.9592406949454807,0.3409709946880652,0.8399024115488896,False,NS
ILMN_3002713,8.775934433962261,8.48069790769231,0.2952365262699512,0.9585745087220198,0.3407370513535761,0.8399024115488896,False,NS
ILMN_3002629,8.582293711320757,8.229554448717948,0.3527392626028085,0.9652063454192757,0.33798926858646033,0.8399024115488896,False,NS
ILMN_3000711,8.445837946226419,8.754924074358977,-0.30908612813255765,-0.9607157664191538,0.34044997284439515,0.8399024115488896,False,NS
ILMN_3003910,8.46314019622642,8.173547358974359,0.2895928372520604,0.9576330071821879,0.34100037908884917,0.8399024115488896,False,NS
ILMN_3004564,8.462276059433961,8.749219215384619,-0.28694315595065767,-0.9630111959950198,0.3385270120468977,0.8399024115488896,False,NS
ILMN_3001992,8.467772791509432,8.752824748717948,-0.28505195720851617,-0.9621082100298548,0.3391785931002226,0.8399024115488896,False,NS
ILMN_3003153,8.417814349056604,8.097398982051285,0.32041536700531914,0.9624458850453,0.33887534390870866,0.8399024115488896,False,NS
ILMN_3003057,8.488277299056604,8.819821994871798,-0.33154469581519486,-0.9644708009667929,0.33827013924261984,0.8399024115488896,False,NS
ILMN_3001016,8.374408568867924,8.075425479487176,0.2989830893807479,0.960005037245497,0.34018090772297105,0.8399024115488896,False,NS
ILMN_3004527,8.787845016037735,8.502265358974359,0.2855796570633764,0.958291635493685,0.3406559452046839,0.8399024115488896,False,NS
ILMN_3003938,8.494557772641512,8.179325066666667,0.31523270597484476,0.9591518906571227,0.3409714138861557,0.8399024115488896,False,NS
ILMN_3001571,8.340934755660381,8.656062982051282,-0.3151282263909003,-0.9633671164484836,0.3388197180117931,0.8399024115488896,False,NS
ILMN_3004189,8.380542791509432,8.728265061538462,-0.34772227002902945,-0.9614184105380974,0.3401427317881138,0.8399024115488896,False,NS
ILMN_3004042,8.510608170754718,8.223478933333332,0.28712923742138585,0.9610206448811073,0.33952206552830017,0.8399024115488896,False,NS
ILMN_3000586,8.25807403207547,8.555110520512821,-0.2970364884373513,-0.9589014264330652,0.3407646933537138,0.8399024115488896,False,NS
ILMN_3003385,8.401882232075472,8.737444248717948,-0.3355620166424753,-0.9597686754580815,0.3404726150504542,0.8399024115488896,False,NS
ILMN_3000646,8.43461186981132,8.13637152051282,0.2982403492984993,0.9641100905666228,0.3378762209183033,0.8399024115488896,False,NS
ILMN_3004112,8.574044156603778,8.904720771794869,-0.33067661519109137,-0.9579759577369016,0.3414246495525421,0.8405333568501775,False,NS
ILMN_3003431,8.293291807547174,8.570955141025642,-0.2776633334784684,-0.9566445301551005,0.34162010779416135,0.8406006589423262,False,NS
ILMN_3004292,8.709498001886791,8.989798784615388,-0.28030078272859704,-0.9559676974781228,0.3419066225299339,0.8407650381939452,False,NS
ILMN_3002721,8.091558600000003,8.385710741025642,-0.2941521410256396,-0.9565263234016209,0.3423595235525745,0.8407650381939452,False,NS
ILMN_3003802,8.68233549716981,8.39949536153846,0.2828401356313499,0.9561219708435107,0.3421319565371539,0.8407650381939452,False,NS
ILMN_3000715,8.247643766037735,8.55550979230769,-0.30786602626995574,-0.9560218524104085,0.3423059647116762,0.8407650381939452,False,NS
ILMN_3001971,8.635632257547172,8.937493674358974,-0.3018614168118017,-0.9555110299774764,0.3425983189070717,0.840938436198016,False,NS
ILMN_3001078,8.464330313207544,8.75612284871795,-0.29179253551040674,-0.9547344535176993,0.34310349861018646,0.8413523752088927,False,NS
ILMN_3001616,8.6642978254717,8.980973002564102,-0.316675177092403,-0.9553835263711714,0.3430204808022912,0.8413523752088927,False,NS
ILMN_3000775,8.687547738679243,8.358604794871795,0.3289429438074478,0.9543530408405625,0.34350046675973733,0.8419129087248465,False,NS
ILMN_3004369,8.675737622641508,8.375279935897437,0.30045768674407114,0.9529686526035361,0.34405791126456725,0.8424532597075595,False,NS
ILMN_3003711,8.524289980188678,8.875583133333333,-0.35129315314465437,-0.9537906580726222,0.343915443609683,0.8424532597075595,False,NS
ILMN_3002950,8.645620999999997,8.351342428205129,0.2942785717948677,0.9511248075763291,0.3450253619096946,0.8444086194559338,False,NS
ILMN_3004061,8.475896901886795,8.194502682051281,0.28139421983551394,0.9496231411249797,0.34525151149016153,0.8445487071677141,False,NS
ILMN_3003165,8.660031434905662,8.931088023076919,-0.2710565881712572,-0.9485189098866644,0.3455238717342466,0.8447709286614884,False,NS
ILMN_3004233,8.217114600943399,8.557798317948716,-0.34068371700531763,-0.9505986278213224,0.34568026400828106,0.8447709286614884,False,NS
ILMN_3004959,8.587452185849058,8.928298243589744,-0.340846057740686,-0.9495172219321937,0.34613581649518327,0.8450581457401934,False,NS
ILMN_3004472,8.577292487735852,8.302049415384614,0.27524307235123757,0.9486447350342486,0.3460507344470551,0.8450581457401934,False,NS
ILMN_3001758,8.564133132075474,8.208868628205128,0.35526450387034636,0.9471688226949565,0.3467048913065571,0.845369434079039,False,NS
ILMN_3002691,8.502922733018867,8.18532928974359,0.3175934432752765,0.9472896406679936,0.3467705418592218,0.845369434079039,False,NS
ILMN_3003421,8.3041548009434,8.619317094871793,-0.31516229392839357,-0.948006481752978,0.34674424293445005,0.845369434079039,False,NS
ILMN_3004859,8.280385573584907,8.611123920512819,-0.3307383469279124,-0.9464698618589121,0.3471092135875151,0.8454847964554463,False,NS
ILMN_3003524,8.584762177358494,8.2712848974359,0.3134772799225942,0.9461203210687749,0.3473251543838973,0.8454847964554463,False,NS
ILMN_3003289,8.335184635849055,8.600664535897435,-0.26547990004837985,-0.9447398731355716,0.3472990275875878,0.8454847964554463,False,NS
ILMN_3004430,8.666952752830188,8.317507284615386,0.3494454682148014,0.9462788289409326,0.3477722983295016,0.8459965992068473,False,NS
ILMN_3001435,8.556971033018868,8.22260175128205,0.33436928173681757,0.9463094247031096,0.3478738015938556,0.8459965992068473,False,NS
ILMN_3003148,8.477702680188676,8.741522399999997,-0.26381971981132146,-0.9430834122724658,0.34821539002904395,0.846415629628206,False,NS
ILMN_3001015,8.506890781132075,8.803281441025641,-0.29639065989356617,-0.9433351461903104,0.3487045841446207,0.8471928672123923,False,NS
ILMN_3000590,8.436105585849058,8.138739199999998,0.2973663858490596,0.940328236324012,0.34992850275492676,0.8493522180167739,False,NS
ILMN_3001983,8.450385442452827,8.768370776923078,-0.3179853344702508,-0.9408854867517595,0.3499331138229108,0.8493522180167739,False,NS
ILMN_3000825,8.46883932169811,8.1503516,0.31848772169811035,0.9408721649591177,0.35056918816505755,0.8504832318414788,False,NS
ILMN_3003247,8.629194378301886,8.329176351282051,0.30001802701983493,0.9383350837041765,0.3513732002067544,0.8520203690755441,False,NS
ILMN_3003819,8.156682253773585,8.475184130769232,-0.31850187699564714,-0.937917514511152,0.35158305253830996,0.8521159780375908,False,NS
ILMN_3003296,8.769039533962264,8.425389179487178,0.34365035447508596,0.9376787643630476,0.3518801201625735,0.8524227717116606,False,NS
ILMN_3004787,8.441399300943397,8.761884853846157,-0.3204855529027597,-0.9372900629443925,0.3520916409212033,0.8524540312820145,False,NS
ILMN_3000993,8.284226139622639,7.963049946153845,0.3211761934687942,0.9366451451324793,0.35244294423106576,0.8524540312820145,False,NS
ILMN_3001181,8.601883565094338,8.914720874358977,-0.3128373092646388,-0.9359583196501406,0.3525749873382412,0.8524540312820145,False,NS
ILMN_3001823,8.395545700000001,8.72361802307692,-0.3280723230769187,-0.9369661536611213,0.3523234230522033,0.8524540312820145,False,NS
ILMN_3000810,8.639065364150945,8.361441233333332,0.27762413081761217,0.9300335268297664,0.3552902077387132,0.8526461883428526,False,NS
ILMN_3001332,8.35577203773585,8.643812935897435,-0.28804089816158474,-0.9324809422574214,0.354153040735311,0.8526461883428526,False,NS
ILMN_3000670,8.287726010377359,8.597534766666664,-0.30980875628930526,-0.9279932030378258,0.35669654217442087,0.8526461883428526,False,NS
ILMN_3002616,8.4156416,8.754362643589744,-0.338721043589743,-0.9285126476992323,0.3567137674577916,0.8526461883428526,False,NS
ILMN_3002693,8.695099617924532,8.427908964102567,0.26719065382196483,0.9302374773186969,0.354835083592302,0.8526461883428526,False,NS
ILMN_3004348,8.660970825471697,8.384651748717948,0.2763190767537491,0.9307801965761465,0.3552104479831875,0.8526461883428526,False,NS
ILMN_3001771,8.269768664150941,8.597824746153847,-0.3280560820029059,-0.9314311016076455,0.355016708371325,0.8526461883428526,False,NS
ILMN_3001136,8.408940287735849,8.689656146153844,-0.2807158584179952,-0.9304748933155343,0.354969515521351,0.8526461883428526,False,NS
ILMN_3003004,8.463593562264151,8.737106574358974,-0.27351301209482237,-0.9280116959800806,0.3560532600863069,0.8526461883428526,False,NS
ILMN_3001787,8.433549459433962,8.738046969230771,-0.3044975097968088,-0.9272409955637542,0.35672933755768327,0.8526461883428526,False,NS
ILMN_3004898,8.570303961320757,8.243308182051281,0.32699577926947576,0.932914243413966,0.354274829781441,0.8526461883428526,False,NS
ILMN_3003051,8.552719719811323,8.231607646153847,0.32111207365747596,0.9288475323261625,0.3566590889585907,0.8526461883428526,False,NS
ILMN_3002493,8.478183253773583,8.141677328205128,0.3365059255684546,0.9297432577453739,0.35565357123318736,0.8526461883428526,False,NS
ILMN_3003418,8.682434491509435,8.366062912820514,0.31637157868892096,0.9339676054895969,0.3538317726783376,0.8526461883428526,False,NS
ILMN_3001871,8.47270799339623,8.173093607692305,0.29961438570392573,0.9312337192504264,0.35504340052750705,0.8526461883428526,False,NS
ILMN_3003783,8.41618116509434,8.689529369230769,-0.273348204136429,-0.930072267438315,0.35477599172617424,0.8526461883428526,False,NS
ILMN_3002145,8.44075749528302,8.727652848717948,-0.2868953534349288,-0.9284063492117052,0.3564232898984918,0.8526461883428526,False,NS
ILMN_3000692,8.602336864150942,8.304440146153848,0.2978967179970944,0.9344037254922956,0.35340947211619056,0.8526461883428526,False,NS
ILMN_3001309,8.421685284905655,8.134787707692306,0.28689757721334885,0.9335833341098755,0.3536261880170102,0.8526461883428526,False,NS
ILMN_3001308,8.400695551886793,8.730676205128203,-0.32998065324141024,-0.9299005283058512,0.3559449329172572,0.8526461883428526,False,NS
ILMN_3002270,8.497143300000003,8.191840753846156,0.3053025461538468,0.9276538272747852,0.3567471652026495,0.8526461883428526,False,NS
ILMN_3002562,8.223402204716983,8.543862379487178,-0.3204601747701954,-0.9354030447317396,0.35326236880083156,0.8526461883428526,False,NS
ILMN_3000680,8.476055533018869,8.22193612820513,0.2541194048137392,0.9308498177467242,0.35451598700052606,0.8526461883428526,False,NS
ILMN_3002576,8.414072218867924,8.736466830769231,-0.32239461190130747,-0.9345826468177063,0.3536312430717052,0.8526461883428526,False,NS
ILMN_3004311,8.51963833679245,8.798414430769236,-0.27877609397678604,-0.9261973403024363,0.3573923205824185,0.8537800300583337,False,NS
ILMN_3002161,8.43868868207547,8.145637615384615,0.2930510666908557,0.9232318904322655,0.3589624032313032,0.8551561331369031,False,NS
ILMN_3001921,8.692086674528303,8.385744548717947,0.3063421258103567,0.9234235331400493,0.35874564650124513,0.8551561331369031,False,NS
ILMN_3001745,8.764819345283016,8.465884,0.2989353452830148,0.9234359594232739,0.35899454469087194,0.8551561331369031,False,NS
ILMN_3003785,8.765704222641508,8.490292589743587,0.2754116328979208,0.9226709623531784,0.35897132263708276,0.8551561331369031,False,NS
ILMN_3004768,8.217413944339624,8.484966164102563,-0.26755221976293875,-0.9237698385816403,0.3586853297693657,0.8551561331369031,False,NS
ILMN_3004121,8.455991207547168,8.765629015384615,-0.3096378078374471,-0.9254429774680671,0.35814735199409453,0.8551561331369031,False,NS
ILMN_3001753,8.392347899999999,8.7056095,-0.3132616000000006,-0.9174739096803785,0.3620905778800703,0.8560795042505711,False,NS
ILMN_3004413,8.53332365283019,8.82196026153846,-0.2886366087082699,-0.9220960310192513,0.35965421371990436,0.8560795042505711,False,NS
ILMN_3001925,8.558622131132077,8.250037707692305,0.3085844234397719,0.9206605960939562,0.360654320144019,0.8560795042505711,False,NS
ILMN_3004573,8.775837449056601,9.088339287179489,-0.3125018381228877,-0.9191171915674037,0.361672651709414,0.8560795042505711,False,NS
ILMN_3001174,8.564750537735843,8.847172676923075,-0.282422139187231,-0.9206005839347091,0.3603315245777707,0.8560795042505711,False,NS
ILMN_3001645,8.369259643396223,8.687516697435896,-0.3182570540396732,-0.9197640896494487,0.36127171187347706,0.8560795042505711,False,NS
ILMN_3000844,8.26700224716981,8.570836048717949,-0.303833801548139,-0.921246931228865,0.36041632016272734,0.8560795042505711,False,NS
ILMN_3000801,8.402467969811319,8.734218902564102,-0.331750932752783,-0.918191383208077,0.3621198871456345,0.8560795042505711,False,NS
ILMN_3000834,8.722366339622644,8.402300605128204,0.32006573449444,0.9190527654548389,0.3614794900725864,0.8560795042505711,False,NS
ILMN_3004076,8.15492403679245,8.455207584615383,-0.300283547822934,-0.9216773239388516,0.36018913395649493,0.8560795042505711,False,NS
ILMN_3002149,8.617080408490564,8.905519841025642,-0.2884394325350783,-0.9166588150123003,0.36212163029799155,0.8560795042505711,False,NS
ILMN_3000909,8.612925795283015,8.929065433333331,-0.3161396380503163,-0.9185966427357136,0.36174553291746175,0.8560795042505711,False,NS
ILMN_3003914,8.720170864150939,8.418455797435897,0.3017150667150421,0.9216746412086975,0.35976496673188646,0.8560795042505711,False,NS
ILMN_3003281,8.481038623584904,8.753598474358974,-0.2725598507740692,-0.9204001028964545,0.3603486164362285,0.8560795042505711,False,NS
ILMN_3000648,8.603545355660374,8.271022176923074,0.33252317873730064,0.9182276715731521,0.36196883815969483,0.8560795042505711,False,NS
ILMN_3003904,8.429434059433966,8.120080620512821,0.30935343892114453,0.9200442610367137,0.3608720044776286,0.8560795042505711,False,NS
ILMN_3001934,8.720482192452831,8.387412100000002,0.3330700924528287,0.9174192969687245,0.36250283250183396,0.856171073457331,False,NS
ILMN_3001397,8.365641009433965,8.65240971025641,-0.28676870082244577,-0.9155577067466423,0.3624037993718961,0.856171073457331,False,NS
ILMN_3004711,8.307391309433966,8.60109483076923,-0.2937035213352637,-0.9150839296917918,0.3636264798448337,0.8580143460236755,False,NS
ILMN_3003999,8.569635640566036,8.828339633333334,-0.2587039927672983,-0.9141805062305489,0.3635467751627156,0.8580143460236755,False,NS
ILMN_3004985,8.711813622641511,8.399973858974361,0.31183976366714994,0.9140384336449291,0.36408815391417904,0.8582936207312094,False,NS
ILMN_3004667,8.640966329245282,8.348761315384612,0.29220501386067,0.9136797229061665,0.3640493406904455,0.8582936207312094,False,NS
ILMN_3000851,8.437984808490565,8.760594602564101,-0.32260979407353574,-0.9131715313142635,0.3645030123002246,0.8584621109284611,False,NS
ILMN_3001436,8.539443396226417,8.246748997435898,0.2926943987905197,0.9134291307561087,0.36438356464557436,0.8584621109284611,False,NS
ILMN_3004164,8.170020744339624,8.485210053846155,-0.3151893095065308,-0.9127494909093106,0.3647513613890388,0.8586425644751384,False,NS
ILMN_3002517,8.303137123584904,8.625645946153847,-0.32250882256894364,-0.9120261039077735,0.3649892539570419,0.8587907224244395,False,NS
ILMN_3001298,8.601150854716984,8.272057782051283,0.3290930726657013,0.9128129435907228,0.3651578151748717,0.8587907224244395,False,NS
ILMN_3003642,8.391590800943398,8.086772635897436,0.3048181650459618,0.9111807223700982,0.36560874698067464,0.8590431085072243,False,NS
ILMN_3000605,8.40453574716981,8.087504435897435,0.31703131127237505,0.9108772684147391,0.3654942211512665,0.8590431085072243,False,NS
ILMN_3003079,8.148401059433962,8.492549192307694,-0.34414813287373214,-0.9103493467458642,0.3661291637414081,0.8598618218445468,False,NS
ILMN_3000766,8.431013799999999,8.712836710256413,-0.28182291025641426,-0.9093762573282667,0.3664773579697331,0.8598717925146248,False,NS
ILMN_3003732,8.551620481132074,8.838245294871793,-0.28662481373971893,-0.9093774122338111,0.36633971873047483,0.8598717925146248,False,NS
ILMN_3002566,8.756572824528304,8.453273553846154,0.30329927068214957,0.907931979100642,0.3668985090538577,0.8600527638393288,False,NS
ILMN_3001676,8.465166852830187,8.7743144,-0.30914754716981285,-0.908996237287858,0.36686384023561464,0.8600527638393288,False,NS
ILMN_3003932,8.491518231132078,8.784562692307691,-0.29304446117561334,-0.9069742736779651,0.3678905762054453,0.8600776645749053,False,NS
ILMN_3002405,8.298681508490567,8.568124246153847,-0.26944273766327953,-0.905034797480205,0.3677292773196279,0.8600776645749053,False,NS
ILMN_3001035,8.585376915094338,8.291367441025642,0.29400947406869626,0.9063682650577469,0.36759595395847866,0.8600776645749053,False,NS
ILMN_3004383,8.199843991509436,8.488993548717948,-0.2891495572085123,-0.907439076096126,0.36739372652823427,0.8600776645749053,False,NS
ILMN_3000722,8.58795038962264,8.87615251794872,-0.2882021283260805,-0.9060761001903576,0.3679412249051445,0.8600776645749053,False,NS
ILMN_3004620,8.341740570754716,8.093376579487181,0.24836399126753506,0.905558123124262,0.36762968504619825,0.8600776645749053,False,NS
ILMN_3002156,8.515791152830193,8.2040908,0.3117003528301936,0.9042952043874686,0.36934382238802144,0.8604761897087736,False,NS
ILMN_3004013,8.708292716981132,8.39968444102564,0.3086082759554927,0.9037125334499677,0.3692940662546991,0.8604761897087736,False,NS
ILMN_3001044,8.719590623584901,8.412315315384616,0.3072753082002855,0.9049875745128171,0.3685152273489476,0.8604761897087736,False,NS
ILMN_3004580,8.38525466698113,8.673611453846153,-0.2883567868650232,-0.9036105625181226,0.3696902794370136,0.8604761897087736,False,NS
ILMN_3002625,8.557860377358494,8.841008387179489,-0.2831480098209944,-0.9022447638200176,0.3697129421534848,0.8604761897087736,False,NS
ILMN_3001219,8.712767612264157,8.428253610256409,0.28451400200774835,0.9029420713771573,0.36983266633683093,0.8604761897087736,False,NS
ILMN_3003294,8.557857258490568,8.301799594871794,0.25605766361877436,0.901322622916241,0.36974001580825366,0.8604761897087736,False,NS
ILMN_3003814,8.71808573018868,8.403241153846153,0.3148445763425265,0.9057618527063763,0.3688366887484483,0.8604761897087736,False,NS
ILMN_3004259,8.72839502735849,8.402794041025642,0.32560098633284795,0.9034556959226763,0.36962184021079125,0.8604761897087736,False,NS
ILMN_3000700,8.425501423584905,8.131213197435896,0.29428822614900874,0.9031342542283594,0.3695423382529658,0.8604761897087736,False,NS
ILMN_3001886,8.452413600943396,8.761700692307697,-0.30928709136430044,-0.9025831496489735,0.3700162367559261,0.8605028761765723,False,NS
ILMN_3003505,8.453850909433964,8.76759902820513,-0.3137481187711657,-0.9000433284881079,0.3716857429343565,0.8608069375271352,False,NS
ILMN_3004723,8.485747170754713,8.7348762974359,-0.24912912668118636,-0.8990951394037694,0.37081226520809357,0.8608069375271352,False,NS
ILMN_3001324,8.586911930188682,8.279711358974357,0.30720057121432554,0.8987732173596136,0.37153540333717416,0.8608069375271352,False,NS
ILMN_3003319,8.288177437735849,8.583221507692308,-0.29504406995645915,-0.9015859055842732,0.3703920129959038,0.8608069375271352,False,NS
ILMN_3004634,8.712210723584905,8.414437841025643,0.2977728825592614,0.9001661275873127,0.3712805484254348,0.8608069375271352,False,NS
ILMN_3004288,8.653051118867925,8.31331595897436,0.3397351598935643,0.900469357141697,0.371681126387741,0.8608069375271352,False,NS
ILMN_3000750,8.490620023584905,8.158827648717947,0.3317923748669571,0.8995436827859088,0.371696435624217,0.8608069375271352,False,NS
ILMN_3000618,8.4421738754717,8.740160166666668,-0.29798629119496667,-0.8999536414999052,0.37145324711768396,0.8608069375271352,False,NS
ILMN_3003241,8.552574633962267,8.896516387179489,-0.3439417532172211,-0.9010715935364223,0.37114292275769256,0.8608069375271352,False,NS
ILMN_3004948,8.454165677358489,8.751599802564101,-0.2974341252056121,-0.8973193147122028,0.37241951307337495,0.8613395641974478,False,NS
ILMN_3001877,8.341970058490565,8.646411358974357,-0.30444130048379137,-0.8973494924887168,0.37244322755897646,0.8613395641974478,False,NS
ILMN_3004053,8.719989937735848,8.463677015384613,0.2563129223512348,0.8974933621452864,0.37240730033451863,0.8613395641974478,False,NS
ILMN_3004795,8.322716154716977,8.613775125641023,-0.29105897092404653,-0.8971242654678674,0.3727767247156466,0.8617122624032515,False,NS
ILMN_3002189,8.613105178301888,8.32149774102564,0.29160743727624805,0.8947864131824309,0.37421192279476206,0.8634840841686102,False,NS
ILMN_3002906,8.499179685849054,8.866224453846156,-0.3670447679971023,-0.8946317282984082,0.3746741583917996,0.8634840841686102,False,NS
ILMN_3001265,8.431759682075475,8.679800205128203,-0.24804052305272783,-0.8922879362008802,0.3746198260401822,0.8634840841686102,False,NS
ILMN_3004951,8.55123335,8.801525446153846,-0.25029209615384573,-0.8923699189859713,0.37481800596477566,0.8634840841686102,False,NS
ILMN_3004605,8.587407397169814,8.280197423076924,0.3072099740928902,0.8944487102069912,0.374258741180388,0.8634840841686102,False,NS
ILMN_3004977,8.697542800943394,8.396743471794872,0.30079932914852137,0.8940826677882703,0.3743209669115062,0.8634840841686102,False,NS
ILMN_3003603,8.536096820754716,8.246778725641024,0.28931809511369266,0.8941216265839783,0.3743744862920857,0.8634840841686102,False,NS
ILMN_3004881,8.426415692452835,8.72185885897436,-0.29544316652152425,-0.893211709982276,0.37492478934601053,0.8634840841686102,False,NS
ILMN_3002378,8.744897541509435,9.051054579487182,-0.30615703797774785,-0.8908475901125282,0.37600950754839024,0.8641481308197267,False,NS
ILMN_3003646,8.433552409433956,8.743009771794869,-0.3094573623609129,-0.8909495818630632,0.3762020794320977,0.8641481308197267,False,NS
ILMN_3000935,8.57399738773585,8.929779051282049,-0.3557816635461979,-0.8878276006472909,0.37838951144446353,0.8641481308197267,False,NS
ILMN_3001485,8.28163098962264,8.585484215384614,-0.3038532257619746,-0.8866937489571746,0.3782666354354461,0.8641481308197267,False,NS
ILMN_3002981,8.38312464811321,8.113113343589742,0.270011304523468,0.8861119442780501,0.3779646609285079,0.8641481308197267,False,NS
ILMN_3004783,8.375956917924528,8.041857271794871,0.3340996461296566,0.8924974965182609,0.3758148416953733,0.8641481308197267,False,NS
ILMN_3004583,8.447856127358492,8.724924794871797,-0.27706866751330494,-0.8869837892537736,0.37821087768196227,0.8641481308197267,False,NS
ILMN_3000740,8.29651314150943,8.583166253846153,-0.2866531123367224,-0.889613291075392,0.3770074002748732,0.8641481308197267,False,NS
ILMN_3000939,8.319740932075472,8.004297125641024,0.31544380643444825,0.8908181927892843,0.37630359751256715,0.8641481308197267,False,NS
ILMN_3004929,8.799369755660376,8.47483521025641,0.3245345454039654,0.8870162543435803,0.37866971092520424,0.8641481308197267,False,NS
ILMN_3000628,8.116994251886792,8.408260876923078,-0.2912666250362861,-0.8900752495164915,0.3768783162431156,0.8641481308197267,False,NS
ILMN_3002998,8.578236043396231,8.882384112820514,-0.30414806942428285,-0.8898506947312997,0.37700901994216046,0.8641481308197267,False,NS
ILMN_3004840,8.602230656603771,8.88465255128205,-0.2824218946782793,-0.8878617523756543,0.37749654976737074,0.8641481308197267,False,NS
ILMN_3003563,8.466833869811314,8.773367005128206,-0.30653313531689186,-0.8898342918291966,0.3766472786128853,0.8641481308197267,False,NS
ILMN_3003612,8.530511870754715,8.252700328205128,0.2778115425495873,0.8865799296606254,0.3785729756509432,0.8641481308197267,False,NS
ILMN_3000609,8.595162364150942,8.278115407692306,0.31704695645863623,0.8914184541842826,0.37551680368836715,0.8641481308197267,False,NS
ILMN_3001505,8.657659010377357,8.374717571794873,0.28294143858248333,0.887289487329026,0.3781624523120527,0.8641481308197267,False,NS
ILMN_3003734,8.61068126037736,8.859429576923077,-0.24874831654571672,-0.8848921812569046,0.37854700442159667,0.8641481308197267,False,NS
ILMN_3000548,8.18545708773585,8.497001228205127,-0.3115441404692767,-0.8890635066585159,0.3776558172881496,0.8641481308197267,False,NS
ILMN_3001507,8.493942049056605,8.198140094871796,0.2958019541848085,0.8870499966398474,0.37820825671148695,0.8641481308197267,False,NS
ILMN_3000838,8.388860943396224,8.679959289743588,-0.2910983463473631,-0.8862311438782072,0.3789557714953661,0.8644064130824956,False,NS
ILMN_3004097,8.45535889245283,8.149529335897435,0.3058295565553948,0.884700063042267,0.3791959227617839,0.8645597874185679,False,NS
ILMN_3004473,8.469565890566036,8.739231287179487,-0.26966539661345124,-0.8834447371150664,0.3796515330929323,0.8650934054852853,False,NS
ILMN_3002956,8.545010214150944,8.802212623076924,-0.25720240892598056,-0.8827347893949955,0.3798004368381301,0.8650934054852853,False,NS
ILMN_3003633,8.399916086792453,8.092321164102565,0.30759492268988886,0.8842289865808424,0.3799490236891373,0.8650934054852853,False,NS
ILMN_3002386,8.509759470754718,8.236695448717947,0.2730640220367704,0.8826970182882525,0.38037144916463606,0.8656610131193355,False,NS
ILMN_3003533,8.380444080188678,8.657888674358972,-0.2774445941702943,-0.8812353914567354,0.3809876313098299,0.8666688610323701,False,NS
ILMN_3004345,8.36026208207547,8.620202961538462,-0.2599408794629916,-0.8806323970524742,0.3813891979537032,0.8671878079893205,False,NS
ILMN_3002495,8.24393799811321,8.52254232820513,-0.27860433009191965,-0.876711011260941,0.3834534585569594,0.8697487153158733,False,NS
ILMN_3003380,8.548055935849058,8.823421412820517,-0.27536547697145863,-0.875710897486576,0.38368338474271774,0.8697487153158733,False,NS
ILMN_3001920,8.607798933962265,8.905742656410256,-0.2979437224479913,-0.8789434693296063,0.3828366537426564,0.8697487153158733,False,NS
ILMN_3001091,8.430101856603773,8.733535710256408,-0.30343385365263487,-0.877248072959369,0.38334713882135873,0.8697487153158733,False,NS
ILMN_3002821,8.374830181132072,8.687582433333333,-0.31275225220126046,-0.8770478659499701,0.38390708294042647,0.8697487153158733,False,NS
ILMN_3002153,8.460002233962266,8.759107143589747,-0.2991049096274807,-0.8781491434989345,0.3834024965535032,0.8697487153158733,False,NS
ILMN_3001330,8.450378975471702,8.777758889743586,-0.3273799142718836,-0.8768066650493496,0.38389600282828445,0.8697487153158733,False,NS
ILMN_3003428,8.546443441509435,8.256552658974359,0.2898907825350765,0.8784108004532932,0.38307130774725384,0.8697487153158733,False,NS
ILMN_3002564,8.580441833018867,8.311889002564104,0.2685528304547624,0.8745034405863451,0.38453359538859166,0.8707735402821369,False,NS
ILMN_3001684,8.793647174528305,8.533492035897437,0.2601551386308678,0.8738820712072864,0.385052357710454,0.8713235399841267,False,NS
ILMN_3000979,8.377133756603772,8.694955358974358,-0.31782160237058577,-0.8749018996426884,0.385125004672984,0.8713235399841267,False,NS
ILMN_3003302,8.534667447169813,8.24712816923077,0.2875392779390431,0.8706785200368304,0.3867993104148041,0.8747157630366443,False,NS
ILMN_3004339,8.494013629245282,8.179677235897435,0.3143363933478476,0.8685883576280667,0.3881009738164922,0.8748331248734051,False,NS
ILMN_3003645,8.328929399999996,8.622503492307693,-0.29357409230769704,-0.867237871990214,0.38877584069374127,0.8748331248734051,False,NS
ILMN_3002438,8.549067829245285,8.820743164102565,-0.2716753348572798,-0.8674507854442044,0.38821236538539305,0.8748331248734051,False,NS
ILMN_3004302,8.46008774716981,8.139846200000001,0.32024154716980924,0.8685688540548226,0.38851766513865205,0.8748331248734051,False,NS
ILMN_3001891,8.649005661320755,8.35001027948718,0.298995381833576,0.8688021880838133,0.38861799533049796,0.8748331248734051,False,NS
ILMN_3003587,8.553959560377356,8.291516023076923,0.2624435373004328,0.8690098649982986,0.38773567338383275,0.8748331248734051,False,NS
ILMN_3001633,8.782606914150945,9.077194861538462,-0.2945879473875177,-0.8698579558907115,0.38730732488666697,0.8748331248734051,False,NS
ILMN_3002294,8.368320182075472,8.082775407692308,0.2855447743831636,0.8692672525634105,0.38808032566547307,0.8748331248734051,False,NS
ILMN_3002888,8.576667022641512,8.875793415384615,-0.29912639274310315,-0.869211131571107,0.3882747674944462,0.8748331248734051,False,NS
ILMN_3003342,8.707330685849055,8.430375797435897,0.2769548884131581,0.8679382279254177,0.38844199250759126,0.8748331248734051,False,NS
ILMN_3004409,8.650030105660374,8.968018264102565,-0.31798815844219064,-0.8693183257171182,0.3879926979741067,0.8748331248734051,False,NS
ILMN_3002798,8.58289041037736,8.312869953846155,0.27002045653120454,0.8666453673117283,0.38904754629117605,0.875050711406154,False,NS
ILMN_3000616,8.521651270754719,8.782770066666666,-0.26111879591194764,-0.8659991068763343,0.3894641460700483,0.875593853574749,False,NS
ILMN_3001207,8.486307103773582,8.202256882051282,0.28405022172229977,0.8645858935966942,0.3902775171926061,0.8758472109349329,False,NS
ILMN_3002755,8.693758746226415,8.377128479487181,0.31663026673923333,0.8659916962803298,0.39015051772577536,0.8758472109349329,False,NS
ILMN_3003818,8.66907817735849,8.381365705128204,0.28771247223028595,0.8649772511000073,0.3899706032241355,0.8758472109349329,False,NS
ILMN_3003006,8.557650709433963,8.260896923076924,0.29675378635703886,0.8648220122797193,0.3900454589139289,0.8758472109349329,False,NS
ILMN_3003024,8.63426115754717,8.335067084615385,0.299194072931785,0.8637124491449414,0.3909999674101925,0.8770748483853579,False,NS
ILMN_3003939,8.309324819811321,8.60363997948718,-0.2943151596758593,-0.8623797972188918,0.391370860718065,0.8775131406234641,False,NS
ILMN_3004086,8.799725720754719,8.50960431025641,0.2901214104983083,0.8609326026492362,0.39185467027493576,0.8782041019160371,False,NS
ILMN_3001313,8.335800421698114,8.612965015384615,-0.2771645936865017,-0.8608706946204191,0.39261201104937615,0.879507193210968,False,NS
ILMN_3003743,8.66283755,8.913811302564103,-0.2509737525641018,-0.8592850788556413,0.39295069696745943,0.8798716904779657,False,NS
ILMN_3003782,8.675256038679246,8.389783697435897,0.28547234124334864,0.8586991607403345,0.3932504396485821,0.8798830174969365,False,NS
ILMN_3003097,8.444882475471694,8.709788607692307,-0.264906132220613,-0.858643789232648,0.3934185266061827,0.8798830174969365,False,NS
ILMN_3003869,8.549020849056605,8.25345505897436,0.2955657900822448,0.8593136740230599,0.39348368542463,0.8798830174969365,False,NS
ILMN_3001353,8.536511578301885,8.275031389743589,0.2614801885582967,0.8576004677958919,0.3937104921113707,0.8799966296633229,False,NS
ILMN_3001538,8.702758062264145,8.408827525641028,0.2939305366231171,0.857980397868143,0.3940758605291315,0.8804197062759864,False,NS
ILMN_3000867,8.269944782075475,8.541595574358972,-0.27165079228349676,-0.8573597719194725,0.39454662617620034,0.8806844334290186,False,NS
ILMN_3002976,8.292564974528304,7.989057517948715,0.303507456579589,0.8575708524307138,0.3945014781193277,0.8806844334290186,False,NS
ILMN_3004308,8.499674656603775,8.813122792307693,-0.3134481357039185,-0.8572169612413827,0.3947755914867581,0.8808023013983894,False,NS
ILMN_3002044,8.696560593396226,8.412387487179487,0.2841731062167394,0.8551341050257648,0.3953027552111374,0.881377465525976,False,NS
ILMN_3002003,8.431087777358492,8.171146325641024,0.2599414517174683,0.8535685530700733,0.39597238185433653,0.881377465525976,False,NS
ILMN_3001419,8.800829010377358,8.50978518717949,0.29104382319786737,0.85399606328659,0.39608707707403207,0.881377465525976,False,NS
ILMN_3004729,8.583001471698111,8.302438769230768,0.2805627024673427,0.8552414853902998,0.39548420890779173,0.881377465525976,False,NS
ILMN_3003889,8.590399798113204,8.277208992307692,0.31319080580551173,0.8548804053846972,0.39576860789464585,0.881377465525976,False,NS
ILMN_3002181,8.733255750943394,8.462934925641026,0.27032082530236856,0.8534674231641035,0.39609103300737364,0.881377465525976,False,NS
ILMN_3004562,8.576216086792451,8.862761002564099,-0.286544915771648,-0.8538747889141256,0.39650453162554833,0.8815621166812311,False,NS
ILMN_3002620,8.751133673584906,8.432794284615387,0.31833938896951963,0.8539544557031217,0.3965266400832177,0.8815621166812311,False,NS
ILMN_3002307,8.629864052830186,8.899065061538462,-0.2692010087082757,-0.8523364262524249,0.39694721957738066,0.8821049323941792,False,NS
ILMN_3001178,8.304705879245285,8.587064597435896,-0.2823587181906113,-0.8523562504487207,0.3976235920072267,0.8832154420418186,False,NS
ILMN_3003500,8.469742559433959,8.180596602564103,0.2891459568698558,0.8509847779638643,0.3978557818069647,0.8833387695536515,False,NS
ILMN_3003263,8.61673843867925,8.320367735897438,0.296370702781811,0.8514164728423309,0.39809028063116353,0.8834671119200256,False,NS
ILMN_3001701,8.68029286415094,8.376425161538462,0.30386770261247875,0.8490051346999749,0.3990371736732027,0.8847460268896808,False,NS
ILMN_3003390,8.198807367924532,8.492106410256412,-0.29329904233187953,-0.8476076981311715,0.3997715390465395,0.8847460268896808,False,NS
ILMN_3001942,8.198601779245282,8.462509987179487,-0.26390820793420566,-0.8478124872416356,0.3990436913241121,0.8847460268896808,False,NS
ILMN_3002108,8.580707173584903,8.882728435897437,-0.30202126231253423,-0.8485064526149122,0.39973880718001586,0.8847460268896808,False,NS
ILMN_3003719,8.684652398113213,8.380355130769232,0.30429726734398166,0.847573493619676,0.39973237179109694,0.8847460268896808,False,NS
ILMN_3001635,8.746104816037738,8.490251438461538,0.25585337757619975,0.847929586831795,0.39966892077814675,0.8847460268896808,False,NS
ILMN_3002436,8.344826835849055,8.606915784615385,-0.2620889487663298,-0.8465960063132021,0.3999052041541358,0.8847460268896808,False,NS
ILMN_3002330,8.333661181132074,8.633875794871795,-0.3002146137397208,-0.8470534556371981,0.400341877285102,0.88532038320456,False,NS
ILMN_3002907,8.555759986792452,8.825196915384614,-0.26943692859216206,-0.8454883753627033,0.4008280615566425,0.8854768316794536,False,NS
ILMN_3002675,8.614820788679243,8.314857023076927,0.29996376560231575,0.8454604943291552,0.40084614504753024,0.8854768316794536,False,NS
ILMN_3002139,8.47498437075472,8.744217461538458,-0.2692330907837377,-0.8454310881674916,0.40094390938445656,0.8854768316794536,False,NS
ILMN_3004177,8.488542361320757,8.813331505128206,-0.3247891438074486,-0.8454973260798847,0.4011407670390598,0.8855204570398671,False,NS
ILMN_3001145,8.576483660377354,8.86067165128205,-0.28418799090469626,-0.8450300510174432,0.4014627033797788,0.8858400339359638,False,NS
ILMN_3000588,8.25814376226415,8.580526310256412,-0.3223825479922624,-0.844482148466809,0.40183485226849047,0.8862700755811435,False,NS
ILMN_3004642,8.569136847169812,8.302139758974358,0.2669970881954544,0.8432320771184714,0.40201969314703023,0.8862868014705252,False,NS
ILMN_3004586,8.555506398113208,8.846507797435894,-0.29100139932268654,-0.8443541711744184,0.40235584958116466,0.8866369536826018,False,NS
ILMN_3000661,8.466945597169811,8.739332887179488,-0.2723872900096769,-0.8409067160212069,0.4031315726719432,0.8875640085247539,False,NS
ILMN_3004261,8.488158311320756,8.724549579487178,-0.23639126816642175,-0.8408911822534004,0.40301241548311456,0.8875640085247539,False,NS
ILMN_3004763,8.392122863207545,8.675036997435896,-0.282914134228351,-0.8387670734416235,0.4047967346646501,0.8877910731142041,False,NS
ILMN_3003017,8.687042814150946,8.407284715384614,0.2797580987663313,0.8278350897802343,0.41053513263957514,0.8877910731142041,False,NS
ILMN_3003386,8.480125486792462,8.739001366666665,-0.25887587987420346,-0.8275309719468956,0.41037694681749587,0.8877910731142041,False,NS
ILMN_3004098,8.7564092745283,8.484226087179488,0.2721831873488121,0.8309000027035751,0.4089150332452396,0.8877910731142041,False,NS
ILMN_3002748,8.552541657547168,8.866289643589743,-0.3137479860425749,-0.8297578630677163,0.40999267971381065,0.8877910731142041,False,NS
ILMN_3001680,8.661019135849061,8.922884294871794,-0.261865159022733,-0.83202854928168,0.4081421180762262,0.8877910731142041,False,NS
ILMN_3001711,8.219689249999997,8.529513992307692,-0.3098247423076952,-0.8384176348939442,0.4053794287328561,0.8877910731142041,False,NS
ILMN_3001389,8.629574498113206,8.349736415384617,0.27983808272858823,0.834946226662407,0.4066225717002206,0.8877910731142041,False,NS
ILMN_3000330,7.635196460377359,7.864856358974359,-0.2296598985970002,-0.8284361093405499,0.4100535033319957,0.8877910731142041,False,NS
ILMN_3004979,8.263958000943395,8.528578294871794,-0.2646202939283988,-0.825032009752387,0.4121935012938512,0.8877910731142041,False,NS
ILMN_3001326,8.752673417924528,8.48505701794872,0.2676163999758092,0.8321815914113108,0.4080184375662336,0.8877910731142041,False,NS
ILMN_3001214,8.607925034905659,8.343660692307695,0.26426434259796316,0.8253810257437166,0.4119199579770091,0.8877910731142041,False,NS
ILMN_3003983,8.490261163207547,8.229748071794873,0.2605130914126743,0.8281326758429921,0.4101954430995242,0.8877910731142041,False,NS
ILMN_3001431,8.75606723962264,8.461311494871797,0.29475574475084265,0.8332900464955735,0.4073510709031583,0.8877910731142041,False,NS
ILMN_3001740,8.876204783962265,8.575737561538462,0.3004672224238032,0.8307759927181996,0.40900024208872976,0.8877910731142041,False,NS
ILMN_3001732,8.646708038679247,8.3791787025641,0.26752933611514607,0.8363578748639786,0.40553631732177364,0.8877910731142041,False,NS
ILMN_3003497,8.521145490566042,8.80777284102564,-0.2866273504595984,-0.8301218756048917,0.4096188941409077,0.8877910731142041,False,NS
ILMN_3000937,8.460582270754713,8.77572368717949,-0.3151414164247761,-0.8288100705782425,0.4107752737508157,0.8877910731142041,False,NS
ILMN_3001119,8.442186209433958,8.722362274358973,-0.28017606492501557,-0.836888225697866,0.40580733749454423,0.8877910731142041,False,NS
ILMN_3002505,8.449774091509434,8.75383603076923,-0.3040619392597961,-0.8258268414126421,0.41229017435423637,0.8877910731142041,False,NS
ILMN_3004359,8.418424001886793,8.709921041025641,-0.2914970391388483,-0.8268840781797159,0.41121170233375787,0.8877910731142041,False,NS
ILMN_3002644,8.497516055660379,8.735298784615384,-0.23778272895500585,-0.8316799954980967,0.4078578009096492,0.8877910731142041,False,NS
ILMN_3004529,8.79556053584906,8.527742164102566,0.26781837174649326,0.8306396852000905,0.40892376002933967,0.8877910731142041,False,NS
ILMN_3001475,8.382724264150943,8.653467289743586,-0.27074302559264396,-0.8282246448787847,0.41045710495480503,0.8877910731142041,False,NS
ILMN_3004343,8.47209159716981,8.745756220512822,-0.2736646233430129,-0.8287841300071844,0.4104072160874662,0.8877910731142041,False,NS
ILMN_3001363,8.470903541509434,8.726561582051284,-0.2556580405418494,-0.836555388625303,0.4057115374006402,0.8877910731142041,False,NS
ILMN_3002430,8.42231037924528,8.1368276025641,0.28548277668117983,0.8387959454765115,0.40464789765952724,0.8877910731142041,False,NS
ILMN_3002700,8.82484428490566,8.535010451282051,0.28983383362360904,0.8378814613588379,0.40519730005754623,0.8877910731142041,False,NS
ILMN_3004440,8.523062417924532,8.223509448717948,0.2995529692065837,0.8261264445787698,0.4117895003810311,0.8877910731142041,False,NS
ILMN_3002770,8.554778366981132,8.835997548717948,-0.2812191817368159,-0.8269554602408035,0.4112724926066407,0.8877910731142041,False,NS
ILMN_3004256,8.417295047169812,8.694398579487178,-0.2771035323173656,-0.8268260468223916,0.4111557575681191,0.8877910731142041,False,NS
ILMN_3001072,8.417263688679245,8.150525569230771,0.26673811944847436,0.8403956919138108,0.4041091402528986,0.8877910731142041,False,NS
ILMN_3004886,8.3749147490566,8.08540231025641,0.28951243880019106,0.829590126480839,0.41002593416524963,0.8877910731142041,False,NS
ILMN_3003696,8.41983066698113,8.695056771794867,-0.2752261048137381,-0.8392027653824966,0.4040910856871187,0.8877910731142041,False,NS
ILMN_3003714,8.3472148245283,8.083863479487182,0.26335134504111934,0.8282577012086891,0.41046405599199187,0.8877910731142041,False,NS
ILMN_3004981,8.482290150943399,8.787914653846153,-0.305624502902754,-0.8342555891360146,0.4072008507307075,0.8877910731142041,False,NS
ILMN_3003742,8.444269197169813,8.71517565897436,-0.2709064618045467,-0.8334897525442578,0.4073337072769489,0.8877910731142041,False,NS
ILMN_3002813,8.571863463207547,8.28690525897436,0.2849582042331882,0.8366580759277684,0.40575146335239437,0.8877910731142041,False,NS
ILMN_3002812,8.320580190566035,8.588644220512817,-0.2680640299467818,-0.8377475856969637,0.4048302638277142,0.8877910731142041,False,NS
ILMN_3002807,8.475489962264149,8.217050210256412,0.25843975200773706,0.8357021989849406,0.4060279864981421,0.8877910731142041,False,NS
ILMN_3001595,8.344544166037737,8.633332402564102,-0.288788236526365,-0.8311741390484727,0.4093301405638137,0.8877910731142041,False,NS
ILMN_3003215,8.475945299056606,8.742247605128208,-0.26630230607160144,-0.825472324150146,0.4116766590561667,0.8877910731142041,False,NS
ILMN_3000888,8.353559332075472,8.092035533333334,0.2615237987421377,0.8367402293152041,0.40503944696650346,0.8877910731142041,False,NS
ILMN_3004275,8.654235966981128,8.351502715384616,0.30273325159651243,0.8342244740514694,0.4072565513685735,0.8877910731142041,False,NS
ILMN_3003574,8.286924062264152,8.029896979487178,0.2570270827769736,0.8309003455142194,0.408545047986643,0.8877910731142041,False,NS
ILMN_3003542,8.476025736792453,8.773299753846153,-0.2972740170537005,-0.8404615467134632,0.40372162532195804,0.8877910731142041,False,NS
ILMN_3004306,8.373933805660378,8.661067017948717,-0.28713321228833877,-0.8322990482187319,0.4081370681287897,0.8877910731142041,False,NS
ILMN_3000545,8.404579133018865,8.65085312820513,-0.24627399518626447,-0.8297563092452398,0.40930547499563824,0.8877910731142041,False,NS
ILMN_3002988,8.367497791509436,8.116397976923077,0.2510998145863592,0.8297833981110604,0.40917242238876445,0.8877910731142041,False,NS
ILMN_3003754,8.62632791698113,8.87751377948718,-0.25118586250604835,-0.8305115316550868,0.40904217680398186,0.8877910731142041,False,NS
ILMN_3001882,8.607088172641514,8.862790699999998,-0.2557025273584834,-0.8244787691207549,0.41210595952343376,0.8877910731142041,False,NS
ILMN_3004060,8.531074258490568,8.815857030769232,-0.284782772278664,-0.8231837473150551,0.413202219949682,0.8879090526503206,False,NS
ILMN_3001567,8.484095541509431,8.195073743589743,0.28902179791968763,0.8242960189433428,0.4129815113797501,0.8879090526503206,False,NS
ILMN_3002759,8.344178021698113,8.606669241025642,-0.2624912193275293,-0.8232780712560949,0.4132328731034592,0.8879090526503206,False,NS
ILMN_3001799,8.314647036792453,8.07705985897436,0.23758717781809224,0.8228501368705349,0.41275963157719947,0.8879090526503206,False,NS
ILMN_3001236,8.57283955566038,8.338831356410257,0.23400819925012328,0.823533828971737,0.41257337375238046,0.8879090526503206,False,NS
ILMN_3002844,8.60668016792453,8.336209064102563,0.2704711038219667,0.8222113879654571,0.41366078049874094,0.8882049858894968,False,NS
ILMN_3004636,8.419954058490566,8.716629810256412,-0.2966757517658465,-0.8233036543348028,0.4137258824273276,0.8882049858894968,False,NS
ILMN_3003527,8.519842840566037,8.777628810256411,-0.2577859696903744,-0.8212282389691659,0.4141790130313786,0.8884148713671784,False,NS
ILMN_3004872,8.514483083018865,8.234546194871793,0.2799368881470716,0.8217278070952312,0.4140426714502995,0.8884148713671784,False,NS
ILMN_3002171,8.634587564150946,8.37278524871795,0.2618023154329965,0.8210111476138736,0.4146668510414488,0.8885340381493464,False,NS
ILMN_3001003,8.592785476415095,8.919252415384616,-0.3264669389695207,-0.8215474290659259,0.4147676890081149,0.8885340381493464,False,NS
ILMN_3004435,8.438715391509433,8.177366794871796,0.261348596637637,0.8207298691292929,0.4147096364244824,0.8885340381493464,False,NS
ILMN_3004443,8.871834316037734,9.176157074358976,-0.30432275832124134,-0.82025152607555,0.4152496092142785,0.8891854587029517,False,NS
ILMN_3004556,8.64018647169811,8.397980107692307,0.24220636400580275,0.8175052276218413,0.41599170922650786,0.8892511954393071,False,NS
ILMN_3000562,8.653402460377361,8.925932012820514,-0.272529552443153,-0.8183072221720595,0.41598640975326595,0.8892511954393071,False,NS
ILMN_3004066,8.330430032075471,8.082599202564104,0.2478308295113667,0.8186506527111407,0.41558855353896834,0.8892511954393071,False,NS
ILMN_3003101,8.471659325471698,8.748511458974358,-0.27685213350265947,-0.8187369966614956,0.4159389250353236,0.8892511954393071,False,NS
ILMN_3002063,8.483316723584904,8.761418343589742,-0.27810162000483807,-0.8174179772649619,0.4166579529804832,0.8902947713258187,False,NS
ILMN_3003287,8.539066644339623,8.817957953846154,-0.2788913095065304,-0.8166144491318236,0.41687936245288654,0.8903873610698132,False,NS
ILMN_3001238,8.557495013207546,8.29721403846154,0.2602809747460064,0.8144650890239359,0.41804589140202075,0.89050233908696,False,NS
ILMN_3000849,8.496705481132077,8.747383464102565,-0.2506779829704886,-0.8138154728490739,0.4182442588739384,0.89050233908696,False,NS
ILMN_3002949,8.435319195283018,8.14439190769231,0.2909272875907085,0.8146765272697917,0.4182067651339932,0.89050233908696,False,NS
ILMN_3004722,8.295038012264149,8.55421361025641,-0.259175597992261,-0.8162553305872876,0.41738463433115025,0.89050233908696,False,NS
ILMN_3004721,8.473708876415097,8.183149574358975,0.29055930205612235,0.8151633914386398,0.4179362560768913,0.89050233908696,False,NS
ILMN_3004571,8.359903461320753,8.10207276666667,0.2578306946540838,0.8143968867086634,0.4183579989030538,0.89050233908696,False,NS
ILMN_3001637,8.431467124528304,8.676622015384616,-0.2451548908563126,-0.8160464622702396,0.41743329081329983,0.89050233908696,False,NS
ILMN_3003045,8.73174782264151,8.463149833333336,0.2685979893081747,0.8139938974456192,0.41834862130723977,0.89050233908696,False,NS
ILMN_3000622,8.51655370188679,8.272310043589743,0.24424365829704797,0.8121164906287658,0.4194296911622079,0.8909603883893965,False,NS
ILMN_3003929,8.4686892,8.197164143589744,0.2715250564102565,0.8124519326563582,0.41946415085372785,0.8909603883893965,False,NS
ILMN_3004579,8.436903849056604,8.720263892307694,-0.2833600432510899,-0.8129986716155475,0.41904613516066597,0.8909603883893965,False,NS
ILMN_3003378,8.53309213490566,8.273668712820514,0.25942342208514546,0.8130193254552752,0.4189630899749052,0.8909603883893965,False,NS
ILMN_3003662,8.799279743396228,8.543175346153845,0.25610439724238354,0.8119221173486879,0.41942928242233235,0.8909603883893965,False,NS
ILMN_3002683,8.785252710377355,8.528838584615386,0.2564141257619692,0.8116633856224866,0.41994437354829095,0.8916016423530594,False,NS
ILMN_3004093,8.408193633018866,8.131874315384614,0.2763193176342522,0.8108634376878506,0.42026031885658716,0.8918937157397859,False,NS
ILMN_3001094,8.842312628301888,8.560315456410256,0.2819971718916321,0.8063702208495795,0.42300702395820744,0.8919106669937195,False,NS
ILMN_3001741,8.43974715660377,8.212244187179486,0.22750296942428427,0.8023054943069617,0.424832979272705,0.8919106669937195,False,NS
ILMN_3003511,8.115388431132077,8.388978474358973,-0.2735900432268963,-0.8038682910647733,0.42425371319800165,0.8919106669937195,False,NS
ILMN_3003205,8.200977613207547,8.45620524871795,-0.25522763551040306,-0.8041693709504457,0.42394170273772225,0.8919106669937195,False,NS
ILMN_3001715,8.717469723584907,8.479193064102564,0.23827665948234333,0.808339800261197,0.42144353201110646,0.8919106669937195,False,NS
ILMN_3004116,8.700758375471699,8.420635697435898,0.2801226780358004,0.8043732880373426,0.4245037678198546,0.8919106669937195,False,NS
ILMN_3004153,8.221490651886793,8.480681989743589,-0.25919133785679627,-0.8050181033950214,0.4232701090886645,0.8919106669937195,False,NS
ILMN_3004248,8.359045687735852,8.632278684615386,-0.27323299687953373,-0.8068980621749418,0.4224722847770279,0.8919106669937195,False,NS
ILMN_3002335,8.418102372641508,8.710379248717949,-0.29227687607644093,-0.8026704528370086,0.42499307920703183,0.8919106669937195,False,NS
ILMN_3004615,8.395802672641512,8.69081173846154,-0.29500906582002884,-0.8099198194302565,0.4208653729689597,0.8919106669937195,False,NS
ILMN_3001797,8.83118428679245,8.525603384615383,0.30558090217706635,0.8087281391617701,0.42138565412196205,0.8919106669937195,False,NS
ILMN_3002945,8.191759977358492,8.459592569230768,-0.2678325918722759,-0.8092164351772891,0.4217683110217142,0.8919106669937195,False,NS
ILMN_3002380,8.581979883018871,8.285810202564104,0.2961696804547671,0.8040203502434228,0.42452592598345384,0.8919106669937195,False,NS
ILMN_3000563,8.52188483490566,8.787986553846153,-0.2661017189404937,-0.806631157165212,0.42286908149065616,0.8919106669937195,False,NS
ILMN_3000540,8.310587450000002,8.595252779487181,-0.28466532948717926,-0.8083205431838696,0.421755733640157,0.8919106669937195,False,NS
ILMN_3000552,8.44411834716981,8.732650517948718,-0.28853217077890747,-0.8028802408959181,0.4250223767323399,0.8919106669937195,False,NS
ILMN_3000949,8.644735264150942,8.377020835897437,0.26771442825350533,0.8018811785359553,0.42522548018600387,0.8919106669937195,False,NS
ILMN_3000941,8.55961365283019,8.313168946153848,0.24644470667634266,0.8082372136528532,0.42151331010609105,0.8919106669937195,False,NS
ILMN_3003803,8.4475594235849,8.199254841025644,0.24830458255925691,0.8023723221218729,0.4252630060226054,0.8919106669937195,False,NS
ILMN_3002912,8.585533523584902,8.3513392,0.23419432358490155,0.8044875343519302,0.42332997412951323,0.8919106669937195,False,NS
ILMN_3000638,8.466756190566041,8.194936712820512,0.27181947774552917,0.8033856142841767,0.42457824648317755,0.8919106669937195,False,NS
ILMN_3003887,8.555296038679247,8.260357856410254,0.29493818226899293,0.8092684663655554,0.42162517136524613,0.8919106669937195,False,NS
ILMN_3004807,8.268831236792453,8.497766305128208,-0.22893506833575472,-0.807035472071681,0.4222810286199148,0.8919106669937195,False,NS
ILMN_3003664,8.412683037735846,8.150613646153843,0.2620693915820027,0.8032435742001052,0.4244208612740101,0.8919106669937195,False,NS
ILMN_3000710,8.43703387358491,8.19462864871795,0.24240522486696037,0.8031423451480978,0.42424256767151697,0.8919106669937195,False,NS
ILMN_3000694,8.476592180188678,8.236621269230769,0.23997091095790957,0.8087702561435619,0.4209948496855565,0.8919106669937195,False,NS
ILMN_3004670,8.222003565094344,8.499433748717946,-0.2774301836236024,-0.8053182610757145,0.4236408249205727,0.8919106669937195,False,NS
ILMN_3002499,8.447650040566039,8.728823274358977,-0.2811732337929378,-0.805998298139852,0.4231753131613317,0.8919106669937195,False,NS
ILMN_3004247,8.50086274245283,8.25394392051282,0.24691882194001025,0.8020066622209432,0.4256044327349112,0.8922524795281158,False,NS
ILMN_3001087,8.343495549999998,8.610213502564104,-0.2667179525641057,-0.799837931635527,0.42661729577710944,0.8940010389293995,False,NS
ILMN_3004858,8.720920584905658,8.969497899999997,-0.2485773150943391,-0.7995087196909368,0.42679905532032464,0.8940072377886985,False,NS
ILMN_3002682,8.629847560377359,8.297065976923077,0.3327815834542811,0.8001324972171372,0.4272005733484553,0.8943118580053712,False,NS
ILMN_3002856,8.43585346981132,8.177567525641026,0.2582859441702947,0.7979052861711736,0.42730220575496636,0.8943118580053712,False,NS
ILMN_3001203,8.218589496226414,8.471874325641027,-0.2532848294146124,-0.7975963842688807,0.4278396359885489,0.8950619999760437,False,NS
ILMN_3001325,8.280970370754716,8.032042192307696,0.2489281784470201,0.7972779619278644,0.42802978533570124,0.8950852892841933,False,NS
ILMN_3003245,8.47502761509434,8.21614942564103,0.258878189453311,0.794661449957001,0.4295469224718368,0.8956357849704687,False,NS
ILMN_3004727,8.225378916981136,8.462284861538464,-0.2369059445573285,-0.7950273807819294,0.4292142999505852,0.8956357849704687,False,NS
ILMN_3003444,8.369600786792452,8.12145532051282,0.24814546627963097,0.7940153385157549,0.42940256858356035,0.8956357849704687,False,NS
ILMN_3004460,8.236291456603773,8.504089623076924,-0.2677981664731508,-0.796545935821272,0.4288194112694898,0.8956357849704687,False,NS
ILMN_3003250,8.56482696981132,8.855050153846156,-0.2902231840348364,-0.7964841012567946,0.42905613844566415,0.8956357849704687,False,NS
ILMN_3001314,8.625185308490561,8.883155087179487,-0.2579697786889259,-0.7937033040149579,0.42929425799121357,0.8956357849704687,False,NS
ILMN_3000984,8.430094434905666,8.163863815384614,0.26623061952105154,0.7953294158174016,0.42908308793808164,0.8956357849704687,False,NS
ILMN_3004072,8.317340516981131,8.543858266666666,-0.2265177496855344,-0.7856979934661839,0.4345578266245193,0.8967082204610044,False,NS
ILMN_3004162,8.258389553773583,8.528574661538459,-0.2701851077648758,-0.7828796430569043,0.43659611232063,0.8967082204610044,False,NS
ILMN_3003189,8.653241695283018,8.876872689743589,-0.22363099446057078,-0.7835452711949551,0.43587787011934603,0.8967082204610044,False,NS
ILMN_3001185,8.550791096226417,8.323659438461542,0.22713165776487543,0.782045056955843,0.43660693538996254,0.8967082204610044,False,NS
ILMN_3004777,8.708622087735849,8.43541081025641,0.2732112774794384,0.7854054233541352,0.4350585174656431,0.8967082204610044,False,NS
ILMN_3003510,8.419119125471697,8.697894746153846,-0.2787756206821488,-0.7869438417039123,0.4339451753344905,0.8967082204610044,False,NS
ILMN_3003559,8.295886337735853,8.557211200000001,-0.2613248622641482,-0.7937154634124244,0.43041675013051206,0.8967082204610044,False,NS
ILMN_3002308,8.067482182075475,8.317323623076925,-0.24984144100145045,-0.7891381196072348,0.432889703292608,0.8967082204610044,False,NS
ILMN_3001352,8.587830644339622,8.295609166666667,0.29222147767295503,0.7860216378974989,0.43512338405115103,0.8967082204610044,False,NS
ILMN_3000915,8.571630372641511,8.308926289743592,0.262704082897919,0.7910262113837594,0.43158137490438975,0.8967082204610044,False,NS
ILMN_3002887,8.55438356981132,8.79231982051282,-0.23793625070149993,-0.785418466597359,0.43490344118329016,0.8967082204610044,False,NS
ILMN_3000652,8.361120393396227,8.108442489743592,0.25267790365263565,0.7880761224575695,0.4333683693958018,0.8967082204610044,False,NS
ILMN_3001580,8.721565470754717,8.45057925641026,0.27098621434445747,0.7860853165360187,0.4343827506797139,0.8967082204610044,False,NS
ILMN_3004190,8.40873302264151,8.633708869230766,-0.22497584658925618,-0.791219833380328,0.43134258357538235,0.8967082204610044,False,NS
ILMN_3000501,8.679505498113212,8.43261641025641,0.2468890878568022,0.7817633968115048,0.4367063015640429,0.8967082204610044,False,NS
ILMN_3003077,8.320200516981131,8.54906517435897,-0.228864657377839,-0.785865742630281,0.4346698074023925,0.8967082204610044,False,NS
ILMN_3004350,8.3198220990566,8.573495825641029,-0.2536737265844291,-0.7911142250859611,0.4317681294916903,0.8967082204610044,False,NS
ILMN_3000883,8.301938872641513,8.561766838461539,-0.2598279658200262,-0.790458951585013,0.43182443777707746,0.8967082204610044,False,NS
ILMN_3004604,8.423158454716981,8.700603594871797,-0.2774451401548159,-0.7917199387974205,0.4316251541037077,0.8967082204610044,False,NS
ILMN_3004592,8.43802054245283,8.705995082051281,-0.26797453959845186,-0.792015857234682,0.4314730341085613,0.8967082204610044,False,NS
ILMN_3002298,8.458240714150943,8.207588423076926,0.250652291074017,0.7889532727867862,0.4327052078614244,0.8967082204610044,False,NS
ILMN_3004279,8.902977720754718,8.641379582051282,0.2615981387034356,0.7835765459107693,0.4361758234389628,0.8967082204610044,False,NS
ILMN_3000822,8.28362604245283,8.02930203076923,0.2543240116836003,0.7834127954002128,0.43609783696199667,0.8967082204610044,False,NS
ILMN_3002274,8.871651896226412,9.143271366666665,-0.27161947044025325,-0.7880217388829454,0.43353394991828015,0.8967082204610044,False,NS
ILMN_3001611,8.409415122641509,8.671535541025643,-0.2621204183841339,-0.7848745364328608,0.43537525963822826,0.8967082204610044,False,NS
ILMN_3001641,8.424049838679245,8.658198225641026,-0.23414838696178109,-0.784146658301769,0.43510090203712676,0.8967082204610044,False,NS
ILMN_3003919,8.556803794339624,8.3052529,0.2515508943396245,0.7825770268771945,0.43630879345870494,0.8967082204610044,False,NS
ILMN_3001653,8.239032715094343,8.463270653846154,-0.22423793875181097,-0.7857775051201974,0.4346601799196961,0.8967082204610044,False,NS
ILMN_3000531,8.69875366226415,8.931408105128204,-0.2326544428640549,-0.7836553906386181,0.4352010763440399,0.8967082204610044,False,NS
ILMN_3001978,8.67948024245283,8.962044276923075,-0.28256403447024603,-0.7877249099534954,0.4338728461118152,0.8967082204610044,False,NS
ILMN_3003666,8.434329159433963,8.702971682051283,-0.2686425226173199,-0.7926739016770149,0.4307904930103929,0.8967082204610044,False,NS
ILMN_3003701,8.543386530188677,8.814293023076925,-0.27090649288824764,-0.7825505466179745,0.4367152486785869,0.8967082204610044,False,NS
ILMN_3003486,8.286487465094341,8.545151935897435,-0.25866447080309385,-0.7867477379238432,0.4341029215522605,0.8967082204610044,False,NS
ILMN_3002943,8.694448337735851,8.44688718717949,0.2475611505563613,0.7877959998503001,0.4333591274863256,0.8967082204610044,False,NS
ILMN_3001459,8.459477973584912,8.715921294871794,-0.2564433212868824,-0.7890519973071574,0.43286542269163175,0.8967082204610044,False,NS
ILMN_3004540,8.465063000943397,8.743587297435896,-0.278524296492499,-0.7894084298666577,0.43290212038663445,0.8967082204610044,False,NS
ILMN_3000804,8.592855015094338,8.360875892307693,0.23197912278664568,0.7812856235096644,0.43687624500860134,0.8967082204610044,False,NS
ILMN_3001461,8.688298243396227,8.432605128205129,0.2556931151910984,0.7858606038868449,0.43436407528552945,0.8967082204610044,False,NS
ILMN_3003647,8.786232053773588,9.046150956410255,-0.2599189026366666,-0.7817791766803212,0.4374117527123358,0.8967925777339325,False,NS
ILMN_3002944,8.352632501886792,8.616383464102565,-0.26375096221577365,-0.7823852592459758,0.4371422383986707,0.8967925777339325,False,NS
ILMN_3001469,8.397573069811324,8.661599110256407,-0.26402604044508315,-0.7816572767793804,0.43745541941861227,0.8967925777339325,False,NS
ILMN_3000653,8.689465950943395,8.939010674358975,-0.2495447234155801,-0.7797189430542714,0.43821841190259825,0.8971818174228057,False,NS
ILMN_3004519,8.596824640566036,8.34327061025641,0.2535540303096262,0.7766375742517204,0.4395982511261898,0.8971818174228057,False,NS
ILMN_3004088,8.527004871698116,8.83362032051282,-0.3066154488147035,-0.7765620394509682,0.44072394535734755,0.8971818174228057,False,NS
ILMN_3002141,8.749072183962266,8.497077794871796,0.2519943890904699,0.7778110926176923,0.43919008518429853,0.8971818174228057,False,NS
ILMN_3004908,8.430849165094337,8.678782079487181,-0.2479329143928446,-0.7745734416061919,0.44134870471367027,0.8971818174228057,False,NS
ILMN_3001495,8.432903130188677,8.180523112820511,0.25238001736816607,0.7751000671745453,0.4407233950652265,0.8971818174228057,False,NS
ILMN_3001124,8.419893668867925,8.669247141025643,-0.24935347215771841,-0.7792589495046058,0.4381590566424726,0.8971818174228057,False,NS
ILMN_3000663,8.53444917358491,8.822892928205128,-0.2884437546202179,-0.7745177492815988,0.44135739637727234,0.8971818174228057,False,NS
ILMN_3004830,8.490562866037735,8.236308294871796,0.25425457116593897,0.7763635932341165,0.4401884052252427,0.8971818174228057,False,NS
ILMN_3000906,8.26737006037736,8.517802369230768,-0.2504323088534086,-0.7779933105056694,0.4392765074072823,0.8971818174228057,False,NS
ILMN_3003537,8.161914611320757,8.427045187179486,-0.2651305758587288,-0.7785715891752661,0.4389336601993574,0.8971818174228057,False,NS
ILMN_3002571,9.046947653773588,8.77535572820513,0.27159192556845824,0.7753515958934069,0.4411523122063054,0.8971818174228057,False,NS
ILMN_3000896,8.548655002830191,8.831284784615383,-0.28262978178519127,-0.776263048325,0.4402964673118818,0.8971818174228057,False,NS
ILMN_3002399,8.392767574528303,8.131707894871795,0.26105967965650834,0.7778486073310612,0.43964446490594444,0.8971818174228057,False,NS
ILMN_3002958,8.49688505754717,8.241260202564105,0.25562485498306486,0.7805327570438075,0.4379011901550141,0.8971818174228057,False,NS
ILMN_3004673,8.553287132075468,8.285101405128206,0.2681857269472623,0.7765307768096831,0.44021150321503083,0.8971818174228057,False,NS
ILMN_3002903,8.50951129622641,8.260829258974361,0.24868203725204907,0.7785917280040255,0.43873492448786255,0.8971818174228057,False,NS
ILMN_3004376,8.565794555660377,8.32067688974359,0.24511766591678708,0.7745596009028144,0.4412855590108137,0.8971818174228057,False,NS
ILMN_3001597,8.737443635849056,8.979317366666669,-0.24187373081761265,-0.7759801488722938,0.4399748217657147,0.8971818174228057,False,NS
ILMN_3002738,8.578603453773587,8.327938689743588,0.2506647640299988,0.7741739303389358,0.4414134541720204,0.8971818174228057,False,NS
ILMN_3003907,8.223351170754714,8.475145446153846,-0.25179427539913135,-0.7782858915372746,0.43873350324687405,0.8971818174228057,False,NS
ILMN_3002183,8.685085738679241,8.946798592307694,-0.26171285362845254,-0.7739552574684044,0.44190091347506905,0.8972262858451736,False,NS
ILMN_3002754,8.515679616981132,8.271944733333331,0.24373488364780016,0.773786856688348,0.441961906396385,0.8972262858451736,False,NS
ILMN_3000642,8.540743036792453,8.326923035897435,0.21382000089501751,0.7718678339279533,0.44215311366450155,0.8972262858451736,False,NS
ILMN_3000917,8.384462011320759,8.607960784615384,-0.22349877329462586,-0.7724738356193213,0.4421455023585502,0.8972262858451736,False,NS
ILMN_3003069,8.623357588679243,8.35303792820513,0.2703196604741134,0.7710925622105514,0.4432161816830633,0.8974347548740289,False,NS
ILMN_3000981,8.635618599999999,8.905512584615384,-0.2698939846153845,-0.7706749810012851,0.4440507167116695,0.8974347548740289,False,NS
ILMN_3001365,8.73249099811321,8.457678499999998,0.27481249811321184,0.7717629872078334,0.4435726105682391,0.8974347548740289,False,NS
ILMN_3004629,8.598791892452827,8.837066030769229,-0.23827413831640243,-0.769613272600737,0.44403240782722714,0.8974347548740289,False,NS
ILMN_3003162,8.4446220254717,8.710434312820516,-0.26581228734881535,-0.7722118144020065,0.44288235682878385,0.8974347548740289,False,NS
ILMN_3000513,8.463781910377358,8.204293564102564,0.2594883462747948,0.7701980372420408,0.444008034437308,0.8974347548740289,False,NS
ILMN_3004101,8.52586171037736,8.266814541025639,0.2590471693517209,0.7704159368261909,0.44384842625023857,0.8974347548740289,False,NS
ILMN_3002772,8.446261756603771,8.70361152051282,-0.2573497639090494,-0.7717351112632332,0.4426643022183508,0.8974347548740289,False,NS
ILMN_3001804,8.66496057264151,8.424913030769233,0.2400475418722774,0.7702370023169974,0.4438468898717297,0.8974347548740289,False,NS
ILMN_3003564,8.635861668867925,8.917731915384612,-0.2818702465166876,-0.771969601167556,0.443036853229852,0.8974347548740289,False,NS
ILMN_3003349,8.471681154716979,8.230478094871795,0.24120305984518353,0.7695598554149431,0.44441639850024306,0.8978109060610971,False,NS
ILMN_3001548,8.386331959433964,8.687080989743588,-0.30074903030962474,-0.76954602131599,0.44469113598912524,0.8980031017550995,False,NS
ILMN_3003761,8.434343834905663,8.673331556410254,-0.23898772150459102,-0.7677933998238032,0.4449229707266697,0.8981085400215375,False,NS
ILMN_3002948,8.647119076415096,8.400988905128205,0.2461301712868913,0.7679176441687756,0.4451478518169627,0.89819986242325,False,NS
ILMN_3004780,8.295138215094342,8.573790756410256,-0.278652541315914,-0.7670801292419704,0.4457520276828731,0.8990561268311276,False,NS
ILMN_3000809,8.405273858490565,8.630957179487178,-0.22568332099661248,-0.765668303754255,0.4461914216663586,0.8990838632840895,False,NS
ILMN_3000530,8.36140924528302,8.100822846153845,0.2605863991291759,0.7648254169104686,0.44684468005219247,0.8990838632840895,False,NS
ILMN_3003667,8.482710101886795,8.721690694871796,-0.2389805929850013,-0.7645171912891199,0.4468070485032716,0.8990838632840895,False,NS
ILMN_3004856,8.414956550943398,8.725127974358976,-0.3101714234155786,-0.7667152496247365,0.4465458494114588,0.8990838632840895,False,NS
ILMN_3002049,8.593669829245282,8.352361561538462,0.24130826770682035,0.7663909789870844,0.4464542814470667,0.8990838632840895,False,NS
ILMN_3000625,8.19242484811321,8.436639933333332,-0.24421508522012125,-0.7664472129120921,0.4461271807524072,0.8990838632840895,False,NS
ILMN_3003954,8.386980696226416,8.626265984615385,-0.23928528838896845,-0.7641069129279614,0.44714661788757515,0.8993294808680112,False,NS
ILMN_3000975,8.462520568867921,8.716259928205126,-0.2537393593372048,-0.7641024493431063,0.4476832962765834,0.8994152190736927,False,NS
ILMN_3002085,8.530621602830186,8.773330969230772,-0.24270936640058594,-0.7636268086725329,0.4477181463188295,0.8994152190736927,False,NS
ILMN_3001284,8.626725483018866,8.391290117948719,0.23543536507014728,0.7632479081611642,0.44772889605488425,0.8994152190736927,False,NS
ILMN_3001655,8.59933558490566,8.363921023076925,0.2354145618287351,0.7624291215732806,0.4484373446973474,0.900476595777806,False,NS
ILMN_3002902,8.597756091509433,8.357875412820514,0.2398806786889196,0.7603722668688319,0.4490557161254276,0.9009946150189158,False,NS
ILMN_3004607,8.49453837264151,8.206063000000002,0.288475372641507,0.7617692970837956,0.44896096495789883,0.9009946150189158,False,NS
ILMN_3003600,8.482757476415095,8.747208605128204,-0.26445112871310883,-0.760555087859654,0.44955582874568223,0.9012747168117126,False,NS
ILMN_3004168,8.56234753773585,8.844410423076921,-0.2820628853410714,-0.7612530986553712,0.4493986554206941,0.9012747168117126,False,NS
ILMN_3004966,8.60252530566038,8.346228928205125,0.25629637745525535,0.7580983854206012,0.45114464428867956,0.9019653832453527,False,NS
ILMN_3003916,8.83439592830189,8.583791961538461,0.25060396676342833,0.7591457683755244,0.4503563930450021,0.9019653832453527,False,NS
ILMN_3004714,8.382692458490565,8.596456587179487,-0.21376412868892203,-0.758047037223476,0.450971603641217,0.9019653832453527,False,NS
ILMN_3001814,8.654265900943395,8.413110679487179,0.24115522145621604,0.757220515420648,0.4510647627667114,0.9019653832453527,False,NS
ILMN_3001737,8.311495048113207,8.55818944871795,-0.2466944006047438,-0.7579960081485413,0.45134347777597444,0.9019653832453527,False,NS
ILMN_3003678,8.611065773584905,8.37058722051282,0.24047855307208543,0.7594214041398305,0.4501456423915246,0.9019653832453527,False,NS
ILMN_3000788,8.50396559150943,8.250031835897436,0.25393375561199427,0.7578372997545104,0.45114217017094604,0.9019653832453527,False,NS
ILMN_3000805,8.34121713773585,8.08842982051282,0.2527873172230297,0.7574486228151732,0.45124778992784936,0.9019653832453527,False,NS
ILMN_3003015,8.570338389622643,8.34239953076923,0.22793885885341325,0.7566647681350818,0.45159001109808666,0.9020975051899454,False,NS
ILMN_3004996,8.870212640566038,8.628196771794874,0.24201586877116377,0.7559844826687857,0.45192948262627525,0.9024151010908051,False,NS
ILMN_3004941,8.692268370754718,8.47621185128205,0.21605651947266757,0.7539829763468513,0.45313607494207164,0.902475908180675,False,NS
ILMN_3004911,8.508356176415095,8.764597687179485,-0.25624151076439006,-0.7557197320527606,0.4521721069025518,0.902475908180675,False,NS
ILMN_3000973,8.421270541509434,8.18728411794872,0.2339864235607152,0.7549530455694288,0.45307419790802905,0.902475908180675,False,NS
ILMN_3002118,8.619220450943395,8.36433395897436,0.25488649196903523,0.7531928183279902,0.4536382659895814,0.902475908180675,False,NS
ILMN_3002122,8.463572484905663,8.725070505128206,-0.2614980202225432,-0.7535610792690501,0.45411035313413683,0.902475908180675,False,NS
ILMN_3001592,8.737475938679248,8.475054064102565,0.26242187457668287,0.7544408617337773,0.4531817745576278,0.902475908180675,False,NS
ILMN_3003000,8.395517766037736,8.678498223076925,-0.28298045703918895,-0.755438328563776,0.4529456948878919,0.902475908180675,False,NS
ILMN_3000848,8.181108666037733,8.435926105128205,-0.2548174390904716,-0.7529302231674679,0.45412980185752183,0.902475908180675,False,NS
ILMN_3001532,8.658143900943397,8.412415784615385,0.24572811632801184,0.755395725083013,0.4526192278611551,0.902475908180675,False,NS
ILMN_3001593,8.725341868867925,8.487648189743592,0.2376936791243338,0.7527592533795476,0.45380677475706194,0.902475908180675,False,NS
ILMN_3003593,8.422791543396224,8.713248433333334,-0.2904568899371096,-0.7529382316026154,0.4542949388978324,0.902475908180675,False,NS
ILMN_3002230,8.552769766981134,8.305490866666664,0.24727890031446975,0.7533447319762822,0.45392950070531224,0.902475908180675,False,NS
ILMN_3000666,8.502720713207548,8.774122315384615,-0.27140160217706644,-0.7527421940259753,0.4543063721781518,0.902475908180675,False,NS
ILMN_3004587,8.654607051886794,8.415848294871795,0.23875875701499893,0.7516053945555007,0.45481066794794434,0.9027603571813106,False,NS
ILMN_3004021,8.434686587735854,8.681305984615387,-0.24661939687953272,-0.7523601772599318,0.4546976782076484,0.9027603571813106,False,NS
ILMN_3002867,8.74451209433962,8.528784684615387,0.21572740972423432,0.750251551970119,0.45557491014851204,0.9028436586375584,False,NS
ILMN_3002472,8.459054286792451,8.19921604102564,0.2598382457668116,0.7508834448536684,0.4553827544640779,0.9028436586375584,False,NS
ILMN_3003170,8.50954879716981,8.25334932051282,0.25619947665698994,0.7505341668664393,0.4555690091115158,0.9028436586375584,False,NS
ILMN_3001052,8.850632817924533,8.609536164102565,0.24109665382196788,0.7505228200515391,0.4550913968362727,0.9028436586375584,False,NS
ILMN_3004639,8.768686466037735,8.530979333333333,0.23770713270440247,0.749724817737902,0.45584177570434425,0.9030146111417279,False,NS
ILMN_3001607,8.532227625471695,8.290142923076921,0.24208470239477364,0.7484795609973591,0.45693559491738917,0.9037491988081272,False,NS
ILMN_3004264,8.617875732075477,8.85906511025641,-0.24118937818093222,-0.7479978632201539,0.45689978239626966,0.9037491988081272,False,NS
ILMN_3003796,8.494096877358492,8.275847864102563,0.21824901325592982,0.7479794394835279,0.45675270385398303,0.9037491988081272,False,NS
ILMN_3002985,8.640298567924527,8.378275630769231,0.26202293715529557,0.7492143855679515,0.456744118240809,0.9037491988081272,False,NS
ILMN_3003152,8.442862940566036,8.173639966666666,0.2692229738993692,0.7462147573139402,0.4584061598790893,0.9038220183342456,False,NS
ILMN_3001834,7.991355923584904,8.248994338461538,-0.2576384148766335,-0.7460911556046246,0.45832430340209646,0.9038220183342456,False,NS
ILMN_3003473,8.595563248113207,8.860689035897437,-0.2651257877842301,-0.7457354917867621,0.4582144234333628,0.9038220183342456,False,NS
ILMN_3001621,8.172693081132074,8.426908046153844,-0.2542149650217702,-0.7455167254723726,0.4585032120462048,0.9038220183342456,False,NS
ILMN_3003382,8.404347478301885,8.138980710256408,0.2653667680454763,0.7472290401537213,0.4579014682708032,0.9038220183342456,False,NS
ILMN_3001540,8.234241718867924,8.475931102564102,-0.24168938369617798,-0.7461679871003548,0.45801877647261474,0.9038220183342456,False,NS
ILMN_3003235,8.414747151886793,8.646072497435895,-0.23132534554910222,-0.747775360213546,0.45725956213574925,0.9038220183342456,False,NS
ILMN_3001671,8.508451508490564,8.728428335897437,-0.21997682740687274,-0.7467093072948208,0.4580807926853095,0.9038220183342456,False,NS
ILMN_3003366,8.36909171132076,8.607401002564105,-0.2383092912433451,-0.7452217247481102,0.45859929210279615,0.9038220183342456,False,NS
ILMN_3002234,8.316239149056605,8.536170482051281,-0.21993133299467615,-0.7428621168455358,0.4599518379652553,0.9043486159596054,False,NS
ILMN_3002211,8.563929734905662,8.274560574358974,0.2893691605466877,0.7450014603507047,0.4591743455280102,0.9043486159596054,False,NS
ILMN_3001116,8.443700063207544,8.189011271794874,0.2546887914126703,0.7419477804255157,0.46067518496982296,0.9043486159596054,False,NS
ILMN_3001808,8.813017218867925,8.53697655128205,0.27604066758587464,0.7431994378630807,0.46015698193395693,0.9043486159596054,False,NS
ILMN_3002740,8.701343610377362,8.43439911794872,0.2669444924286424,0.7423677659593845,0.4605029788904114,0.9043486159596054,False,NS
ILMN_3003798,8.23295545283019,8.461257948717948,-0.22830249588775864,-0.7422581291819514,0.4601991614731722,0.9043486159596054,False,NS
ILMN_3003535,8.563744337735844,8.808990248717947,-0.2452459109821028,-0.7421539517173296,0.46061593360815495,0.9043486159596054,False,NS
ILMN_3001213,8.529367285849055,8.259529071794871,0.2698382140541842,0.744114280282815,0.4597544094411755,0.9043486159596054,False,NS
ILMN_3003298,8.69326514528302,8.973853597435898,-0.28058845215287853,-0.7443854331434596,0.45965212897092206,0.9043486159596054,False,NS
ILMN_3004790,8.547549833962263,8.281078143589745,0.2664716903725175,0.74424784497764,0.45948884282175007,0.9043486159596054,False,NS
ILMN_3001126,8.653380019811316,8.40644791538462,0.2469321044266959,0.7408382523379453,0.46127388773081596,0.9049510906772043,False,NS
ILMN_3002313,8.472648783962265,8.734178069230769,-0.2615292852685034,-0.7401888469750495,0.46152505624537415,0.9049510906772043,False,NS
ILMN_3000675,8.876936264150938,8.619308182051283,0.2576280820996555,0.7414391601550755,0.46141771946849364,0.9049510906772043,False,NS
ILMN_3002431,8.556722294339624,8.283884164102563,0.2728381302370604,0.7405465855925774,0.46185475303739054,0.9052425578937486,False,NS
ILMN_3004798,8.764225811320753,8.986429415384613,-0.22220360406386064,-0.7389283841988306,0.46211036004678185,0.9053651838633785,False,NS
ILMN_3004396,8.821337408490566,8.565567835897435,0.25576957259313104,0.7395398554963676,0.4622794628806411,0.9053651838633785,False,NS
ILMN_3002864,8.464149494339626,8.74353694871795,-0.27938745437832324,-0.7388841497339317,0.46307984571545086,0.9059215681472516,False,NS
ILMN_3000866,8.70611162075472,8.474161584615384,0.2319500361393363,0.7380483034666987,0.462988565894227,0.9059215681472516,False,NS
ILMN_3004980,8.560080257547169,8.314983948717948,0.24509630882922018,0.737700477988799,0.4632701376665245,0.9059215681472516,False,NS
ILMN_3004756,8.703931381132072,8.476522010256408,0.22740937087566415,0.7373864326173064,0.4632882899505044,0.9059215681472516,False,NS
ILMN_3002549,8.241499616037736,8.48365272307692,-0.2421531070391847,-0.7340212644355053,0.4652087370017345,0.9064862373377524,False,NS
ILMN_3003207,8.57621862735849,8.369437817948718,0.2067808094097714,0.7351766138058042,0.4647339597259944,0.9064862373377524,False,NS
ILMN_3001829,8.7701646245283,9.044988589743589,-0.2748239652152886,-0.7354327243913498,0.46473183854972916,0.9064862373377524,False,NS
ILMN_3002606,8.29273060566038,8.517837094871794,-0.22510648921141474,-0.7353409984249405,0.4645889835120995,0.9064862373377524,False,NS
ILMN_3000931,8.883573363207546,8.634064971794869,0.249508391412677,0.7356866039588299,0.46406924248877324,0.9064862373377524,False,NS
ILMN_3000672,8.285055476415097,8.539950376923077,-0.25489490050797947,-0.7349645058990538,0.46486243826812423,0.9064862373377524,False,NS
ILMN_3001910,8.481211674528298,8.257746915384617,0.22346475914368114,0.73502250071389,0.4645624105911529,0.9064862373377524,False,NS
ILMN_3001450,8.595716725471698,8.837597979487176,-0.24188125401547822,-0.7367209008773195,0.46383012218792824,0.9064862373377524,False,NS
ILMN_3004441,8.471532122641513,8.231458192307691,0.2400739303338213,0.7352940139782257,0.46519022405150723,0.9064862373377524,False,NS
ILMN_3001361,8.644843108490564,8.87708065897436,-0.2322375504837968,-0.7290306341833704,0.46838499009973855,0.9067387892435234,False,NS
ILMN_3002709,8.695680952830186,8.45755305897436,0.23812789385582533,0.7282165031906653,0.46900313792002657,0.9067387892435234,False,NS
ILMN_3001237,8.81068265188679,9.05546541538461,-0.24478276349782035,-0.7276197366130979,0.4691647018984628,0.9067387892435234,False,NS
ILMN_3003913,8.579951370754719,8.848050323076922,-0.2680989523222035,-0.728094281107512,0.46906559026213945,0.9067387892435234,False,NS
ILMN_3002861,8.678430233018867,8.465513656410256,0.2129165766086114,0.7291475860393467,0.4678527655590603,0.9067387892435234,False,NS
ILMN_3001334,8.384766550943397,8.68817729230769,-0.3034107413642939,-0.7333218066960245,0.46626552326913945,0.9067387892435234,False,NS
ILMN_3003376,8.233585580188679,7.993269433333334,0.24031614685534475,0.7272144007801912,0.4695093450702964,0.9067387892435234,False,NS
ILMN_3003013,8.565465853773585,8.796213794871793,-0.2307479410982083,-0.7288980728473822,0.46864613491733176,0.9067387892435234,False,NS
ILMN_3004293,8.395195851886792,8.642388956410255,-0.247193104523463,-0.7301404521781429,0.46800660420374957,0.9067387892435234,False,NS
ILMN_3001254,8.458879071698112,8.717373882051282,-0.2584948103531701,-0.7323521047796203,0.46674512677529867,0.9067387892435234,False,NS
ILMN_3004092,8.431622426415096,8.178176176923074,0.253446249492022,0.7279692155250224,0.46924068692482196,0.9067387892435234,False,NS
ILMN_3001451,8.372805313207548,8.148812261538463,0.22399305166908512,0.7293142396196927,0.46798617033024076,0.9067387892435234,False,NS
ILMN_3001994,8.553357848113208,8.761512525641026,-0.20815467752781736,-0.7288971217305799,0.46824092908864234,0.9067387892435234,False,NS
ILMN_3003843,8.870173028301883,8.636188112820513,0.23398491548137024,0.729161471035312,0.46799892722699904,0.9067387892435234,False,NS
ILMN_3000603,8.381859704716984,8.628816987179485,-0.24695728246250148,-0.7278331763412336,0.46948582900772723,0.9067387892435234,False,NS
ILMN_3004157,8.5846971,8.82707177948718,-0.24237467948718106,-0.7314011439059884,0.46689215273896156,0.9067387892435234,False,NS
ILMN_3004154,8.576659271698114,8.83993235128205,-0.26327307958393575,-0.7285923212232378,0.46908634109163494,0.9067387892435234,False,NS
ILMN_3000776,8.545009816037735,8.291478715384613,0.253531100653122,0.731369205761178,0.4671599221592572,0.9067387892435234,False,NS
ILMN_3004860,8.710478881132078,8.443922505128205,0.26655637600387294,0.7305824306788508,0.4678708044394888,0.9067387892435234,False,NS
ILMN_3003191,8.473593679245282,8.244095484615382,0.2294981946298993,0.733092415055623,0.46603016765389965,0.9067387892435234,False,NS
ILMN_3004844,8.668587226415095,8.420613289743589,0.24797393667150658,0.7300822889433777,0.46787430226613586,0.9067387892435234,False,NS
ILMN_3002563,8.62851710754717,8.897495164102562,-0.2689780565553921,-0.7293901003230062,0.4684447266902772,0.9067387892435234,False,NS
ILMN_3001973,8.28071652169811,8.53642157948718,-0.25570505778907027,-0.7311377569053832,0.4674649465670443,0.9067387892435234,False,NS
ILMN_3004128,8.55456050660377,8.810376502564104,-0.255815995960333,-0.7267664339692191,0.4699298407233982,0.9072004647169849,False,NS
ILMN_3002597,8.374203134905658,8.646284843589743,-0.27208170868408565,-0.7261296869836514,0.4705919592210152,0.9077776991146127,False,NS
ILMN_3002516,8.459617109433962,8.227682305128205,0.23193480430575697,0.7254185598969236,0.47047607782207523,0.9077776991146127,False,NS
ILMN_3001227,8.732186906603776,8.509869494871793,0.22231741173198216,0.7247106874629031,0.4709239266076574,0.9080677335280707,False,NS
ILMN_3004163,8.664867629245284,8.428898323076927,0.2359693061683572,0.7238206600002297,0.4714116392070024,0.9083075899942242,False,NS
ILMN_3004757,8.300503482075467,8.532526710256409,-0.23202322818094245,-0.7243546431807791,0.4712314206399948,0.9083075899942242,False,NS
ILMN_3004649,8.445124301886793,8.667020371794873,-0.2218960699080803,-0.7222544891420438,0.47227840598790843,0.908420879066707,False,NS
ILMN_3004334,8.703648281132075,8.460494751282052,0.24315352985002292,0.7228856869215942,0.4722940556113797,0.908420879066707,False,NS
ILMN_3004891,8.415417433018867,8.64715486923077,-0.2317374362119029,-0.7229673322793962,0.4719329402169204,0.908420879066707,False,NS
ILMN_3001042,8.529241051886792,8.279503594871795,0.24973745701499794,0.7236378775700449,0.4721697560725661,0.908420879066707,False,NS
ILMN_3003703,8.561730502830189,8.340806317948717,0.22092418488147203,0.7216065321116539,0.47237885711468763,0.908420879066707,False,NS
ILMN_3004717,8.489612326415099,8.265914705128205,0.22369762128689352,0.7218864161118562,0.47309337666919193,0.9085798391264442,False,NS
ILMN_3003326,8.422109606603772,8.68972862051282,-0.26761901390904796,-0.7224077100833965,0.4728898267595153,0.9085798391264442,False,NS
ILMN_3001535,8.091553363207549,7.870098502564103,0.22145486064344588,0.721321337460992,0.4731883802170522,0.9085798391264442,False,NS
ILMN_3002610,8.53269797169811,8.30616591025641,0.22653206144169857,0.7209427863851819,0.4731346022554115,0.9085798391264442,False,NS
ILMN_3001011,8.7014672254717,8.47275124102564,0.22871598444606,0.7164842198759762,0.47590665554494593,0.910716975339246,False,NS
ILMN_3000977,8.26266584528302,8.533244502564104,-0.2705786572810833,-0.7189627172380081,0.47507653571367775,0.910716975339246,False,NS
ILMN_3001048,8.5908816009434,8.85365505897436,-0.26277345803095997,-0.7182183308514484,0.4754052232076605,0.910716975339246,False,NS
ILMN_3000757,8.450280430188677,8.208123353846153,0.24215707634252404,0.7184462426537981,0.47489719029724303,0.910716975339246,False,NS
ILMN_3000959,8.770141333962265,8.51926934102564,0.25087199293662543,0.7179817763547152,0.4753411959348828,0.910716975339246,False,NS
ILMN_3001276,8.469530961320755,8.684024774358976,-0.2144938130382208,-0.7158585719937084,0.47612283470735783,0.910716975339246,False,NS
ILMN_3001224,8.74731776792453,8.490241089743591,0.2570766781809386,0.7165400999568988,0.47595752236344885,0.910716975339246,False,NS
ILMN_3002412,8.594963911320754,8.817668664102563,-0.22270475278180868,-0.7183467855440219,0.4748739737072973,0.910716975339246,False,NS
ILMN_3004206,8.292995600943396,8.52808572307692,-0.2350901221335242,-0.7188616368028793,0.4745870597160294,0.910716975339246,False,NS
ILMN_3002297,8.37582156037736,8.645619325641027,-0.2697977652636663,-0.7179869054708683,0.4757935633341458,0.910716975339246,False,NS
ILMN_3001490,8.237925336792452,7.991642153846153,0.24628318294629903,0.7156190746490009,0.47663293209049945,0.9113440384139568,False,NS
ILMN_3002547,8.617823394339622,8.398822135897436,0.21900125844218543,0.7145613404233242,0.47709485783634226,0.9118785509104401,False,NS
ILMN_3002794,8.282213548113203,8.516786628205129,-0.23457308009192523,-0.714355269810901,0.47739779505691604,0.9121088938802371,False,NS
ILMN_3004544,8.494426476415091,8.279344625641025,0.21508185077406594,0.710829679671118,0.47918822429812363,0.912124673260723,False,NS
ILMN_3004661,8.446266244339625,8.689114361538461,-0.24284811719883592,-0.7144173741769269,0.4776238216862515,0.912124673260723,False,NS
ILMN_3004070,8.611847788679242,8.382813366666666,0.2290344220125764,0.7107948747242827,0.47928481248735083,0.912124673260723,False,NS
ILMN_3001707,8.366487561320756,8.617056635897434,-0.25056907457667776,-0.7129430603088587,0.4787433970931409,0.912124673260723,False,NS
ILMN_3001636,8.34953690471698,8.591679861538463,-0.24214295682148368,-0.7127482754061467,0.47874803844703634,0.912124673260723,False,NS
ILMN_3003190,8.34921850471698,8.586156946153844,-0.23693844143686427,-0.7128091504744763,0.47831785697726603,0.912124673260723,False,NS
ILMN_3002670,8.522822449056608,8.282802528205126,0.24001992085148238,0.7122923694669484,0.4787509430410411,0.912124673260723,False,NS
ILMN_3004012,8.530235191509433,8.770157625641028,-0.23992243413159464,-0.7125685226913739,0.47865434338354695,0.912124673260723,False,NS
ILMN_3004854,8.470396697169813,8.696256384615387,-0.22585968744557405,-0.7115502047206361,0.4789689491632667,0.912124673260723,False,NS
ILMN_3001068,8.57974173301887,8.372669569230768,0.20707216378810323,0.7108986269463714,0.479412728265836,0.912124673260723,False,NS
ILMN_3002827,8.399845022641502,8.657987966666667,-0.258142944025165,-0.7122746714929931,0.4790005773203571,0.912124673260723,False,NS
ILMN_3002200,8.392373526415096,8.62492726153846,-0.2325537351233642,-0.7097752428363752,0.4799933268886841,0.9128819453949868,False,NS
ILMN_3003998,8.477472698113203,8.712152046153845,-0.2346793480406415,-0.7091124246873457,0.48078790736067967,0.9130040018243063,False,NS
ILMN_3000890,8.24371103490566,8.438492279487178,-0.19478124458151846,-0.7086303615095143,0.48067041279424433,0.9130040018243063,False,NS
ILMN_3003040,8.574330983018868,8.813066823076923,-0.23873584005805526,-0.7089615862710719,0.4807494694464167,0.9130040018243063,False,NS
ILMN_3004475,8.618026262264149,8.856976958974357,-0.23895069671020863,-0.7087971976634444,0.4807392240485376,0.9130040018243063,False,NS
ILMN_3003652,8.75576398490566,8.547734323076924,0.2080296618287356,0.7067867025490143,0.48176149131161417,0.9145054884426995,False,NS
ILMN_3001282,8.750746825471696,8.488636387179488,0.2621104382922077,0.7068161822266565,0.48230623183224386,0.9148449010475035,False,NS
ILMN_3001487,8.371408105660377,8.633909417948717,-0.2625013122883395,-0.7068634624551118,0.48229752560604566,0.9148449010475035,False,NS
ILMN_3003377,8.441519382075468,8.665706443589746,-0.2241870615142787,-0.7052218967622492,0.4827308305913304,0.9153030538326326,False,NS
ILMN_3001999,8.52739899150943,8.28964505897436,0.23775393253507104,0.7036390986640089,0.48390173826815225,0.9159300502102176,False,NS
ILMN_3002425,8.279549932075472,8.055438143589745,0.2241117884857271,0.7047126452911243,0.48366148671988607,0.9159300502102176,False,NS
ILMN_3000966,8.507997844339627,8.27889805128205,0.22909979305757666,0.7036076503203179,0.48397743853107894,0.9159300502102176,False,NS
ILMN_3002863,8.093544290566038,8.350940858974356,-0.2573965684083177,-0.704373842668851,0.4838553054764708,0.9159300502102176,False,NS
ILMN_3003238,8.314221688679245,8.541155130769228,-0.22693344208998312,-0.7050250529784737,0.48328879231082716,0.9159300502102176,False,NS
ILMN_3002196,8.12870848962264,8.369210020512822,-0.24050153089018167,-0.7030641560021289,0.48474735689390414,0.9170400243925543,False,NS
ILMN_3003246,8.556148040566036,8.308133774358977,0.24801426620705946,0.7021765666950935,0.485108383120214,0.9171946942290634,False,NS
ILMN_3004117,8.678806105660376,8.474674815384613,0.20413129027576282,0.7007321654163736,0.4855628711248661,0.9171946942290634,False,NS
ILMN_3001679,8.421065903773583,8.662300728205128,-0.24123482443154565,-0.7014860081980491,0.4855149568837065,0.9171946942290634,False,NS
ILMN_3003345,8.574154266037736,8.79508281794872,-0.22092855191098337,-0.7008166148042948,0.4854182608512782,0.9171946942290634,False,NS
ILMN_3003793,8.379515669811319,8.630866138461538,-0.2513504686502195,-0.7008753265893825,0.4860424578092931,0.9177538855915656,False,NS
ILMN_3002337,8.445825799056605,8.67858085897436,-0.23275505991775525,-0.6985207328110007,0.4872508250567391,0.9180929274355817,False,NS
ILMN_3002761,8.314256176415098,8.532687174358975,-0.21843099794387655,-0.6980542143539518,0.4872902798479427,0.9180929274355817,False,NS
ILMN_3004010,8.319571324528301,8.520303897435898,-0.20073257290759727,-0.6969424993991983,0.4878745816392681,0.9180929274355817,False,NS
ILMN_3003276,8.755909872641512,8.530110282051286,0.22579959059022592,0.6974383926839507,0.48763288743660305,0.9180929274355817,False,NS
ILMN_3004823,8.422789814150944,8.599427279487182,-0.17663746533623836,-0.6967687294700546,0.487673205966904,0.9180929274355817,False,NS
ILMN_3001186,8.423821782075473,8.659988861538462,-0.2361670794629891,-0.6976914721713003,0.4878237345108454,0.9180929274355817,False,NS
ILMN_3003888,8.412054668867924,8.192564697435898,0.21948997143202575,0.6986044729426636,0.4868284269257622,0.9180929274355817,False,NS
ILMN_3000636,8.690021026415094,8.449720589743592,0.24030043667150203,0.6993018750854998,0.48678173177317025,0.9180929274355817,False,NS
ILMN_3003523,8.470683250943397,8.250575964102564,0.22010728684083247,0.698718988374795,0.486953430186791,0.9180929274355817,False,NS
ILMN_3001387,8.612746956603772,8.39042388974359,0.22232306686018255,0.6963168379442952,0.4885453951219059,0.9189950759448375,False,NS
ILMN_3001510,8.676910681132073,8.45700341025641,0.21990727087566242,0.6959821616067282,0.48872158138746463,0.9189950759448375,False,NS
ILMN_3002735,8.302108130188682,8.06509746923077,0.23701066095791212,0.695737485240888,0.48924253804234497,0.9191398253963889,False,NS
ILMN_3000905,8.691010087735847,8.458497107692308,0.23251298004353949,0.6948389729074284,0.48935004304103746,0.9191398253963889,False,NS
ILMN_3001297,8.212013732075468,8.433784712820511,-0.22177098074504364,-0.695496272944449,0.48899829971532655,0.9191398253963889,False,NS
ILMN_3001606,8.518061691509432,8.269610974358976,0.2484507171504564,0.6951229813438027,0.4895402235010926,0.919151752724545,False,NS
ILMN_3004266,8.186094297169815,8.427145628205126,-0.24105133103531173,-0.6942092831596314,0.49007190886269575,0.9195403511746292,False,NS
ILMN_3002192,8.701935522641511,8.477312410256408,0.22462311238510324,0.6936892612596459,0.49011500717607737,0.9195403511746292,False,NS
ILMN_3001596,8.491276261320753,8.272657594871797,0.21861866644895578,0.6925554059676325,0.4903942083224755,0.9197190703722345,False,NS
ILMN_3000522,8.17410996037736,8.413751664102564,-0.239641703725205,-0.6905493198977103,0.4925554599656814,0.9221496363930992,False,NS
ILMN_3004267,8.835425532075472,9.041113030769228,-0.2056874986937558,-0.6898958283549156,0.4926123357611936,0.9221496363930992,False,NS
ILMN_3002030,8.661834218867925,8.926668541025643,-0.26483432215771785,-0.6906145099450133,0.4921854168358295,0.9221496363930992,False,NS
ILMN_3002235,8.954261750000004,8.690699579487179,0.2635621705128255,0.6901096000602049,0.49259611444731966,0.9221496363930992,False,NS
ILMN_3001157,8.279201476415096,8.503539507692308,-0.2243380312772114,-0.6912148055879999,0.49212396626388377,0.9221496363930992,False,NS
ILMN_3004500,8.276747520754718,8.49784913333333,-0.22110161257861272,-0.6894543537699782,0.4929151680058255,0.9223711976156915,False,NS
ILMN_3002383,8.694736416981133,8.485874279487179,0.20886213749395388,0.6864653907021092,0.49414520137828827,0.9241575645317065,False,NS
ILMN_3002694,8.923918264150949,8.69295245897436,0.23096580517658793,0.6872922634235495,0.494424297024463,0.9241575645317065,False,NS
ILMN_3002243,8.328866116037736,8.54454612051282,-0.21568000447508417,-0.6862883772412718,0.49438144342940576,0.9241575645317065,False,NS
ILMN_3001638,8.472747349056604,8.701233343589745,-0.22848599453314122,-0.6867911260020972,0.49469249684204464,0.9243133349066603,False,NS
ILMN_3003038,8.376491346226416,8.600600733333335,-0.2241093871069193,-0.6851826844198848,0.49516909831568634,0.9245128796035966,False,NS
ILMN_3002523,8.843563690566036,8.655775425641027,0.18778826492500933,0.6851484035201177,0.49508703090914913,0.9245128796035966,False,NS
ILMN_3004402,8.279672086792454,8.060477520512821,0.21919456627963285,0.6842534287537438,0.495914164717227,0.9255583514692552,False,NS
ILMN_3002987,8.71255746037736,8.460974548717948,0.25158291165941193,0.6838879821689923,0.49619207848339847,0.9255866702589689,False,NS
ILMN_3002581,8.374089772641508,8.568948582051283,-0.19485880940977474,-0.6831745586950694,0.4962995725928591,0.9255866702589689,False,NS
ILMN_3001759,8.51675802264151,8.294321387179489,0.22243663546202086,0.6786364840340348,0.4993431211646266,0.9256937718300455,False,NS
ILMN_3003829,8.250787194339624,8.063379817948716,0.1874073763909081,0.6758481170791649,0.5011706080687867,0.9256937718300455,False,NS
ILMN_3000667,8.447188284905659,8.684690605128203,-0.23750232022254458,-0.6812042560274782,0.49820108688875775,0.9256937718300455,False,NS
ILMN_3001762,8.441652220754719,8.702552143589745,-0.2608999228350264,-0.6789493250591562,0.4999992705466997,0.9256937718300455,False,NS
ILMN_3001065,8.324878858490568,8.11014615128205,0.21473270720851723,0.6833593506519126,0.4966042212075036,0.9256937718300455,False,NS
ILMN_3004360,8.32513196603774,8.111802853846156,0.2133291121915839,0.682922178884571,0.4969854633596623,0.9256937718300455,False,NS
ILMN_3002227,8.523311315094338,8.33721170769231,0.1860996074020278,0.675722928062503,0.5010099871059606,0.9256937718300455,False,NS
ILMN_3000753,8.198421110377357,8.437936594871795,-0.23951548449443827,-0.6769590544958516,0.5010592419647296,0.9256937718300455,False,NS
ILMN_3003650,8.566728018867924,8.793962120512822,-0.227234101644898,-0.6837196611485326,0.49676890673690594,0.9256937718300455,False,NS
ILMN_3001452,8.378440250943395,8.619307492307692,-0.24086724136429716,-0.6779276974910995,0.5005349781530013,0.9256937718300455,False,NS
ILMN_3004064,8.486026247169809,8.735702858974362,-0.2496766118045528,-0.6777949421950538,0.500583548792718,0.9256937718300455,False,NS
ILMN_3004140,8.564537887735849,8.344203651282053,0.22033423645379635,0.6792446735010226,0.49931591520447904,0.9256937718300455,False,NS
ILMN_3002589,8.62822747735849,8.404156064102565,0.22407141325592406,0.6811250529073726,0.49771882876087353,0.9256937718300455,False,NS
ILMN_3003976,8.388589257547169,8.623047230769233,-0.23445797322206374,-0.6763984997138398,0.5009646959543729,0.9256937718300455,False,NS
ILMN_3003262,8.338119525471699,8.567062274358976,-0.2289427488872775,-0.6796299750121911,0.4989680107484897,0.9256937718300455,False,NS
ILMN_3004232,8.352683368867925,8.554196820512821,-0.20151345164489598,-0.6764515939220911,0.5010771945419169,0.9256937718300455,False,NS
ILMN_3003857,8.805815153773585,8.549730856410257,0.25608429736332816,0.6819678537844249,0.4981034412259163,0.9256937718300455,False,NS
ILMN_3003437,8.681721486792451,8.89696628974359,-0.21524480295113868,-0.6801011711849614,0.4985996461791264,0.9256937718300455,False,NS
ILMN_3003899,8.4942981,8.268830051282054,0.22546804871794635,0.6790682511212817,0.49935907510770494,0.9256937718300455,False,NS
ILMN_3002347,8.721716399999998,8.961538538461536,-0.23982213846153755,-0.6800888242458291,0.4985661204574381,0.9256937718300455,False,NS
ILMN_3002574,8.875982763207547,8.65654913846154,0.21943362474600825,0.6815346536802059,0.49788842542851997,0.9256937718300455,False,NS
ILMN_3004296,8.434730867924523,8.224115900000001,0.2106149679245224,0.678391548009693,0.49984729500753633,0.9256937718300455,False,NS
ILMN_3004303,8.312586821698115,8.079889774358973,0.23269704733914232,0.6792402346267128,0.4994446934487883,0.9256937718300455,False,NS
ILMN_3001142,8.575038063207547,8.348382035897435,0.2266560273101117,0.6822507537867977,0.4975870601097716,0.9256937718300455,False,NS
ILMN_3001845,8.767178788679248,8.55096104102564,0.2162177476536069,0.67681185051963,0.5009257699167478,0.9256937718300455,False,NS
ILMN_3000503,8.369976108490564,8.16857403846154,0.20140207002902422,0.6804830854701072,0.49820478867063545,0.9256937718300455,False,NS
ILMN_3004145,8.578326030188679,8.37065168974359,0.20767434044508803,0.6752533735476749,0.50177124400034,0.9264609379622231,False,NS
ILMN_3002449,8.471088340566038,8.717531184615385,-0.2464428440493478,-0.6750258866563825,0.5020228995735887,0.9265834248312823,False,NS
ILMN_3000747,8.909007558490567,8.67455842051282,0.23444913797774625,0.6719790591501749,0.5041691689629394,0.9274756039803043,False,NS
ILMN_3004659,8.616664127358492,8.391407789743589,0.22525633761490305,0.6719376768004104,0.5038325992596483,0.9274756039803043,False,NS
ILMN_3003547,8.692680254716981,8.459209015384614,0.23347123933236702,0.6734822130084781,0.5027694688365617,0.9274756039803043,False,NS
ILMN_3003370,8.38393886132076,8.593464676923078,-0.2095258156023192,-0.6718259505390507,0.5037102712716897,0.9274756039803043,False,NS
ILMN_3001974,8.448984118867923,8.640317171794871,-0.19133305292694835,-0.6723319240056493,0.5033659449599077,0.9274756039803043,False,NS
ILMN_3002047,8.417850377358493,8.206072543589745,0.21177783376874793,0.6709106974268758,0.5045691601101654,0.9274756039803043,False,NS
ILMN_3002113,8.457592383018865,8.239325746153847,0.21826663686501746,0.6708416241081983,0.5044664492137503,0.9274756039803043,False,NS
ILMN_3000862,8.505152215094338,8.286363279487182,0.21878893560715618,0.6729374670686453,0.5032380544395751,0.9274756039803043,False,NS
ILMN_3002828,8.622418094339624,8.82948248717949,-0.20706439283986633,-0.6705797293172052,0.5044599158720103,0.9274756039803043,False,NS
ILMN_3003554,8.28944206037736,8.490898887179489,-0.20145682680212929,-0.6703002654492862,0.5047322236860816,0.9274756039803043,False,NS
ILMN_3002140,8.50508995283019,8.70367581025641,-0.19858585742622026,-0.6723141073732961,0.503643667682828,0.9274756039803043,False,NS
ILMN_3003129,8.435971466981133,8.194957302564102,0.24101416441703094,0.6709471159780387,0.504565201384943,0.9274756039803043,False,NS
ILMN_3003138,8.432967280188679,8.680385343589744,-0.24741806340106542,-0.6693616917110238,0.5060120496364577,0.9276003505367025,False,NS
ILMN_3003438,8.530578779245282,8.298968110256409,0.23161066898887306,0.6683098780774673,0.5062548879168637,0.9276003505367025,False,NS
ILMN_3001605,8.68613041226415,8.480727089743587,0.2054033225205636,0.6684735003310535,0.5059447102068827,0.9276003505367025,False,NS
ILMN_3004526,8.505683426415096,8.754387153846151,-0.24870372743105484,-0.6694929683181062,0.5061102535910176,0.9276003505367025,False,NS
ILMN_3004575,8.554067005660377,8.313494458974358,0.24057254668601935,0.6680114407872056,0.5064568252756035,0.9276003505367025,False,NS
ILMN_3000691,8.38647160188679,8.594532435897438,-0.20806083401064868,-0.667819974955457,0.5064697913930396,0.9276003505367025,False,NS
ILMN_3002556,8.388328852830188,8.177468530769232,0.21086032206095595,0.6692337198215009,0.5054652707779399,0.9276003505367025,False,NS
ILMN_3001069,8.510862415094332,8.26354324358974,0.24731917150459104,0.6702549526742868,0.5050242040574547,0.9276003505367025,False,NS
ILMN_3002687,8.563277416037735,8.337730117948718,0.2255472980890172,0.6685410504429864,0.5059664863054626,0.9276003505367025,False,NS
ILMN_3004684,8.694092898113208,8.47070405128205,0.223388846831158,0.6574712466284917,0.5130421383896943,0.9279866818246196,False,NS
ILMN_3004681,8.806971377358494,9.031442394871798,-0.224471017513304,-0.6613247029952078,0.5106504490371255,0.9279866818246196,False,NS
ILMN_3004176,8.66437523962264,8.87835695641026,-0.2139817167876199,-0.6615382545282193,0.5102012311630708,0.9279866818246196,False,NS
ILMN_3004114,8.514153003773583,8.286822843589745,0.227330160183838,0.6590242234083802,0.512130511218136,0.9279866818246196,False,NS
ILMN_3004045,8.333814740566037,8.566346135897435,-0.23253139533139766,-0.6641729521639992,0.5090805848319963,0.9279866818246196,False,NS
ILMN_3001364,8.364327904716983,8.571861446153846,-0.2075335414368631,-0.6568309721329403,0.5133965596548753,0.9279866818246196,False,NS
ILMN_3003387,8.680641441509433,8.448101753846155,0.23253968766327837,0.6630743243378708,0.5097088373150153,0.9279866818246196,False,NS
ILMN_3003412,8.591070340566041,8.82237105128205,-0.23130071071600788,-0.6591961656673632,0.5123004615996254,0.9279866818246196,False,NS
ILMN_3002496,8.473785350943396,8.710350117948716,-0.23656476700531925,-0.6569129429392682,0.5135547047690284,0.9279866818246196,False,NS
ILMN_3003142,8.394563899056603,8.599861720512822,-0.20529782145621844,-0.6651916775452188,0.5080947626777311,0.9279866818246196,False,NS
ILMN_3003683,8.659023732075468,8.412956756410258,0.24606697566520985,0.6605812879619963,0.5116457847794739,0.9279866818246196,False,NS
ILMN_3002830,8.52472806226415,8.745587612820515,-0.22085955055636397,-0.6663421135990741,0.5071639851020647,0.9279866818246196,False,NS
ILMN_3003580,8.726152279245284,8.512727607692309,0.21342467155297484,0.6561738956801663,0.5136872978377557,0.9279866818246196,False,NS
ILMN_3001074,8.591051550943396,8.820611843589742,-0.2295602926463456,-0.6624561354450481,0.5101496002225997,0.9279866818246196,False,NS
ILMN_3002939,8.780019011320755,8.573501300000002,0.20651771132075325,0.6561717612620654,0.5136595303631275,0.9279866818246196,False,NS
ILMN_3003565,8.580997260377359,8.348115587179489,0.2328816731978698,0.6660291237689043,0.5077199926056097,0.9279866818246196,False,NS
ILMN_3000527,8.407715577358491,8.577390253846154,-0.16967467648766288,-0.665420447119581,0.5075961785978262,0.9279866818246196,False,NS
ILMN_3001867,8.687592293396223,8.893968933333335,-0.20637663993711186,-0.6621700756698837,0.5097705271255766,0.9279866818246196,False,NS
ILMN_3004354,8.254885626415096,8.470647733333333,-0.2157621069182376,-0.6671909289877663,0.5070252160874203,0.9279866818246196,False,NS
ILMN_3002095,8.338509681132075,8.531602817948718,-0.19309313681664264,-0.657795600139091,0.5124949422958798,0.9279866818246196,False,NS
ILMN_3003144,8.68957848207547,8.48937671794872,0.20020176412675106,0.6579524242211887,0.5127686726944604,0.9279866818246196,False,NS
ILMN_3001985,8.68299964716981,8.438369120512823,0.24463052665698726,0.6616726817718762,0.5106172766899186,0.9279866818246196,False,NS
ILMN_3003900,8.153791881132078,8.346096876923074,-0.19230499579099636,-0.6611428451266913,0.5104351078547872,0.9279866818246196,False,NS
ILMN_3000732,8.265340750943395,8.43976093846154,-0.1744201875181446,-0.6608830675918288,0.5101711029383805,0.9279866818246196,False,NS
ILMN_3002348,8.404180559433962,8.600183694871795,-0.19600313543783265,-0.6578403950165005,0.5125982293602747,0.9279866818246196,False,NS
ILMN_3001557,8.54890856226415,8.348466956410252,0.20044160585389825,0.6596177975408182,0.5117625745085338,0.9279866818246196,False,NS
ILMN_3003423,8.643972300943396,8.407852435897436,0.2361198650459606,0.6655291493019216,0.508250630867771,0.9279866818246196,False,NS
ILMN_3004796,8.523630992452834,8.72953366923077,-0.20590267677793683,-0.6639111051905765,0.5086833285971462,0.9279866818246196,False,NS
ILMN_3002718,8.705824783018869,8.483591182051283,0.22223360096758604,0.6659711347182466,0.5078848021377094,0.9279866818246196,False,NS
ILMN_3001290,8.405544860377365,8.190470182051284,0.21507467832608107,0.6623373947183079,0.5098933149265231,0.9279866818246196,False,NS
ILMN_3004262,8.826675794339623,8.615635533333334,0.21104026100628914,0.6574587819657258,0.5131033904298458,0.9279866818246196,False,NS
ILMN_3002557,8.438528294339623,8.667752182051283,-0.2292238877116599,-0.664950576636349,0.5082417694382751,0.9279866818246196,False,NS
ILMN_3002866,8.64203893773585,8.403837164102566,0.23820177363328376,0.6646671488933799,0.508747293065706,0.9279866818246196,False,NS
ILMN_3000729,8.616886901886792,8.839997746153843,-0.22311084426705108,-0.6606762372514651,0.511166800418336,0.9279866818246196,False,NS
ILMN_3003508,8.60801441037736,8.417144882051282,0.1908695283260773,0.655947905606336,0.5137334270581094,0.9279866818246196,False,NS
ILMN_3003695,8.667624211320753,8.875550853846152,-0.20792664252539872,-0.6588695222027551,0.5120398257575863,0.9279866818246196,False,NS
ILMN_3003735,8.206524563207545,8.424290435897436,-0.2177658726898919,-0.657004219902809,0.5136151856150067,0.9279866818246196,False,NS
ILMN_3004415,8.28662335,8.503087620512822,-0.21646427051282302,-0.6630774484705337,0.5098241322218559,0.9279866818246196,False,NS
ILMN_3001880,8.511308754716985,8.731449274358976,-0.22014051964199055,-0.6552683841220033,0.5141154758143242,0.9280461287595416,False,NS
ILMN_3000633,8.549247283018865,8.36079631025641,0.18845097276245504,0.6547236207499062,0.514323164558538,0.9280461287595416,False,NS
ILMN_3001506,8.534147907547169,8.746352138461535,-0.21220423091436658,-0.6558985958457162,0.5142726103491504,0.9280461287595416,False,NS
ILMN_3003039,8.690561621698114,8.932458764102565,-0.2418971424044507,-0.6556395240456174,0.5145430256769755,0.9281079106727552,False,NS
ILMN_3002655,8.113321888679247,8.33442648205128,-0.2211045933720328,-0.6545366063284038,0.5149161552041415,0.9284460064986323,False,NS
ILMN_3000781,8.601965944339621,8.3865491974359,0.21541674690372226,0.6531733864921878,0.5156180720040858,0.9290415711785329,False,NS
ILMN_3000933,8.475700032075471,8.702041253846156,-0.22634122177068505,-0.6542324945190612,0.5155048652322597,0.9290415711785329,False,NS
ILMN_3000860,8.895121101886788,8.689064887179487,0.20605621470730107,0.6527973884836448,0.5160755832974044,0.9293791173370561,False,NS
ILMN_3004186,8.55868654716981,8.375442448717946,0.18324409845186374,0.6523528832555706,0.516177161769001,0.9293791173370561,False,NS
ILMN_3002618,8.68302771037736,8.465461553846154,0.21756615653120548,0.652379880571507,0.5166295997876935,0.9294843119674064,False,NS
ILMN_3003384,8.604229714150943,8.393461387179489,0.2107683269714542,0.6515005244333361,0.516793277453878,0.9294843119674064,False,NS
ILMN_3004945,8.373939491509432,8.562580405128207,-0.18864091361877477,-0.6515316438216424,0.5165411021073674,0.9294843119674064,False,NS
ILMN_3003730,8.483812038679247,8.73302074102564,-0.2492087023463938,-0.6518788562369985,0.5170260890032232,0.9295249627398213,False,NS
ILMN_3001161,8.485483706603773,8.697318294871794,-0.2118345882680206,-0.6510881114725203,0.5171876892684366,0.9295249627398213,False,NS
ILMN_3002282,8.52163173584906,8.326201438461538,0.19543029738752082,0.6495789336822326,0.5178197551655379,0.9300054254316523,False,NS
ILMN_3004298,8.438003393396226,8.657418541025642,-0.21941514762941594,-0.6499696022678779,0.5180027930052199,0.9300054254316523,False,NS
ILMN_3004205,8.43184311509434,8.64977926153846,-0.21793614644412074,-0.6500512008060422,0.5181990230505167,0.9300054254316523,False,NS
ILMN_3001156,8.541527964150946,8.309920020512818,0.23160794363812798,0.6496585915362457,0.5181964433100428,0.9300054254316523,False,NS
ILMN_3004067,8.41485846415094,8.64122715128205,-0.22636868713111014,-0.6488268960750141,0.518806997948683,0.9306770415931669,False,NS
ILMN_3004731,8.516289564150942,8.729521143589745,-0.2132315794388031,-0.6482305914345068,0.5189455183923498,0.9306770415931669,False,NS
ILMN_3002865,8.307613260377357,8.506798676923076,-0.19918541654571875,-0.6471804022190076,0.5195405924850268,0.9307427310731401,False,NS
ILMN_3001423,8.309616105660375,8.091091851282053,0.21852425437832146,0.6481046657145872,0.5193988044809951,0.9307427310731401,False,NS
ILMN_3004486,8.707727706603773,8.512348069230766,0.1953796373730068,0.6481076797369851,0.5191743621230459,0.9307427310731401,False,NS
ILMN_3003788,8.629849509433962,8.412133317948717,0.2177161914852448,0.6472153306925014,0.5200139091450879,0.9309367851994158,False,NS
ILMN_3001054,8.581218089622645,8.811390258974356,-0.23017216935171092,-0.6472261127219358,0.5200212882123937,0.9309367851994158,False,NS
ILMN_3002389,8.483448715094342,8.66831062051282,-0.1848619054184777,-0.6458448483695312,0.5203906220977907,0.9310494930581956,False,NS
ILMN_3002966,8.207056398113206,7.97047413076923,0.2365822673439757,0.6461566949458915,0.5206237461549286,0.9310494930581956,False,NS
ILMN_3003309,8.560892504716985,8.339547092307694,0.22134541240929195,0.64563715678187,0.5208290864167546,0.9310494930581956,False,NS
ILMN_3001331,8.789000605660375,8.613084825641023,0.17591578001935204,0.6448890547152023,0.5207100190768856,0.9310494930581956,False,NS
ILMN_3001835,8.562932550000003,8.354659876923076,0.20827267307692665,0.6447888406815364,0.5211341181915905,0.9312618266468737,False,NS
ILMN_3000520,8.537231748113207,8.75663731025641,-0.21940556214320317,-0.6451546371497132,0.5214292184610122,0.9312660692640183,False,NS
ILMN_3001492,8.475409516037734,8.256903064102561,0.21850645193517337,0.6441583425624428,0.5216918622535885,0.9312660692640183,False,NS
ILMN_3001177,8.551968662264152,8.760899207692306,-0.2089305454281547,-0.6439041653174475,0.5216952520017031,0.9312660692640183,False,NS
ILMN_3002959,8.424626113207546,8.172028066666666,0.25259804654088036,0.6440183258132027,0.5219417408811149,0.9313735561761508,False,NS
ILMN_3001610,8.695807371698114,8.923739228205127,-0.22793185650701275,-0.6428627278648962,0.5227940957350143,0.9316186254857789,False,NS
ILMN_3001040,8.496163707547169,8.70703677692308,-0.21087306937591066,-0.6427918765130303,0.5225115053637961,0.9316186254857789,False,NS
ILMN_3001648,8.502149720754714,8.701143828205131,-0.19899410745041735,-0.642027911720965,0.5228243726226192,0.9316186254857789,False,NS
ILMN_3000814,8.814924775471695,8.583917164102564,0.23100761136913128,0.6424205415674228,0.5227402965498776,0.9316186254857789,False,NS
ILMN_3004014,8.773264068867928,8.535594564102563,0.23766950476536408,0.6394868851813218,0.5249262201396093,0.9320091082107994,False,NS
ILMN_3004147,8.837305645283019,8.615486902564102,0.22181874271891644,0.6411923606750876,0.5235367619715452,0.9320091082107994,False,NS
ILMN_3003348,8.406156460377362,8.650886976923076,-0.24473051654571343,-0.6399011191754623,0.5247496132664967,0.9320091082107994,False,NS
ILMN_3001970,8.556415091509436,8.355567812820512,0.20084727868892394,0.6413131373481199,0.5235802062464469,0.9320091082107994,False,NS
ILMN_3003161,8.620210954716983,8.421406328205128,0.19880462651185482,0.6394082644740439,0.524412746291196,0.9320091082107994,False,NS
ILMN_3004355,8.488405820754718,8.27376305897436,0.21464276178035746,0.6408204666826953,0.5238524672678367,0.9320091082107994,False,NS
ILMN_3001614,8.514065280188678,8.739727853846157,-0.22566257365747866,-0.6394038598191106,0.5245541486068956,0.9320091082107994,False,NS
ILMN_3002038,8.607594777358493,8.379699120512822,0.22789565684567137,0.6405162346896145,0.5241772874907993,0.9320091082107994,False,NS
ILMN_3004753,8.689981163207548,8.882204899999998,-0.19222373679244953,-0.6382625535872691,0.5250939315659644,0.9320091082107994,False,NS
ILMN_3002254,8.5029660754717,8.709082202564103,-0.20611612709240212,-0.6390825089122915,0.5248834980070541,0.9320091082107994,False,NS
ILMN_3002601,8.713256681132075,8.473267133333334,0.23998954779874104,0.6406336186310343,0.5243777232597913,0.9320091082107994,False,NS
ILMN_3003372,8.441110777358489,8.233226807692306,0.20788396966618272,0.6356032645476977,0.5271057177256614,0.9321325485013607,False,NS
ILMN_3004608,8.507188103773581,8.717788258974357,-0.21060015520077613,-0.6356206909250336,0.5272141694323697,0.9321325485013607,False,NS
ILMN_3001657,8.540931413207543,8.326914864102564,0.21401654910497925,0.6381803902973345,0.5255345802489009,0.9321325485013607,False,NS
ILMN_3004679,8.345386793396228,8.556382225641022,-0.21099543224479334,-0.6373643100052706,0.5262531748335547,0.9321325485013607,False,NS
ILMN_3001872,8.694340416981133,8.906060092307692,-0.21171967532655955,-0.6375145472270891,0.5259159297621793,0.9321325485013607,False,NS
ILMN_3001696,8.829593193396226,8.627831189743592,0.2017620036526342,0.6367555078824866,0.5262197749196832,0.9321325485013607,False,NS
ILMN_3000818,8.127807973584904,8.323177733333333,-0.19536975974842896,-0.6362149802718378,0.526586897647512,0.9321325485013607,False,NS
ILMN_3004325,8.614374720754716,8.393115423076923,0.2212592976777934,0.6362016022607165,0.5268053114504037,0.9321325485013607,False,NS
ILMN_3004548,8.786532061320758,8.580337717948717,0.20619434337204012,0.6365709041712975,0.5267520827484429,0.9321325485013607,False,NS
ILMN_3004883,8.288146814150942,8.099248351282052,0.1888984628688899,0.6357712917033751,0.5269475661074939,0.9321325485013607,False,NS
ILMN_3004720,8.585200846226416,8.814247646153845,-0.2290467999274295,-0.6367109954999673,0.5267550390983579,0.9321325485013607,False,NS
ILMN_3002479,8.68633551226415,8.481148397435897,0.20518711482825402,0.6343168758536731,0.5279045813811434,0.9323641493838632,False,NS
ILMN_3003812,8.086865004716982,8.292800105128206,-0.20593510041122443,-0.6349822242314979,0.5277043731299198,0.9323641493838632,False,NS
ILMN_3000742,8.484783780188682,8.278372741025642,0.20641103916304004,0.6344447234331879,0.527870861130469,0.9323641493838632,False,NS
ILMN_3001631,8.33898998773585,8.529060541025638,-0.19007055328978772,-0.6286022317279056,0.5314263807327889,0.9327279847402438,False,NS
ILMN_3000547,8.65826958018868,8.429464451282051,0.22880512890662885,0.6310229832611818,0.5302769828544006,0.9327279847402438,False,NS
ILMN_3004404,8.508530287735843,8.337815712820511,0.1707145749153316,0.6318485020733451,0.5294238088920978,0.9327279847402438,False,NS
ILMN_3004407,8.312339621698115,8.544009443589745,-0.23166982189163043,-0.6296573314454142,0.5311765367242628,0.9327279847402438,False,NS
ILMN_3000681,8.49465068490566,8.296078212820513,0.1985724720851465,0.6300606761182507,0.5307392263991106,0.9327279847402438,False,NS
ILMN_3001744,8.445192112264152,8.663521343589744,-0.21832923132559223,-0.6318043657042898,0.5293694620652737,0.9327279847402438,False,NS
ILMN_3001756,8.294411072641505,8.483747897435903,-0.18933682479439717,-0.6296288746189763,0.530667279182191,0.9327279847402438,False,NS
ILMN_3000777,8.256156869811319,8.459996353846153,-0.20383948403483387,-0.6310187793504194,0.5304365542354037,0.9327279847402438,False,NS
ILMN_3001862,8.43945936226415,8.645549379487178,-0.206090017223028,-0.6326298518093626,0.5290906786978857,0.9327279847402438,False,NS
ILMN_3002872,8.803568734905662,8.5847048,0.21886393490566114,0.6311366965067677,0.5299381775091533,0.9327279847402438,False,NS
ILMN_3002426,8.373451660377357,8.60310395128205,-0.22965229090469208,-0.630213039259245,0.5307658084410878,0.9327279847402438,False,NS
ILMN_3003435,8.567057584905662,8.766329312820513,-0.19927172791485148,-0.6316198867987481,0.5293458177977426,0.9327279847402438,False,NS
ILMN_3002919,8.5161936990566,8.706219697435898,-0.1900259983792978,-0.6278124574090191,0.531841496898887,0.9327279847402438,False,NS
ILMN_3001101,8.771811328301885,8.55988942820513,0.2119219000967547,0.6313225948660752,0.5298082086938736,0.9327279847402438,False,NS
ILMN_3002710,8.613680809433962,8.849083056410256,-0.2354022469762942,-0.6322581715520711,0.5293525494115418,0.9327279847402438,False,NS
ILMN_3004553,8.443234293396227,8.230598884615384,0.21263540878084264,0.6313973494294779,0.5297738760655322,0.9327279847402438,False,NS
ILMN_3002895,8.104795968867924,8.310662412820514,-0.20586644395259057,-0.6300177870136312,0.5310231058909592,0.9327279847402438,False,NS
ILMN_3000519,8.842974495283018,9.048391841025644,-0.20541734574262627,-0.6288258240408973,0.5315439144106735,0.9327279847402438,False,NS
ILMN_3004747,8.566172654716981,8.320150043589745,0.2460226111272359,0.6336433428876342,0.5287460152772102,0.9327279847402438,False,NS
ILMN_3001433,8.432567763207548,8.651832974358975,-0.21926521115142705,-0.6285128113715727,0.5317120567500141,0.9327279847402438,False,NS
ILMN_3004742,8.36046911981132,8.14440816923077,0.21606095058054997,0.6279386815325201,0.5323246573171828,0.9329208855891742,False,NS
ILMN_3003767,8.497228005660377,8.27982782051282,0.21740018514755732,0.6281098060063832,0.5322697919578009,0.9329208855891742,False,NS
ILMN_3001437,8.432860455660377,8.655045117948717,-0.2221846622883401,-0.6247387667466126,0.5344249035352072,0.93463606774258,False,NS
ILMN_3002444,8.39829361981132,8.598916607692308,-0.20062298788098865,-0.6245734681560724,0.5342628618174272,0.93463606774258,False,NS
ILMN_3002407,8.569531224528298,8.362281484615387,0.2072497399129105,0.6247273882812072,0.5339670425539627,0.93463606774258,False,NS
ILMN_3003299,8.462172136792455,8.669035471794874,-0.20686333500241894,-0.6251675034895895,0.5338425181381844,0.93463606774258,False,NS
ILMN_3003417,8.531268610377364,8.73023938205128,-0.19897077167391686,-0.6249301765434974,0.5338387583637215,0.93463606774258,False,NS
ILMN_3001257,8.212704654716987,7.991390494871793,0.22131415984519354,0.6248062679935769,0.5343293572144384,0.93463606774258,False,NS
ILMN_3002249,8.343269921698115,8.157206853846155,0.18606306785195947,0.6210679774827949,0.5364753929517736,0.9348540099802104,False,NS
ILMN_3002151,8.517047480188682,8.3070543,0.20999318018868074,0.6207609959798033,0.5367925136231275,0.9348540099802104,False,NS
ILMN_3004775,8.569800208490566,8.75227775128205,-0.18247754279148332,-0.6182041748842757,0.5380751693445764,0.9348540099802104,False,NS
ILMN_3002541,8.678805595283018,8.461143092307692,0.21766250297532608,0.6222924676705816,0.5359589794762918,0.9348540099802104,False,NS
ILMN_3004322,8.479134585849058,8.287379064102565,0.19175552174649368,0.6214865709730902,0.5359994995352242,0.9348540099802104,False,NS
ILMN_3002793,8.424634673584906,8.636907917948717,-0.21227324436381068,-0.6213420637867829,0.5366409786443718,0.9348540099802104,False,NS
ILMN_3004485,8.424136016037737,8.613507597435898,-0.18937158139816113,-0.6231000919391686,0.5349790983460795,0.9348540099802104,False,NS
ILMN_3002570,8.670132654716982,8.467017935897434,0.20311471881954724,0.6219423764471232,0.5360729409523798,0.9348540099802104,False,NS
ILMN_3004672,8.750900096226415,8.964497892307692,-0.21359779608127738,-0.6189950544435133,0.5380516398197995,0.9348540099802104,False,NS
ILMN_3003177,8.69083027264151,8.461574758974358,0.2292555136671517,0.6192907143575103,0.5379447414124032,0.9348540099802104,False,NS
ILMN_3000865,8.811176332075476,8.608905833333335,0.2022704987421413,0.6230796506424819,0.5354779718020498,0.9348540099802104,False,NS
ILMN_3003835,8.331511299999999,8.147661135897437,0.18385016410256227,0.6225290054996742,0.5354279875747866,0.9348540099802104,False,NS
ILMN_3001949,8.416525856603773,8.604962628205126,-0.18843677160135286,-0.6204428283509258,0.5369928874988117,0.9348540099802104,False,NS
ILMN_3001125,8.656029529245282,8.436840123076923,0.21918940616835947,0.6197723717234848,0.5375747950879501,0.9348540099802104,False,NS
ILMN_3003432,8.27965638773585,8.479183656410255,-0.19952726867440518,-0.6210741504816627,0.536612180701978,0.9348540099802104,False,NS
ILMN_3002191,8.558266034905657,8.76862071794872,-0.2103546830430627,-0.6186807491068628,0.5381019681446091,0.9348540099802104,False,NS
ILMN_3002776,8.624797875471696,8.397252241025642,0.22754563444605402,0.6193597023413167,0.5380850529857178,0.9348540099802104,False,NS
ILMN_3004105,8.141718460377358,8.33739086923077,-0.19567240885341164,-0.6199842942477076,0.5370956722138224,0.9348540099802104,False,NS
ILMN_3001508,8.38880966415094,8.590025456410258,-0.20121579225931718,-0.6191850558967202,0.5379343114510506,0.9348540099802104,False,NS
ILMN_3001795,8.588828493396228,8.775802351282051,-0.18697385788582288,-0.617543298906272,0.5388022054148124,0.9354204955118272,False,NS
ILMN_3003700,8.621864348113206,8.439313012820511,0.18255133529269507,0.6173246433834463,0.5386487677174328,0.9354204955118272,False,NS
ILMN_3001587,8.506009911320753,8.728117158974362,-0.222107247653609,-0.5838990042481035,0.5614053759721112,0.9357170126627838,False,NS
ILMN_3003832,8.365915362264149,8.567258446153847,-0.20134308388969835,-0.5846417697438491,0.5607613877418279,0.9357170126627838,False,NS
ILMN_3002005,8.658672561320756,8.441023928205128,0.217648633115628,0.6059477482289748,0.5468534156838286,0.9357170126627838,False,NS
ILMN_3002391,8.756739244339622,8.99014657179487,-0.2334073274552484,-0.6091837048374641,0.5448575260284234,0.9357170126627838,False,NS
ILMN_3000836,8.573268766037739,8.362137866666666,0.21113089937107254,0.599820363436527,0.5505873866756108,0.9357170126627838,False,NS
ILMN_3002955,8.663149645283019,8.857705669230771,-0.19455602394775262,-0.6083518610504026,0.5449458923181061,0.9357170126627838,False,NS
ILMN_3004180,8.774910394339624,8.995174207692306,-0.2202638133526822,-0.5852896656928751,0.5602446278043957,0.9357170126627838,False,NS
ILMN_3002037,8.724603385849056,8.92817981025641,-0.20357642440735368,-0.5921490031403902,0.5557000891745061,0.9357170126627838,False,NS
ILMN_3003240,8.355434723584901,8.5262066025641,-0.170771878979199,-0.5933676428050463,0.5548775693249531,0.9357170126627838,False,NS
ILMN_3003409,8.363981287735848,8.580826212820512,-0.21684492508466313,-0.6013239437361122,0.5495933262999875,0.9357170126627838,False,NS
ILMN_3004847,8.333912318867922,8.536565328205128,-0.2026530093372063,-0.6084710979807183,0.544976986600288,0.9357170126627838,False,NS
ILMN_3001658,8.554689793396227,8.365020235897438,0.18966955749878878,0.5966440507467076,0.5526517148916258,0.9357170126627838,False,NS
ILMN_3001411,8.534043177358491,8.342493087179488,0.19155009017900326,0.6169071855677081,0.5395617229073933,0.9357170126627838,False,NS
ILMN_3004146,8.513870116981135,8.300180235897432,0.21368988108370246,0.5889981836325627,0.5578605719205979,0.9357170126627838,False,NS
ILMN_3004141,8.374149680188681,8.179946782051282,0.19420289813739977,0.5936529864200885,0.5545660967304331,0.9357170126627838,False,NS
ILMN_3000658,8.425159810377359,8.63755574871795,-0.21239593834059178,-0.5852971866225722,0.5607291911503747,0.9357170126627838,False,NS
ILMN_3003517,8.640436537735852,8.844577853846152,-0.2041413161103005,-0.6058488182839854,0.546580224322318,0.9357170126627838,False,NS
ILMN_3003456,8.344165395283019,8.142259166666665,0.20190622861635354,0.6119466196476564,0.5429862103966548,0.9357170126627838,False,NS
ILMN_3003446,8.20965889716981,8.400889625641026,-0.1912307284712167,-0.5884972002113857,0.5580907621430962,0.9357170126627838,False,NS
ILMN_3002119,8.735265678301886,8.50713776923077,0.2281279090711159,0.6169190684565096,0.5397055328044946,0.9357170126627838,False,NS
ILMN_3000916,8.860348802830185,9.064772617948718,-0.20442381511853291,-0.5928089921114804,0.55561592659299,0.9357170126627838,False,NS
ILMN_3004651,8.582307594339623,8.387810761538459,0.19449683280116403,0.586332597131486,0.5595372830221426,0.9357170126627838,False,NS
ILMN_3001061,8.664680055660378,8.464818223076927,0.19986183258345136,0.5872109930193576,0.5591891839139778,0.9357170126627838,False,NS
ILMN_3003237,8.458698571698115,8.27089463846154,0.18780393323657485,0.5892255695441211,0.5574059208235043,0.9357170126627838,False,NS
ILMN_3004448,8.472791627358493,8.689425102564101,-0.21663347520560805,-0.6005868029222519,0.5503342059360523,0.9357170126627838,False,NS
ILMN_3003875,8.630322307547173,8.420933284615385,0.20938902293178785,0.6157202898505205,0.5398999564255903,0.9357170126627838,False,NS
ILMN_3004424,8.446512115094338,8.23873531025641,0.2077768048379287,0.5924031140387277,0.555579800136373,0.9357170126627838,False,NS
ILMN_3004650,8.400360986792451,8.184147207692305,0.21621377910014594,0.5984169855063354,0.5518182351894718,0.9357170126627838,False,NS
ILMN_3004657,8.54282825471698,8.32848345897436,0.21434479574262078,0.6172342427404433,0.5393220809082327,0.9357170126627838,False,NS
ILMN_3003232,8.664900186792455,8.443455743589746,0.22144444320270829,0.590268992408755,0.5571362225745862,0.9357170126627838,False,NS
ILMN_3000842,8.729958632075475,8.51731984102564,0.21263879104983374,0.6102884387754832,0.5434646708403933,0.9357170126627838,False,NS
ILMN_3001089,8.57788821226415,8.74805568974359,-0.1701674774794384,-0.5845507844237419,0.5607246816477727,0.9357170126627838,False,NS
ILMN_3001100,8.317851567924533,8.522007966666667,-0.20415639874213376,-0.5923506441091413,0.5554906530946471,0.9357170126627838,False,NS
ILMN_3001789,8.194406570754715,8.378931515384616,-0.1845249446299011,-0.5932177066405145,0.5546920550214186,0.9357170126627838,False,NS
ILMN_3001130,8.441164999056607,8.244971848717949,0.19619315033865803,0.5929946635416515,0.5553149135963589,0.9357170126627838,False,NS
ILMN_3003158,8.409338838679247,8.64267331025641,-0.23333447157716236,-0.5935632049916798,0.5550046834868212,0.9357170126627838,False,NS
ILMN_3003147,8.56968055660377,8.370119556410256,0.19956100019351375,0.6027442735788104,0.5487469220836537,0.9357170126627838,False,NS
ILMN_3003167,8.702312906603773,8.520452507692308,0.18186039891146422,0.6135094102537184,0.5413176521571983,0.9357170126627838,False,NS
ILMN_3003604,8.655240463207548,8.885944430769229,-0.23070396756168066,-0.6026616951490131,0.5490731888281513,0.9357170126627838,False,NS
ILMN_3001705,8.621508911320754,8.832993956410258,-0.2114850450895034,-0.6133342572506849,0.5418771592767678,0.9357170126627838,False,NS
ILMN_3002615,8.666832763207546,8.846638705128203,-0.17980594192065702,-0.5866103276088865,0.5594012053052613,0.9357170126627838,False,NS
ILMN_3004822,8.500457281132075,8.708970292307693,-0.2085130111756186,-0.603346009374411,0.5484828329186431,0.9357170126627838,False,NS
ILMN_3002619,8.52766875754717,8.74617424102564,-0.2185054834784701,-0.6136168974434347,0.5416604755134455,0.9357170126627838,False,NS
ILMN_3003455,8.601005541509435,8.80443824102564,-0.20343269951620435,-0.5999105209481419,0.5506077047798296,0.9357170126627838,False,NS
ILMN_3002114,8.615473783962265,8.40272384102564,0.2127499429366253,0.6072279923772134,0.5458041957794187,0.9357170126627838,False,NS
ILMN_3003955,8.516815028301885,8.709810730769233,-0.1929957024673481,-0.5866078441019279,0.5594998534683088,0.9357170126627838,False,NS
ILMN_3004119,8.075112760377356,8.30997540769231,-0.23486264731495332,-0.5952744713835,0.5540626501164105,0.9357170126627838,False,NS
ILMN_3002246,8.297644216037735,8.113926394871795,0.18371782116594026,0.5957598737519068,0.553112688122767,0.9357170126627838,False,NS
ILMN_3002179,8.49329518396227,8.309023325641025,0.18427185832124415,0.5938348404035532,0.5543931057515264,0.9357170126627838,False,NS
ILMN_3002929,8.488643672641508,8.696313789743586,-0.2076701171020776,-0.5970907930869305,0.5526649221441959,0.9357170126627838,False,NS
ILMN_3002147,8.55007655849057,8.364033202564103,0.1860433559264667,0.5955076113739216,0.5533500080820956,0.9357170126627838,False,NS
ILMN_3001045,8.303510080188683,8.118422282051283,0.18508779813740084,0.6083760734168995,0.5448363267412816,0.9357170126627838,False,NS
ILMN_3004111,8.420979684905658,8.619153043589744,-0.1981733586840857,-0.5955263134126596,0.553426463564544,0.9357170126627838,False,NS
ILMN_3003321,8.359851933962261,8.544539258974359,-0.1846873250120975,-0.586760011894036,0.5590980183223369,0.9357170126627838,False,NS
ILMN_3000639,8.473171172641509,8.27615242051282,0.19701875212868813,0.6056128656819207,0.5468074478396039,0.9357170126627838,False,NS
ILMN_3004515,8.356201909433958,8.560418115384614,-0.20421620595065626,-0.5908643033526088,0.5565490138988592,0.9357170126627838,False,NS
ILMN_3001489,8.518985063207547,8.320392297435898,0.19859276577164842,0.5994209761552808,0.5511366888560029,0.9357170126627838,False,NS
ILMN_3003395,8.570218495283022,8.386339874358972,0.18387862092404994,0.6081680564402777,0.5449035888738061,0.9357170126627838,False,NS
ILMN_3002703,8.427346916981131,8.643378002564104,-0.2160310855829728,-0.5874452724367393,0.5590111770577003,0.9357170126627838,False,NS
ILMN_3002704,8.423633314150946,8.600693907692305,-0.17706059354135917,-0.5880521960237015,0.5582131688057462,0.9357170126627838,False,NS
ILMN_3000500,8.508188159433958,8.322863723076923,0.18532443635703544,0.5951108471237844,0.553574515756751,0.9357170126627838,False,NS
ILMN_3002769,8.381082805660373,8.563623297435898,-0.18254049177552467,-0.5892390947002526,0.5578365975447206,0.9357170126627838,False,NS
ILMN_3000509,8.490525292452832,8.280831197435896,0.20969409501693548,0.5943534941002833,0.5545879885003853,0.9357170126627838,False,NS
ILMN_3004937,8.37171076509434,8.158947605128207,0.21276315996613349,0.6063560049144583,0.5462028141751036,0.9357170126627838,False,NS
ILMN_3000517,8.433614640566038,8.60721308974359,-0.17359844917755218,-0.5967080110406735,0.5524548940776054,0.9357170126627838,False,NS
ILMN_3002803,8.661514826415099,8.844269702564103,-0.18275487614900499,-0.600573148458488,0.5498546387789979,0.9357170126627838,False,NS
ILMN_3002801,8.30333180471698,8.080874630769232,0.22245717394774722,0.6124484751314143,0.5425046553780446,0.9357170126627838,False,NS
ILMN_3001824,8.554720966981133,8.393848535897435,0.16087243108369798,0.5836845702212464,0.5611039552821383,0.9357170126627838,False,NS
ILMN_3002997,8.356039824528303,8.169042169230769,0.18699765529753343,0.5998480390976142,0.5505564024597108,0.9357170126627838,False,NS
ILMN_3002546,8.452305001886794,8.653415410256411,-0.20111040836961713,-0.5954355894072301,0.5536056108918207,0.9357170126627838,False,NS
ILMN_3004755,8.7961304254717,8.594139615384616,0.20199081008708397,0.5887134926312795,0.5578280818160868,0.9357170126627838,False,NS
ILMN_3003777,8.380980595283019,8.178331146153843,0.2026494491291757,0.6029494379157442,0.5484685039183274,0.9357170126627838,False,NS
ILMN_3003770,8.47842325566038,8.662052787179489,-0.18362953151910943,-0.5837959061765814,0.5612204028427207,0.9357170126627838,False,NS
ILMN_3002553,8.489437794339624,8.686323358974358,-0.1968855646347336,-0.6101972763998424,0.5440326445309733,0.9357170126627838,False,NS
ILMN_3001874,8.5622721764151,8.361840407692306,0.2004317687227939,0.6116135713732984,0.5428262992933583,0.9357170126627838,False,NS
ILMN_3003089,8.248034374528304,8.47916062051282,-0.23112624598451603,-0.5965661441743438,0.5532179418211668,0.9357170126627838,False,NS
ILMN_3000679,8.365256403773586,8.141727828205129,0.22352857556845684,0.6065685600673398,0.5462391338829085,0.9357170126627838,False,NS
ILMN_3004788,8.518835860377362,8.746817461538459,-0.22798160116109756,-0.5915190624913613,0.5563184198352277,0.9357170126627838,False,NS
ILMN_3003008,8.408922063207546,8.610585284615386,-0.20166322140783954,-0.5967598581411069,0.5528648257805505,0.9357170126627838,False,NS
ILMN_3002996,8.510343642452828,8.72378507948718,-0.21344143703435314,-0.5999360127844862,0.5506321467407348,0.9357170126627838,False,NS
ILMN_3002569,8.204878683962262,8.417148576923077,-0.21226989296081555,-0.5927100018444107,0.5554417728698159,0.9357170126627838,False,NS
ILMN_3003589,8.627888198113208,8.443996435897436,0.1838917622157723,0.6100798338710359,0.5432540190544031,0.9357170126627838,False,NS
ILMN_3004370,8.461573987735845,8.656748417948718,-0.19517443021287306,-0.6096656498526082,0.544264348022835,0.9357170126627838,False,NS
ILMN_3003577,8.696092750943398,8.505302451282052,0.1907902996613462,0.6120278841746016,0.5425868449150982,0.9357170126627838,False,NS
ILMN_3001115,8.37796373490566,8.570646687179488,-0.19268295227382914,-0.6018762017656046,0.5493672249062173,0.9357170126627838,False,NS
ILMN_3001890,8.58506754622641,8.37216645128205,0.21290109494436038,0.6048807038803132,0.5473213605981468,0.9357170126627838,False,NS
ILMN_3004708,8.540248349056595,8.735013953846158,-0.19476560478956273,-0.5893553839945671,0.557694443042559,0.9357170126627838,False,NS
ILMN_3001204,8.697642053773588,8.490720861538462,0.20692119223512684,0.5962303627168887,0.553269750968628,0.9357170126627838,False,NS
ILMN_3001188,8.581048102830186,8.761448192307695,-0.18040008947750863,-0.5910815746125772,0.556013071500676,0.9357170126627838,False,NS
ILMN_3001333,8.485792228301888,8.664276235897436,-0.17848400759554828,-0.5919320172587681,0.5557234405074825,0.9357170126627838,False,NS
ILMN_3003661,8.628175492452824,8.844931492307694,-0.21675599985487004,-0.5836902389994661,0.5614098185842386,0.9357170126627838,False,NS
ILMN_3003687,8.460275038679246,8.635857271794873,-0.1755822331156267,-0.6008698964216704,0.5492938847716001,0.9357170126627838,False,NS
ILMN_3001180,8.924424875471699,8.697654758974359,0.2267701164973399,0.6111103163430777,0.5432500480818829,0.9357170126627838,False,NS
ILMN_3001192,8.608493843396227,8.79293353076923,-0.18443968737300231,-0.5899194345078044,0.557058597122233,0.9357170126627838,False,NS
ILMN_3002451,8.121658582075472,8.324520951282054,-0.2028623692065814,-0.5859099284315997,0.5600413281952076,0.9357170126627838,False,NS
ILMN_3002448,8.602420289622644,8.423037682051282,0.17938260757136248,0.5899771245961057,0.5569170994399882,0.9357170126627838,False,NS
ILMN_3000793,8.338363781132077,8.124039848717949,0.2143239324141284,0.5937900570767348,0.5549561768984445,0.9357170126627838,False,NS
ILMN_3003760,8.72218603679245,8.918900141025643,-0.1967141042331928,-0.6144837970360392,0.5408321461149632,0.9357170126627838,False,NS
ILMN_3003774,8.522117982075471,8.320720438461539,0.20139754361393258,0.5837230975829075,0.5614302075976703,0.9357170126627838,False,NS
ILMN_3003733,8.610534100943397,8.384712733333336,0.22582136761006133,0.6149289930806475,0.5408644849959494,0.9357170126627838,False,NS
ILMN_3004251,8.230409971698112,8.045286205128205,0.18512376656990703,0.5933620639307321,0.5548577003628928,0.9357170126627838,False,NS
ILMN_3004034,8.643703380188681,8.469111448717948,0.17459193147073293,0.6029113563241216,0.5483322445966109,0.9357170126627838,False,NS
ILMN_3000593,8.632922225471697,8.835043594871795,-0.20212136940009806,-0.5979265306553169,0.5518102275629749,0.9357170126627838,False,NS
ILMN_3002871,8.671109254716981,8.507727741025642,0.16338151369133946,0.5863406214974178,0.5591922707279173,0.9357170126627838,False,NS
ILMN_3002722,8.499060704716982,8.708631205128203,-0.20957050041122116,-0.6020259266328146,0.549277953870356,0.9357170126627838,False,NS
ILMN_3002223,8.627154409433965,8.361193582051284,0.26596082738268123,0.615498272142465,0.5409992729778847,0.9357170126627838,False,NS
ILMN_3002210,8.656311197169813,8.871373448717947,-0.21506225154813308,-0.6098048636594151,0.5442972040320665,0.9357170126627838,False,NS
ILMN_3003997,8.54775619811321,8.32984866923077,0.21790752888244036,0.6135102954950307,0.541663647121986,0.9357170126627838,False,NS
ILMN_3002510,8.3331211009434,8.525857666666665,-0.19273656572326558,-0.5955594276336643,0.5534741903558192,0.9357170126627838,False,NS
ILMN_3001262,8.549334716037738,8.316346505128205,0.23298821090953226,0.5895551933304256,0.5578578745612008,0.9357170126627838,False,NS
ILMN_3002465,8.636262447169809,8.393447794871793,0.2428146522980157,0.6050265236020782,0.5476533547897633,0.9357170126627838,False,NS
ILMN_3003105,8.303087806603775,8.126935902564107,0.17615190403966885,0.5851927289721527,0.5600752759943283,0.9357170126627838,False,NS
ILMN_3003096,8.40693754716981,8.60773392820513,-0.20079638103532105,-0.6122116290523432,0.542395548257107,0.9357170126627838,False,NS
ILMN_3003356,8.73008121698113,8.530058910256411,0.2000223067247191,0.5896709733101649,0.5572378968231698,0.9357170126627838,False,NS
ILMN_3002785,8.494375915094341,8.664943484615387,-0.17056756952104557,-0.5851323941866211,0.560147386923233,0.9357170126627838,False,NS
ILMN_3002764,8.727089449056606,8.923491317948718,-0.19640186889211186,-0.6116696630860708,0.5427205796942067,0.9357170126627838,False,NS
ILMN_3002814,8.508108160377356,8.325561397435896,0.18254676294145966,0.5915592024859024,0.5560621484918067,0.9357170126627838,False,NS
ILMN_3004924,8.373330033018869,8.566684615384613,-0.19335458236574432,-0.6020351158781255,0.5493910970120243,0.9357170126627838,False,NS
ILMN_3004982,8.52369315754717,8.325250741025641,0.1984424165215284,0.6138117613761778,0.5412578332838935,0.9357170126627838,False,NS
ILMN_3002459,8.527191652830185,8.341600912820512,0.18559074000967257,0.5862526543032073,0.55927860454412,0.9357170126627838,False,NS
ILMN_3003948,8.357908898113207,8.544547128205128,-0.18663823009192093,-0.5795308989510362,0.5643496881535285,0.9362138157822304,False,NS
ILMN_3002164,8.46885835188679,8.262578135897435,0.20628021598935575,0.5804756792596996,0.5634590874389347,0.9362138157822304,False,NS
ILMN_3001519,8.793323807547173,8.60231955128205,0.1910042562651224,0.5818058161889142,0.5623720179821807,0.9362138157822304,False,NS
ILMN_3000623,8.430374866037738,8.605196053846154,-0.1748211878084156,-0.5819818792385528,0.5623200429033202,0.9362138157822304,False,NS
ILMN_3000683,8.531893375471698,8.342651564102564,0.18924181136913454,0.5805770651727313,0.5634877851543474,0.9362138157822304,False,NS
ILMN_3004471,8.419030977358489,8.23047423076923,0.18855674658925814,0.5791359634435905,0.5641848679797508,0.9362138157822304,False,NS
ILMN_3001474,8.472222054716983,8.657908192307692,-0.18568613759070907,-0.5815234818583713,0.5628896480135688,0.9362138157822304,False,NS
ILMN_3003454,8.655990818867924,8.455922607692306,0.20006821117561735,0.5812082735995439,0.5631647231026039,0.9362138157822304,False,NS
ILMN_3004156,8.582677756603774,8.801491733333336,-0.21881397672956204,-0.5813488128336919,0.5629766018386437,0.9362138157822304,False,NS
ILMN_3000767,8.65350956037736,8.851363692307695,-0.19785413193033463,-0.5822947586517058,0.5622108323271586,0.9362138157822304,False,NS
ILMN_3002225,8.584219512264154,8.781505235897438,-0.1972857236332839,-0.5802140881020487,0.5636749060760579,0.9362138157822304,False,NS
ILMN_3002720,8.597012421698114,8.38846661025641,0.20854581144170403,0.5794484119705524,0.5643208635024063,0.9362138157822304,False,NS
ILMN_3001491,8.503772014150943,8.706895030769232,-0.2031230166182887,-0.5801017244482777,0.5638861341739828,0.9362138157822304,False,NS
ILMN_3002797,8.56955573773585,8.39968461794872,0.1698711197871301,0.5813387382869987,0.5626497582456202,0.9362138157822304,False,NS
ILMN_3003168,8.762398070754719,8.582881782051285,0.17951628870343406,0.5781440068218233,0.5647446637866191,0.9363406622573788,False,NS
ILMN_3001359,8.570697025471695,8.350910553846154,0.21978647162554132,0.5791979086873158,0.5648006874736509,0.9363406622573788,False,NS
ILMN_3001772,8.367963521698114,8.17827652820513,0.1896869934929839,0.5752430095407476,0.5665240182815993,0.9388863412025178,False,NS
ILMN_3001472,8.805641468867925,8.63499106923077,0.17065039963715556,0.5498958432316656,0.5839666764847281,0.9390428927681526,False,NS
ILMN_3004043,8.709213662264151,8.876409825641023,-0.1671961633768717,-0.5512299851920542,0.583004465482754,0.9390428927681526,False,NS
ILMN_3001293,8.885073430188683,8.701890100000002,0.18318333018868138,0.5550413669846861,0.5804390461395302,0.9390428927681526,False,NS
ILMN_3001299,8.557775159433962,8.393439548717948,0.1643356107160141,0.5601896684657537,0.5770878829563734,0.9390428927681526,False,NS
ILMN_3003726,8.473977547169813,8.279705071794872,0.19427247537494097,0.5508244922896183,0.5838754878744101,0.9390428927681526,False,NS
ILMN_3002501,8.65791304433962,8.49307535128205,0.1648376930575708,0.5546621200095885,0.5807786452753815,0.9390428927681526,False,NS
ILMN_3000769,8.489027692452833,8.302662546153845,0.18636514629898748,0.5639131543239603,0.5746356652225858,0.9390428927681526,False,NS
ILMN_3004598,8.337015150000001,8.543668187179488,-0.20665303717948724,-0.5579027501959646,0.5789552203910403,0.9390428927681526,False,NS
ILMN_3004841,8.622143285849058,8.4300571974359,0.19208608841315744,0.5732345967987698,0.5682343597716311,0.9390428927681526,False,NS
ILMN_3001400,8.865930405660384,8.69275378205128,0.17317662360910369,0.5745182920423975,0.5674212177556954,0.9390428927681526,False,NS
ILMN_3000707,8.458366644339621,8.270231912820512,0.18813473151910998,0.558966138982727,0.5778218532668391,0.9390428927681526,False,NS
ILMN_3002508,8.631687136792454,8.8068592,-0.17517206320754575,-0.5612855836952788,0.5762909109045755,0.9390428927681526,False,NS
ILMN_3004748,8.492403351886797,8.282981823076922,0.20942152880987486,0.5604156357060812,0.5771690187003122,0.9390428927681526,False,NS
ILMN_3000771,8.527293890566039,8.706612894871796,-0.1793190043057571,-0.5665829300499573,0.5728041410777285,0.9390428927681526,False,NS
ILMN_3002482,8.624842844339621,8.459362176923078,0.16548066741654388,0.5561082634842843,0.5799597820788917,0.9390428927681526,False,NS
ILMN_3002250,8.792334799056608,8.990474784615383,-0.19813998555877532,-0.5660267277954287,0.5734153906753622,0.9390428927681526,False,NS
ILMN_3003756,8.474012786792455,8.289365425641023,0.18464736115143232,0.5643952549107029,0.5743626460205319,0.9390428927681526,False,NS
ILMN_3004290,8.403500552830188,8.224064656410256,0.17943589641993185,0.5613056074357377,0.5763447211556756,0.9390428927681526,False,NS
ILMN_3001273,8.475050093396225,8.307835082051282,0.16721501134494332,0.551842286462415,0.5828131795124439,0.9390428927681526,False,NS
ILMN_3001275,8.352993600943396,8.541095202564103,-0.18810160162070666,-0.5666001505199089,0.5731509858096265,0.9390428927681526,False,NS
ILMN_3003030,8.492668736792458,8.6885575025641,-0.19588876577164172,-0.5522465130213325,0.5828251594024231,0.9390428927681526,False,NS
ILMN_3003406,8.37307405471698,8.179121264102566,0.19395279061441428,0.5739506213293876,0.5679818325800472,0.9390428927681526,False,NS
ILMN_3003780,8.525304055660381,8.747447807692307,-0.2221437520319256,-0.5599150535240303,0.577787678689181,0.9390428927681526,False,NS
ILMN_3004770,8.314363125471699,8.512579053846153,-0.198215928374454,-0.563692810759333,0.5750546530723533,0.9390428927681526,False,NS
ILMN_3002184,8.655924290566036,8.467125784615385,0.1887985059506505,0.5526945118255797,0.5821031956883115,0.9390428927681526,False,NS
ILMN_3002261,8.635750266981136,8.454419215384616,0.1813310515965192,0.5589764053914852,0.57805374203436,0.9390428927681526,False,NS
ILMN_3003718,8.449248543396227,8.677253894871795,-0.22800535147556822,-0.574786706736118,0.5676268145819391,0.9390428927681526,False,NS
ILMN_3004278,8.536183896226415,8.368744041025641,0.1674398552007741,0.5546580763918951,0.5809184606259907,0.9390428927681526,False,NS
ILMN_3001032,8.926476810377359,8.742826638461537,0.1836501719158221,0.5580922400260565,0.5784985171807655,0.9390428927681526,False,NS
ILMN_3004617,8.526469283018868,8.706675197435894,-0.1802059144170265,-0.552705658451424,0.5821443264869373,0.9390428927681526,False,NS
ILMN_3000863,8.527454983962263,8.335175669230772,0.19227931473149162,0.5685979533877807,0.5714520256889688,0.9390428927681526,False,NS
ILMN_3000871,8.431606535849056,8.617730005128209,-0.1861234692791527,-0.5714938182668075,0.5694481164123425,0.9390428927681526,False,NS
ILMN_3001627,8.600429091509433,8.396231351282053,0.20419774022738046,0.5650906304127694,0.5740814353303191,0.9390428927681526,False,NS
ILMN_3001360,8.515046331132076,8.701924451282052,-0.1868781201499754,-0.5558370471876359,0.5799884836497269,0.9390428927681526,False,NS
ILMN_3003847,8.535820637735847,8.733439882051282,-0.19761924431543498,-0.5751131754147181,0.5673256106660168,0.9390428927681526,False,NS
ILMN_3001375,8.483828280188677,8.320119825641026,0.16370845454765082,0.5492862447172129,0.5840846793017909,0.9390428927681526,False,NS
ILMN_3001931,8.526976615094341,8.358991164102564,0.16798545099177709,0.5514541324513563,0.582995875507321,0.9390428927681526,False,NS
ILMN_3003641,8.35482728207547,8.54271044871795,-0.18788316664247873,-0.5526858510086103,0.5824830378305667,0.9390428927681526,False,NS
ILMN_3001150,8.31113126132075,8.477681264102566,-0.16655000278181653,-0.5574590799879553,0.5787731286803672,0.9390428927681526,False,NS
ILMN_3002993,8.255209680188678,8.435061423076922,-0.17985174288824446,-0.5558940949547071,0.5801527816673012,0.9390428927681526,False,NS
ILMN_3003881,8.680555353773583,8.493283028205132,0.18727232556845053,0.5504766350078729,0.5838923344824792,0.9390428927681526,False,NS
ILMN_3001416,8.520867889622643,8.686309653846154,-0.16544176422351065,-0.5526360803916968,0.5822038327364046,0.9390428927681526,False,NS
ILMN_3004814,8.470531250000004,8.290994894871796,0.1795363551282083,0.5678502717370995,0.5719896311865501,0.9390428927681526,False,NS
ILMN_3000647,8.73994125849056,8.546721207692306,0.19322005079825466,0.5593266546611222,0.5776916214755609,0.9390428927681526,False,NS
ILMN_3003557,8.455437890566039,8.637728169230769,-0.18229027866473047,-0.562555968780964,0.5756231613516306,0.9390428927681526,False,NS
ILMN_3003911,8.768381837735847,8.620830520512824,0.14755131722302295,0.5611331579487039,0.5761165829599012,0.9390428927681526,False,NS
ILMN_3001209,8.56162791037736,8.355526492307694,0.2061014180696663,0.5559421648797959,0.5804979894812315,0.9390428927681526,False,NS
ILMN_3004451,8.384720477358492,8.566478202564102,-0.1817577252056104,-0.5633115460044034,0.5752134158723716,0.9390428927681526,False,NS
ILMN_3001688,8.505776249056606,8.68779684358974,-0.18202059453313524,-0.5674847237191394,0.5721090214415595,0.9390428927681526,False,NS
ILMN_3002560,8.502127384905664,8.305265776923076,0.1968616079825889,0.5520374643332532,0.5830146295093226,0.9390428927681526,False,NS
ILMN_3001902,8.626403317924531,8.430150446153847,0.1962528717706835,0.5512641595408223,0.5833645959327194,0.9390428927681526,False,NS
ILMN_3003659,8.21089299528302,8.426607615384617,-0.21571462010159692,-0.5616723041985439,0.576396633928139,0.9390428927681526,False,NS
ILMN_3001791,8.311770737735849,8.488021246153847,-0.17625050841799883,-0.5511152069302633,0.5832801020948931,0.9390428927681526,False,NS
ILMN_3001783,8.218569443396227,8.393316197435897,-0.17474675403967055,-0.556736751614435,0.5796308269002373,0.9390428927681526,False,NS
ILMN_3000798,8.526639608490566,8.721417579487182,-0.19477797099661665,-0.5662321123923568,0.5733147739514265,0.9390428927681526,False,NS
ILMN_3004158,8.51946235283019,8.731022271794872,-0.21155991896468151,-0.5562108495358522,0.5802485533893387,0.9390428927681526,False,NS
ILMN_3002058,8.408368978301885,8.60185268974359,-0.1934837114417043,-0.5581454005799582,0.5787324200191654,0.9390428927681526,False,NS
ILMN_3002656,8.755924796226415,8.960597512820511,-0.20467271659409647,-0.564833090228796,0.5744159674566263,0.9390428927681526,False,NS
ILMN_3004137,8.607313213207547,8.750806946153846,-0.14349373294629864,-0.556226642570587,0.5794962713234069,0.9390428927681526,False,NS
ILMN_3002317,8.418201238679245,8.600743935897434,-0.18254269721818872,-0.5649486200190178,0.5737288747311985,0.9390428927681526,False,NS
ILMN_3001079,8.767803496226415,8.935763233333333,-0.16795973710691747,-0.5584297496927859,0.5781286799212695,0.9390428927681526,False,NS
ILMN_3003569,8.477957933962264,8.631290458974357,-0.15333252501209316,-0.5548883739038819,0.5807425923454476,0.9390428927681526,False,NS
ILMN_3001108,8.627973313207548,8.454754471794871,0.17321884141267674,0.5725292369256793,0.5686321080771385,0.9390428927681526,False,NS
ILMN_3003221,8.583003758490564,8.780119071794871,-0.1971153133043071,-0.5712849415490414,0.5697868274946227,0.9390428927681526,False,NS
ILMN_3001575,8.534410453773585,8.721427956410256,-0.18701750263667094,-0.5662274051974052,0.5730489624342154,0.9390428927681526,False,NS
ILMN_3003992,8.469246469811322,8.666546671794872,-0.19730020198355014,-0.5698510248198617,0.5706847052338024,0.9390428927681526,False,NS
ILMN_3001542,8.691406317924528,8.515267364102566,0.17613895382196176,0.5652034430296476,0.5735605099329312,0.9390428927681526,False,NS
ILMN_3004022,8.55824408962264,8.756630002564101,-0.19838591294146113,-0.5684752509283392,0.5714064424196423,0.9390428927681526,False,NS
ILMN_3004498,8.539309292452831,8.720960615384614,-0.1816513229317831,-0.5699245365285495,0.5705638960901103,0.9390428927681526,False,NS
ILMN_3000996,8.588330717924528,8.803233146153847,-0.21490242822931904,-0.5582203570338615,0.578821030265333,0.9390428927681526,False,NS
ILMN_3004534,8.535095199056602,8.372269064102564,0.16282613495403808,0.5575434533097773,0.5782939816743551,0.9390428927681526,False,NS
ILMN_3001494,8.550213463207546,8.742699597435898,-0.1924861342283517,-0.5678088886548032,0.5721789186236252,0.9390428927681526,False,NS
ILMN_3003974,8.349029280188677,8.547415441025642,-0.19838616083696436,-0.5590280415443322,0.5780330592229342,0.9390428927681526,False,NS
ILMN_3000902,8.647549690566034,8.473781523076921,0.17376816748911317,0.5521726381450079,0.5827011506918761,0.9390428927681526,False,NS
ILMN_3002714,8.83268638018868,9.032066846153846,-0.19938046596516656,-0.5644151544963726,0.5745620846482921,0.9390428927681526,False,NS
ILMN_3004875,8.712216886792458,8.532422933333333,0.17979395345912508,0.5579539581083036,0.578754042800401,0.9390428927681526,False,NS
ILMN_3001598,8.452814282075469,8.647626782051283,-0.1948124999758143,-0.5623752723022225,0.575800815256792,0.9390428927681526,False,NS
ILMN_3000630,8.267477953773588,8.090714035897435,0.1767639178761531,0.5659223833120932,0.5731748682333854,0.9390428927681526,False,NS
ILMN_3002908,8.494378118867921,8.283197953846155,0.21118016502176573,0.5543384949953143,0.5816142790735584,0.9390428927681526,False,NS
ILMN_3000570,8.463396057547168,8.300457776923077,0.16293828062409155,0.5735679744468873,0.567613972517478,0.9390428927681526,False,NS
ILMN_3002960,8.61951529528302,8.435680076923076,0.18383521835994365,0.5567384774695925,0.5796376916973118,0.9390428927681526,False,NS
ILMN_3004172,8.471042509433962,8.291267223076924,0.17977528635703877,0.5685841509286705,0.5713902955603394,0.9390428927681526,False,NS
ILMN_3004173,8.713025733018869,8.539597197435898,0.17342853558297122,0.5515298508530704,0.5830920527638946,0.9390428927681526,False,NS
ILMN_3002624,8.410216270754715,8.228238064102564,0.18197820665215048,0.5715099701305434,0.5695969777343591,0.9390428927681526,False,NS
ILMN_3002237,8.37621848018868,8.562981558974363,-0.18676307878568288,-0.5531421080672017,0.582031594716005,0.9390428927681526,False,NS
ILMN_3002226,8.17633585943396,8.377659946153846,-0.201324086719886,-0.5665222152725791,0.5729255342412943,0.9390428927681526,False,NS
ILMN_3002849,8.71040708490566,8.531874076923078,0.17853300798258154,0.561001875187947,0.5767635492242059,0.9390428927681526,False,NS
ILMN_3001395,8.551657600943397,8.352679376923078,0.19897822402031906,0.5564897869412726,0.5798651390157302,0.9390428927681526,False,NS
ILMN_3004363,8.704894583018866,8.522033830769232,0.18286075224963483,0.5610698528511401,0.5764104840745489,0.9390428927681526,False,NS
ILMN_3002382,8.519424977358495,8.705455902564102,-0.18603092520560693,-0.5519881097453901,0.5828898417191775,0.9390428927681526,False,NS
ILMN_3003862,8.365601899056603,8.177647338461542,0.18795456059506144,0.5589318661250241,0.5780705295808325,0.9390428927681526,False,NS
ILMN_3002371,8.53827456792453,8.351735799999997,0.1865387679245334,0.5693771867628681,0.5710504805749943,0.9390428927681526,False,NS
ILMN_3004115,8.42444985754717,8.609136825641029,-0.18468696809385854,-0.5706004485723872,0.5698135033061178,0.9390428927681526,False,NS
ILMN_3001372,8.560388348113205,8.751688925641025,-0.19130057752781937,-0.547917318750278,0.5854304489879972,0.9393168328787742,False,NS
ILMN_3004965,8.597958349999997,8.769956871794871,-0.1719985217948743,-0.5477248697439484,0.5855701136166278,0.9393168328787742,False,NS
ILMN_3000568,8.482172706603775,8.660760074358974,-0.178587367755199,-0.5495345601688323,0.5847199300287831,0.9393168328787742,False,NS
ILMN_3001210,8.515248850943395,8.712487864102563,-0.1972390131591677,-0.5485367427761558,0.585499728734099,0.9393168328787742,False,NS
ILMN_3002677,8.747959846226411,8.57906514871795,0.16889469750846153,0.5488813710008092,0.5849497729968123,0.9393168328787742,False,NS
ILMN_3003630,8.41222274716981,8.592709479487182,-0.18048673231737133,-0.548307988759836,0.5852769502532655,0.9393168328787742,False,NS
ILMN_3001169,8.714418906603774,8.531450212820515,0.18296869378325908,0.5483012578631402,0.5852763986373256,0.9393168328787742,False,NS
ILMN_3001190,8.289293415094338,8.125190407692306,0.16410300740203176,0.5453497641856498,0.5871429557574561,0.9396040622083545,False,NS
ILMN_3003410,8.366175369811325,8.2030329025641,0.1631424672472246,0.5463464350004323,0.5861603702231722,0.9396040622083545,False,NS
ILMN_3002858,8.571334703773585,8.400491166666667,0.17084353710691857,0.5449828440597165,0.5873120954629808,0.9396040622083545,False,NS
ILMN_3001315,8.20837619245283,8.026802558974358,0.18157363347847166,0.5459721113509024,0.5869765084083571,0.9396040622083545,False,NS
ILMN_3002850,8.310865308490568,8.487332730769234,-0.17646742227866596,-0.5455735581872839,0.5871677807655677,0.9396040622083545,False,NS
ILMN_3003566,8.497732999056602,8.318816415384614,0.17891658367198815,0.544519019440336,0.5878163013175466,0.9396040622083545,False,NS
ILMN_3001699,8.162081368867929,8.377742266666663,-0.21566089779873465,-0.5473537919842317,0.5863524291909987,0.9396040622083545,False,NS
ILMN_3004394,8.726915616037738,8.533031964102564,0.19388365193517387,0.5469830106723665,0.5861426917880914,0.9396040622083545,False,NS
ILMN_3003419,8.628049591509434,8.448233520512822,0.1798160709966119,0.5449523439316711,0.5875377592843614,0.9396040622083545,False,NS
ILMN_3002259,8.327086717924528,8.515105525641024,-0.18801880771649593,-0.5456801629673541,0.5872357362507759,0.9396040622083545,False,NS
ILMN_3002473,8.421299220754722,8.249121333333333,0.1721778874213893,0.5444892171760455,0.5876723089037144,0.9396040622083545,False,NS
ILMN_3001546,8.493251281132071,8.703585541025642,-0.21033425989357113,-0.5445147148292687,0.58813662050479,0.9398156288027963,False,NS
ILMN_3004983,8.528413538679242,8.713211912820514,-0.18479837414127154,-0.5437869087953218,0.5885730049738709,0.9399121765791615,False,NS
ILMN_3001654,8.35049999716981,8.157203833333332,0.19329616383647874,0.543493464966127,0.5883864953782717,0.9399121765791615,False,NS
ILMN_3001841,8.599006120754714,8.759285384615383,-0.16027926386066937,-0.5415354831596173,0.5895549814747651,0.9400653781149255,False,NS
ILMN_3001778,8.415159806603775,8.239592125641026,0.17556768096274844,0.5418231317812712,0.5898004699047918,0.9400653781149255,False,NS
ILMN_3004518,8.528811019811316,8.353059528205128,0.17575149160618864,0.5424695432984299,0.5893209878100532,0.9400653781149255,False,NS
ILMN_3002705,8.541233484905662,8.385195794871796,0.15603769003386603,0.5411874054494715,0.5899850313049273,0.9400653781149255,False,NS
ILMN_3001536,8.38831357264151,8.560714087179486,-0.17240051453797633,-0.5415631217184025,0.5899606327795488,0.9400653781149255,False,NS
ILMN_3002973,8.315748277358491,8.507350020512819,-0.19160174315432776,-0.5433100422135619,0.5889734101551383,0.9400653781149255,False,NS
ILMN_3001370,8.489592885849056,8.306775535897435,0.18281734995162147,0.541905348844667,0.589902749380669,0.9400653781149255,False,NS
ILMN_3003472,8.52305570566038,8.721706010256408,-0.19865030459602906,-0.5411073350606779,0.5904292945668799,0.9401740359345221,False,NS
ILMN_3000690,8.483496884905659,8.665574546153845,-0.18207766124818647,-0.5407805027641466,0.590320072673505,0.9401740359345221,False,NS
ILMN_3003831,8.646819099056605,8.477829005128205,0.16899009392840014,0.5402724877322309,0.59065233257838,0.9402297557758358,False,NS
ILMN_3001310,8.627559991509434,8.451482948717947,0.17607704279148706,0.5393597964245459,0.5915209550030919,0.9407930399428518,False,NS
ILMN_3003288,8.648347435849061,8.810898784615384,-0.16255134876632304,-0.5387086211789193,0.5915706635160652,0.9407930399428518,False,NS
ILMN_3001844,8.40527286509434,8.580256461538463,-0.17498359644412353,-0.5395359238853705,0.5914322451169493,0.9407930399428518,False,NS
ILMN_3001815,8.474846062264154,8.646629961538462,-0.17178389927430793,-0.5381531276990639,0.5922057368911976,0.941503556265815,False,NS
ILMN_3002078,8.555718163207546,8.394819287179487,0.16089887602805852,0.5368614123648436,0.5927861784445293,0.942126793459201,False,NS
ILMN_3001280,8.390650573584907,8.542173328205125,-0.1515227546202187,-0.5364072634914343,0.5933025307589571,0.9423662377645994,False,NS
ILMN_3002986,8.737368898113209,8.54993105897436,0.18743783913884826,0.5365351905934477,0.5933137832965918,0.9423662377645994,False,NS
ILMN_3002543,8.576429739622645,8.409746500000002,0.16668323962264253,0.5299551444645035,0.5978807248496489,0.942459290228347,False,NS
ILMN_3001821,8.449765915094337,8.275239576923077,0.17452633817126006,0.529868434717909,0.5978995538551226,0.942459290228347,False,NS
ILMN_3003301,8.588839884905664,8.768405443589739,-0.1795655586840752,-0.534051906833523,0.5951837966569096,0.942459290228347,False,NS
ILMN_3004938,8.559300678301886,8.379232074358974,0.18006860394291202,0.5355241477766691,0.5939702420187233,0.942459290228347,False,NS
ILMN_3001306,8.583343654716982,8.421065058974362,0.16227859574262027,0.5353649134407213,0.5938557302039401,0.942459290228347,False,NS
ILMN_3001849,8.54772231226415,8.706044351282053,-0.15832203901790187,-0.534650087036515,0.5944889600068389,0.942459290228347,False,NS
ILMN_3003721,8.485527095283018,8.663020992307693,-0.1774938970246751,-0.5285009292964958,0.5988915840905523,0.942459290228347,False,NS
ILMN_3004563,8.321064103773587,8.496940123076923,-0.1758760193033364,-0.5319654491501573,0.5961414759207933,0.942459290228347,False,NS
ILMN_3003738,8.653122012264149,8.48444567948718,0.16867633277696825,0.5278258040702545,0.5994186381407197,0.942459290228347,False,NS
ILMN_3002168,8.572945547169814,8.39278414102564,0.1801614061441743,0.5331399226500837,0.5955626370654964,0.942459290228347,False,NS
ILMN_3002397,8.394315034905661,8.54865984871795,-0.1543448138122887,-0.5276587920101685,0.5992548103635282,0.942459290228347,False,NS
ILMN_3002765,8.572004378301886,8.405891423076921,0.16611295522496405,0.5274298465222028,0.5994899584267651,0.942459290228347,False,NS
ILMN_3001102,8.600157310377357,8.409122864102564,0.19103444627479327,0.5355905886773824,0.5944283404239867,0.942459290228347,False,NS
ILMN_3000580,8.427052817924526,8.594602587179487,-0.16754976925496123,-0.5288722591679859,0.5986445676341997,0.942459290228347,False,NS
ILMN_3001773,8.607991283018869,8.42132832051282,0.1866629625060483,0.5316051878744265,0.5966864786006347,0.942459290228347,False,NS
ILMN_3004312,8.50664698962264,8.316300953846154,0.19034603577648568,0.5335900936431024,0.5955434634084898,0.942459290228347,False,NS
ILMN_3001692,8.376996039622641,8.170541876923076,0.20645416269956485,0.5300491611383007,0.5980305683229064,0.942459290228347,False,NS
ILMN_3001380,8.561741050943395,8.722156120512821,-0.1604150695694262,-0.5344883202801411,0.59486767492501,0.942459290228347,False,NS
ILMN_3002025,8.562008733018867,8.73826861282051,-0.17625987980164304,-0.5324779935746808,0.596324727017648,0.942459290228347,False,NS
ILMN_3004560,8.384122019811318,8.562077456410258,-0.1779554365989391,-0.529549615079075,0.5981595222477081,0.942459290228347,False,NS
ILMN_3001876,8.65641666792453,8.463840348717948,0.19257631920658191,0.5278125656779205,0.5995494317590917,0.942459290228347,False,NS
ILMN_3002093,8.449595584905659,8.628008515384616,-0.17841293047895768,-0.5275900043874221,0.5995926004432743,0.942459290228347,False,NS
ILMN_3003110,8.501915811320758,8.699639166666666,-0.19772335534590724,-0.5315558398068146,0.5968190601075135,0.942459290228347,False,NS
ILMN_3001899,8.342072647169813,8.170855758974357,0.1712168881954561,0.5354305878534117,0.5940174656160669,0.942459290228347,False,NS
ILMN_3004203,8.633960292452826,8.47818739230769,0.155772900145136,0.5339875016270704,0.59481855930854,0.942459290228347,False,NS
ILMN_3001223,8.484477347169815,8.672779723076923,-0.1883023759071083,-0.5329830881519206,0.5959381481053893,0.942459290228347,False,NS
ILMN_3004439,8.39758560943396,8.566681466666665,-0.16909585723270482,-0.529184616656673,0.5982488668232129,0.942459290228347,False,NS
ILMN_3001944,8.515841183962268,8.70213835128205,-0.18629716731978263,-0.531912636272744,0.5968113402199152,0.942459290228347,False,NS
ILMN_3003219,8.460410023584904,8.662824069230767,-0.20241404564586318,-0.5329060008327928,0.5960480291297235,0.942459290228347,False,NS
ILMN_3003962,8.565971244339629,8.751728225641022,-0.1857569813013935,-0.5322101551422226,0.5964504937425598,0.942459290228347,False,NS
ILMN_3004028,8.645098891509438,8.832933958974355,-0.18783506746491696,-0.5302258493899794,0.5982088829902339,0.942459290228347,False,NS
ILMN_3001473,8.77522143018868,8.615971497435897,0.15924993275278254,0.5274827325890498,0.5994285222496468,0.942459290228347,False,NS
ILMN_3002229,8.42630020471698,8.267041074358973,0.15925913035800754,0.5300889174095708,0.5976274448918686,0.942459290228347,False,NS
ILMN_3002728,8.25322373962264,8.087960802564105,0.1652629370585359,0.5266868397188781,0.59993108038947,0.9425126668126359,False,NS
ILMN_3001112,8.343577499056604,8.532475725641026,-0.18889822658442235,-0.5270270608810554,0.6000035636929241,0.9425126668126359,False,NS
ILMN_3000815,8.538571568867923,8.724564369230773,-0.18599280036285037,-0.5253249485789545,0.6011546273355957,0.9433972833831483,False,NS
ILMN_3002002,8.512749749999996,8.68281097948718,-0.1700612294871835,-0.5244620525347098,0.6014774157367616,0.9433972833831483,False,NS
ILMN_3001239,8.423391094339625,8.260914071794872,0.16247702254475271,0.5249139295066455,0.6011286745056145,0.9433972833831483,False,NS
ILMN_3004357,8.511201935849057,8.68946932564103,-0.17826738979197287,-0.5243386721308868,0.6015101078850953,0.9433972833831483,False,NS
ILMN_3001295,8.49256818962264,8.671842461538462,-0.17927427191582268,-0.5257937244199409,0.6008210114724484,0.9433972833831483,False,NS
ILMN_3001914,8.664959136792453,8.487352212820513,0.17760692397193978,0.5236492217924111,0.6023492710906169,0.9434663056043289,False,NS
ILMN_3004297,8.620972722641513,8.798091482051282,-0.17711875940976896,-0.5236414940086233,0.6023543245718292,0.9434663056043289,False,NS
ILMN_3002658,8.419969019811324,8.24537652051282,0.1745924992985035,0.5236596110723499,0.6024339845377629,0.9434663056043289,False,NS
ILMN_3004346,8.409502662264154,8.55129638974359,-0.14179372747943475,-0.5231329751275743,0.6022196182280212,0.9434663056043289,False,NS
ILMN_3000967,8.512526293396224,8.325834661538462,0.18669163185776227,0.5237608898525478,0.6024975827589244,0.9434663056043289,False,NS
ILMN_3001005,8.68664641226415,8.509867676923077,0.17677873534107214,0.5229477854321963,0.602689032849099,0.9434706212415451,False,NS
ILMN_3004273,8.555998747169813,8.37800075897436,0.1779979881954521,0.5221980503989538,0.6032363515770123,0.9438811607572883,False,NS
ILMN_3003255,8.332726918867921,8.489941130769232,-0.15721421190131046,-0.5218489794280678,0.6033337534345965,0.9438811607572883,False,NS
ILMN_3003908,8.501328272641508,8.669472346153844,-0.16814407351233562,-0.5216897497735602,0.6035176141882101,0.9438811607572883,False,NS
ILMN_3003744,8.560813689622647,8.38458488717949,0.1762288024431573,0.5205552510141106,0.6044903135862216,0.944221045901627,False,NS
ILMN_3003553,8.613803591509434,8.781237623076924,-0.16743403156749004,-0.5204839120337557,0.6042383740640185,0.944221045901627,False,NS
ILMN_3003838,8.53174940188679,8.704579717948716,-0.17283031606192623,-0.5210792983006628,0.6041248206204044,0.944221045901627,False,NS
ILMN_3003490,8.711723384905664,8.54921614102564,0.16250724388002347,0.520328087380863,0.6043983868833599,0.944221045901627,False,NS
ILMN_3000802,8.56876619339623,8.397258982051284,0.17150721134494695,0.5198234472904824,0.6047238002151014,0.9442907561135251,False,NS
ILMN_3002743,8.799373479245283,8.97781447692308,-0.17844099767779653,-0.5133516816082973,0.6093580313314886,0.9444316271562294,False,NS
ILMN_3003324,8.486524866981132,8.644916174358977,-0.1583913073778458,-0.5121710565475889,0.6102826491371153,0.9444316271562294,False,NS
ILMN_3004049,8.43946276792453,8.635654658974357,-0.1961918910498266,-0.5126624826414287,0.61006053715698,0.9444316271562294,False,NS
ILMN_3003341,8.68107903962264,8.532192669230769,0.14888637039187103,0.511537387114338,0.6102371123813354,0.9444316271562294,False,NS
ILMN_3000582,8.770208555660377,8.59104503076923,0.1791635248911465,0.5178928132432085,0.6062867092647797,0.9444316271562294,False,NS
ILMN_3001349,8.348295710377363,8.17096514102564,0.17733056935172264,0.5173720180719559,0.6068192767940684,0.9444316271562294,False,NS
ILMN_3003588,8.436843773584906,8.269024984615385,0.1678187889695213,0.5124894325829776,0.6101130052458102,0.9444316271562294,False,NS
ILMN_3004182,8.38414812075471,8.56166872051282,-0.1775205997581093,-0.5172881495383964,0.6067078127388641,0.9444316271562294,False,NS
ILMN_3002083,8.373775023584903,8.194969935897438,0.17880508768746495,0.5140992892350936,0.6087483362250913,0.9444316271562294,False,NS
ILMN_3004403,8.681206501886793,8.505636258974357,0.1755702429124355,0.5166022265470083,0.6073589792076801,0.9444316271562294,False,NS
ILMN_3001018,8.790611092452833,8.618829243589744,0.17178184886308934,0.5163970520246208,0.6073100176420062,0.9444316271562294,False,NS
ILMN_3003209,8.487565088679245,8.34305248974359,0.1445125989356555,0.5166564155157852,0.6066474209757484,0.9444316271562294,False,NS
ILMN_3002588,8.534411358490562,8.709054712820514,-0.1746433543299517,-0.5195904694210829,0.6051407528193178,0.9444316271562294,False,NS
ILMN_3003140,8.406693892452832,8.567804869230768,-0.16111097677793573,-0.5155896344593836,0.6076702778613484,0.9444316271562294,False,NS
ILMN_3004349,8.691626658490565,8.888210858974357,-0.19658420048379277,-0.5189618210595027,0.6055594283453211,0.9444316271562294,False,NS
ILMN_3003458,8.551309090566038,8.411763892307688,0.1395451982583502,0.5153089279153609,0.6076983740413145,0.9444316271562294,False,NS
ILMN_3002477,8.508919343396222,8.346384284615384,0.16253505878083807,0.51620533659501,0.6073602539053,0.9444316271562294,False,NS
ILMN_3004265,8.56092281509434,8.740061256410257,-0.17913844131591716,-0.5149181136696017,0.608388362561885,0.9444316271562294,False,NS
ILMN_3003746,8.655681081132073,8.486580812820511,0.16910026831156166,0.5185250036132365,0.6058666197366918,0.9444316271562294,False,NS
ILMN_3001812,8.54586503301887,8.377332523076923,0.16853250994194724,0.5152778044332512,0.6082538231288863,0.9444316271562294,False,NS
ILMN_3003094,8.495936562264157,8.68451048717949,-0.18857392491533176,-0.5132540627636701,0.6095617154812983,0.9444316271562294,False,NS
ILMN_3002154,8.420381335849054,8.588283476923076,-0.16790214107402157,-0.5145951951726091,0.6085298665067573,0.9444316271562294,False,NS
ILMN_3001659,8.874810349056608,8.701262564102565,0.17354778495404233,0.5181329101130996,0.6060325311845397,0.9444316271562294,False,NS
ILMN_3003691,8.801902350943397,8.633539269230768,0.16836308171262893,0.5184756177647789,0.6057493953307971,0.9444316271562294,False,NS
ILMN_3003124,8.568470997169811,8.742259297435895,-0.17378830026608405,-0.5133103267459239,0.6094245484443506,0.9444316271562294,False,NS
ILMN_3004309,8.61012907735849,8.788661058974359,-0.17853198161586903,-0.515122169574378,0.6082725448537019,0.9444316271562294,False,NS
ILMN_3003668,8.46450003490566,8.62252458205128,-0.15802454714562053,-0.5188295516132325,0.6052748058032767,0.9444316271562294,False,NS
ILMN_3003926,8.468594340566035,8.29780372820513,0.17079061236090531,0.5115893164415476,0.6102917174683554,0.9444316271562294,False,NS
ILMN_3002401,8.462644916037735,8.272484394871796,0.1901605211659394,0.5124281632671963,0.6102592359933008,0.9444316271562294,False,NS
ILMN_3001989,8.622705424528302,8.479595261538462,0.14311016298984036,0.5106964696012125,0.6107583646843429,0.9448613315042433,False,NS
ILMN_3000986,8.426682925471699,8.576364800000002,-0.14968187452830328,-0.5102442241257659,0.611286319080244,0.9453855847204516,False,NS
ILMN_3001995,8.51434202735849,8.341861664102565,0.17248036325592508,0.5099850610339401,0.6117576435076288,0.9455295881107092,False,NS
ILMN_3001863,8.558922747169808,8.403785482051282,0.1551372651185261,0.5096287669446291,0.6115980551410997,0.9455295881107092,False,NS
ILMN_3003981,8.44266309716981,8.600064517948717,-0.15740142077890695,-0.5091852902360668,0.6121943661367757,0.9456199662291871,False,NS
ILMN_3003457,8.689378074528303,8.856859735897435,-0.16748166136913234,-0.509448341015541,0.612075305810754,0.9456199662291871,False,NS
ILMN_3003467,8.740681331132082,8.579679479487178,0.16100185164490455,0.509053770009161,0.6124030614892877,0.9456501875992708,False,NS
ILMN_3001256,8.503159274528304,8.329827912820509,0.1733313617077954,0.5077349221109111,0.6132974243633184,0.9465490177615745,False,NS
ILMN_3002777,8.365522459433958,8.532423915384618,-0.16690145595065964,-0.5075796794872922,0.6133637635095003,0.9465490177615745,False,NS
ILMN_3004550,8.505833467924527,8.330674092307692,0.17515937561683437,0.5074128110121942,0.6136618943448258,0.9467168996371887,False,NS
ILMN_3004745,8.539461646226412,8.369269617948717,0.17019202827769497,0.5064197171865547,0.6142123228455619,0.9472737860048766,False,NS
ILMN_3001205,8.34005283301887,8.524181243589743,-0.1841284105708727,-0.5061408138698176,0.6146158528489731,0.9476038434304243,False,NS
ILMN_3004229,8.563019441509438,8.377643453846153,0.185375987663285,0.5005370025193282,0.6182430172638819,0.948330689288023,False,NS
ILMN_3004463,8.63809301320755,8.465056825641028,0.17303618756652206,0.49973524635217187,0.6189548941518219,0.948330689288023,False,NS
ILMN_3004804,8.627018207547174,8.464559194871795,0.1624590126753791,0.4968361166435548,0.620913760563506,0.948330689288023,False,NS
ILMN_3004645,8.38595920188679,8.557154574358973,-0.17119537247218375,-0.4991600732427555,0.6193235616053847,0.948330689288023,False,NS
ILMN_3003601,8.748118743396224,8.565529889743592,0.1825888536526321,0.502498510158397,0.6170870948007041,0.948330689288023,False,NS
ILMN_3002045,8.45323049528302,8.285203638461539,0.16802685682148066,0.5044559784793465,0.615458798713499,0.948330689288023,False,NS
ILMN_3001937,8.433129397169814,8.283774743589746,0.14935465358006894,0.4988473293898164,0.6193731009666859,0.948330689288023,False,NS
ILMN_3003635,8.61319027735849,8.76087026923077,-0.14767999187228043,-0.49745836120882403,0.6204143008261738,0.948330689288023,False,NS
ILMN_3003145,8.57781758018868,8.753236533333336,-0.17541895314465528,-0.4972037161501157,0.620781394071411,0.948330689288023,False,NS
ILMN_3002974,8.436599433962268,8.275490766666666,0.16110866729560236,0.49666885355157636,0.6209669353457975,0.948330689288023,False,NS
ILMN_3000999,8.547031803773589,8.371280820512819,0.17575098326076954,0.49789962643934277,0.6202990953923507,0.948330689288023,False,NS
ILMN_3003558,8.49361939245283,8.325882115384612,0.16773727706821795,0.4980580348739092,0.6201627986252676,0.948330689288023,False,NS
ILMN_3004377,8.398016306603775,8.576315061538462,-0.17829875493468705,-0.5024197407549221,0.6171152385211578,0.948330689288023,False,NS
ILMN_3000645,8.539749842452832,8.71342741794872,-0.1736775754958888,-0.4997370381948078,0.619139697758371,0.948330689288023,False,NS
ILMN_3001107,8.548298737735852,8.383182023076923,0.16511671465892874,0.5031123719236704,0.616494527058892,0.948330689288023,False,NS
ILMN_3002918,8.39419166037736,8.559197066666668,-0.1650054062893087,-0.49831615929831513,0.6200074902095776,0.948330689288023,False,NS
ILMN_3004549,8.561701554716981,8.726803064102565,-0.16510150938558432,-0.4973907021980583,0.6204664673052824,0.948330689288023,False,NS
ILMN_3001480,8.440448692452831,8.608523112820516,-0.1680744203676845,-0.5031893562096013,0.6165835990586481,0.948330689288023,False,NS
ILMN_3003031,8.54150558207547,8.722402284615383,-0.18089670253991308,-0.5044114073077329,0.6157881167981677,0.948330689288023,False,NS
ILMN_3000912,8.38722799716981,8.547972974358974,-0.16074497718916447,-0.49995565790707625,0.6187972959893945,0.948330689288023,False,NS
ILMN_3003369,8.382485608490565,8.542337120512817,-0.1598515120222519,-0.4984537654908199,0.6197815926820572,0.948330689288023,False,NS
ILMN_3001751,8.513581195283017,8.683284764102565,-0.16970356881954807,-0.5002463846481362,0.6186112452778622,0.948330689288023,False,NS
ILMN_3004144,8.559612503773582,8.703032223076924,-0.14341971930334196,-0.4965523421253085,0.6208015337687938,0.948330689288023,False,NS
ILMN_3003037,8.535564730188678,8.390595566666667,0.1449691635220116,0.5003455079774821,0.6181421684630563,0.948330689288023,False,NS
ILMN_3003108,8.656726663207545,8.832357179487177,-0.17563051627963233,-0.5008119562095577,0.6181065703348225,0.948330689288023,False,NS
ILMN_3004477,8.583097016981133,8.406372512820512,0.1767245041606209,0.5020219473516255,0.6173912191397759,0.948330689288023,False,NS
ILMN_3004998,8.611061819811326,8.450614107692306,0.16044771211901931,0.5011137436778823,0.61774877686263,0.948330689288023,False,NS
ILMN_3001311,8.465091833962264,8.636206317948718,-0.1711144839864538,-0.5012236466860023,0.6181226864469399,0.948330689288023,False,NS
ILMN_3002757,8.710222217924528,8.52377921025641,0.1864430076681174,0.5000075432199417,0.6187324069380289,0.948330689288023,False,NS
ILMN_3003280,8.480066043396226,8.320821702564102,0.15924434083212446,0.49928470260867525,0.6190408545949042,0.948330689288023,False,NS
ILMN_3002942,8.443931681132076,8.302681851282049,0.1412498298500271,0.4967107128742257,0.6205923907523638,0.948330689288023,False,NS
ILMN_3003709,8.568756644339624,8.40401551282051,0.16474113151911318,0.4957923348277679,0.6214526064279884,0.9485103623320968,False,NS
ILMN_3004464,8.616840368867923,8.456104138461539,0.16073623040638374,0.4960214273259394,0.6214734468862813,0.9485103623320968,False,NS
ILMN_3004531,8.893679084905662,8.728105223076925,0.16557386182873657,0.49532037595476053,0.6221633204524158,0.9485103623320968,False,NS
ILMN_3001201,8.688371787735848,8.846644794871793,-0.1582730071359446,-0.49525498075441265,0.6220862568616145,0.9485103623320968,False,NS
ILMN_3004524,8.706865186792454,8.547112087179489,0.15975309961296524,0.495290460501465,0.622067072091712,0.9485103623320968,False,NS
ILMN_3004541,8.620020466981133,8.467114594871795,0.15290587210933815,0.4948461173952456,0.6222227976898556,0.9485103623320968,False,NS
ILMN_3004914,8.531614260377356,8.366618246153847,0.16499601422350985,0.49219248027266504,0.6240778763544804,0.9486702068972203,False,NS
ILMN_3002626,8.598740494339621,8.433483725641024,0.1652567686985975,0.4880924679845339,0.6270598459824975,0.9486702068972203,False,NS
ILMN_3004613,8.260875166037735,8.437309679487177,-0.1764345134494416,-0.48950618562974774,0.6261222177122644,0.9486702068972203,False,NS
ILMN_3002608,8.368993518867926,8.209643607692309,0.15934991117561736,0.49063634085983204,0.6253978249753143,0.9486702068972203,False,NS
ILMN_3001131,8.646896612264147,8.491590371794874,0.15530624046927244,0.4884115879566063,0.6267071505697244,0.9486702068972203,False,NS
ILMN_3000995,8.470014721698115,8.638967735897436,-0.16895301419932096,-0.4875007254800726,0.6276651703724709,0.9486702068972203,False,NS
ILMN_3001502,8.42044396981132,8.57527821025641,-0.15483424044509064,-0.48917365665291723,0.6263074498221413,0.9486702068972203,False,NS
ILMN_3003984,8.454957197169815,8.610628397435894,-0.15567120026607917,-0.4870089957124112,0.6278299429245804,0.9486702068972203,False,NS
ILMN_3004130,8.389371311320756,8.230280812820512,0.1590904985002446,0.49028639305686816,0.6253660733153468,0.9486702068972203,False,NS
ILMN_3004056,8.540373721698113,8.380867866666664,0.15950585503144943,0.49051193917006397,0.6255272871450915,0.9486702068972203,False,NS
ILMN_3004039,8.561948359433966,8.423185002564102,0.1387633568698643,0.4899693673308377,0.6255026496095465,0.9486702068972203,False,NS
ILMN_3000575,8.583152274528302,8.414170564102564,0.16898171042573829,0.4895367897140612,0.6260134369557591,0.9486702068972203,False,NS
ILMN_3003315,8.567339059433964,8.387438476923078,0.1799005825108857,0.48825809922499214,0.6271401993070418,0.9486702068972203,False,NS
ILMN_3004621,8.250685890566032,8.403315125641024,-0.1526292350749916,-0.49402972064670775,0.6229195674877572,0.9486702068972203,False,NS
ILMN_3003130,8.970271113207549,9.129611771794874,-0.15934065858732538,-0.487568604575086,0.6272907049803751,0.9486702068972203,False,NS
ILMN_3004323,8.458009519811323,8.324982276923079,0.13302724288824486,0.4911654140333915,0.624654455390615,0.9486702068972203,False,NS
ILMN_3002924,8.475613839622644,8.636355812820515,-0.16074197319787054,-0.49094359195986204,0.6249129133732997,0.9486702068972203,False,NS
ILMN_3003135,8.54505443301887,8.387390258974357,0.1576641740445126,0.4924737758266424,0.624003707778221,0.9486702068972203,False,NS
ILMN_3001041,8.36177329433962,8.179060869230769,0.18271242510885166,0.4873232566509158,0.6277770393389125,0.9486702068972203,False,NS
ILMN_3001050,8.634149258490568,8.476151656410257,0.15799760208031088,0.4877023898444867,0.6273638145631276,0.9486702068972203,False,NS
ILMN_3002236,8.619874672641508,8.44030951794872,0.17956515469278855,0.493043599218505,0.6237304423022365,0.9486702068972203,False,NS
ILMN_3002381,8.632084998113205,8.786742656410254,-0.15465765829704914,-0.49172508054939507,0.624417203271809,0.9486702068972203,False,NS
ILMN_3004335,8.537056500943393,8.7100138,-0.17295729905660728,-0.4882825188023748,0.6269830125280024,0.9486702068972203,False,NS
ILMN_3003225,8.570086007547168,8.393371184615383,0.17671482293178542,0.49254196802188194,0.6240587596528827,0.9486702068972203,False,NS
ILMN_3002321,8.808878742452828,8.662058107692307,0.14682063476052143,0.49024505735380197,0.6250894697549378,0.9486702068972203,False,NS
ILMN_3004707,8.465609540566037,8.645152851282054,-0.17954331071601715,-0.48767468579846024,0.6275848717522475,0.9486702068972203,False,NS
ILMN_3002521,8.56739634528302,8.715287533333331,-0.14789118805031087,-0.49171822816776445,0.6241757109171285,0.9486702068972203,False,NS
ILMN_3001259,8.293642713207547,8.145196612820511,0.14844610038703543,0.49323027479494314,0.623249892189872,0.9486702068972203,False,NS
ILMN_3002808,8.646039500000002,8.476292187179487,0.16974731282051536,0.48860864780932584,0.626712264097368,0.9486702068972203,False,NS
ILMN_3002851,8.441065174528303,8.272688538461539,0.168376636066764,0.48647901921008163,0.6281010691929788,0.9487931558806326,False,NS
ILMN_3004671,8.315483204716985,8.463376915384616,-0.14789371066763124,-0.4862394126567099,0.6283038365462317,0.9488128005832553,False,NS
ILMN_3001729,8.50877155849057,8.663470376923076,-0.15469881843250555,-0.4857141398185197,0.6285469500964855,0.9488933425369649,False,NS
ILMN_3003373,8.349816721698112,8.17186386153846,0.1779528601596514,0.48366003412935954,0.6304220278190285,0.9491448777763151,False,NS
ILMN_3001798,8.414959322641508,8.587432851282054,-0.17247352864054655,-0.48361251197572624,0.6303737537070551,0.9491448777763151,False,NS
ILMN_3003994,8.600587805660375,8.432519428205126,0.16806837745524916,0.48465552254089544,0.6294217582424367,0.9491448777763151,False,NS
ILMN_3000699,8.621532824528302,8.444655866666668,0.1768769578616336,0.48488437677671653,0.6294265414777723,0.9491448777763151,False,NS
ILMN_3001553,8.630222306603773,8.456322802564099,0.17389950403967447,0.4844518402426534,0.62948632343164,0.9491448777763151,False,NS
ILMN_3003964,8.37528866509434,8.526473371794873,-0.1511847067005334,-0.48394352066672147,0.6302825288848458,0.9491448777763151,False,NS
ILMN_3002520,8.500236114150946,8.33897071025641,0.1612654038945358,0.48409427773482944,0.6300827520074355,0.9491448777763151,False,NS
ILMN_3004260,8.433323419811321,8.597660394871793,-0.16433697506047196,-0.48523202466265986,0.6292066933808607,0.9491448777763151,False,NS
ILMN_3003098,8.690080859433957,8.864897651282051,-0.1748167918480945,-0.4837847613051828,0.6303493146030921,0.9491448777763151,False,NS
ILMN_3002621,8.340036821698115,8.18574643076923,0.1542903909288853,0.482277967539734,0.6310039622843842,0.9491636015108066,False,NS
ILMN_3002825,8.706694422641505,8.543868207692308,0.16282621494919702,0.4830493549806776,0.6306868016251165,0.9491636015108066,False,NS
ILMN_3002087,8.49580838773585,8.64787777948718,-0.15206939175132916,-0.48303913987512653,0.6308356144426529,0.9491636015108066,False,NS
ILMN_3001340,8.375866230188674,8.215210797435898,0.16065543275277605,0.48151121965998306,0.6317158052034142,0.9498160980119115,False,NS
ILMN_3004398,8.269257964150942,8.407165871794872,-0.13790790764393002,-0.4809761169273239,0.6318825502431132,0.9498160980119115,False,NS
ILMN_3003222,8.440380780188685,8.587867123076922,-0.1474863428882376,-0.48067815326422814,0.6320076316171259,0.9498160980119115,False,NS
ILMN_3000837,8.622630816981129,8.472565530769232,0.15006528621189652,0.4801411018624713,0.6326172213741298,0.9498647966310572,False,NS
ILMN_3004664,8.649861381132075,8.474023712820514,0.17583766831156034,0.47869770597950145,0.6339435658426137,0.9498647966310572,False,NS
ILMN_3004188,8.409171726415092,8.551830120512822,-0.1426583940977295,-0.4778392748420627,0.6341574818084249,0.9498647966310572,False,NS
ILMN_3001014,8.181065339622645,8.379284476923077,-0.19821913730043228,-0.4800468368863309,0.6330073318127178,0.9498647966310572,False,NS
ILMN_3002715,8.452110186792455,8.307468738461537,0.1446414483309173,0.477614111140513,0.6343197111902199,0.9498647966310572,False,NS
ILMN_3001020,8.377830736792454,8.545588284615384,-0.16775754782293006,-0.47944370794965085,0.6333251763394553,0.9498647966310572,False,NS
ILMN_3002480,8.581196817924528,8.41852674102564,0.16267007689888757,0.47874842405484946,0.6337476037775945,0.9498647966310572,False,NS
ILMN_3004834,8.775177600943396,8.608619312820512,0.16655828812288398,0.478506019962532,0.63382246761573,0.9498647966310572,False,NS
ILMN_3000795,8.646467025471699,8.786197294871794,-0.13973026940009525,-0.47869119662737025,0.6335639647006887,0.9498647966310572,False,NS
ILMN_3003249,8.501411556603772,8.634048194871793,-0.1326366382680213,-0.4800293184609705,0.6325967500934172,0.9498647966310572,False,NS
ILMN_3002937,8.79770934528302,8.60522126923077,0.19248807605224982,0.4805439618500179,0.6326099961227426,0.9498647966310572,False,NS
ILMN_3001852,8.608654785849058,8.449520382051283,0.15913440379777555,0.4799633492718448,0.6328000177626806,0.9498647966310572,False,NS
ILMN_3003020,8.661792638679243,8.499566320512818,0.1622263181664252,0.4771350196558868,0.6348699608264875,0.9498744547816823,False,NS
ILMN_3004401,8.435459214150946,8.584812561538461,-0.1493533473875157,-0.47713483052777705,0.6349563142272451,0.9498744547816823,False,NS
ILMN_3003550,8.352605673584907,8.50719866153846,-0.1545929879535528,-0.47762141796783986,0.634644376608663,0.9498744547816823,False,NS
ILMN_3004988,8.520296394339622,8.353285353846156,0.16701104049346682,0.47703231535451507,0.6350860604670328,0.9498744547816823,False,NS
ILMN_3003582,8.633950542452828,8.483441864102565,0.15050867835026338,0.4760888536594692,0.6353673670311353,0.9500110152977502,False,NS
ILMN_3000606,8.456837183018864,8.314883069230769,0.14195411378809553,0.4698978013691116,0.6397147683473763,0.9501442948268987,False,NS
ILMN_3004510,8.586554791509432,8.442073438461538,0.1444813530478939,0.4688814187918316,0.6403932189064107,0.9501442948268987,False,NS
ILMN_3003316,8.572026240566037,8.407265628205128,0.16476061236090978,0.47185613424665757,0.6385508918264037,0.9501442948268987,False,NS
ILMN_3001568,8.293429202830186,8.143433302564103,0.14999590026608267,0.4722694831120408,0.6382907477240742,0.9501442948268987,False,NS
ILMN_3000880,8.49181035754717,8.3299451974359,0.1618651601112706,0.46841363204742276,0.6409673412902258,0.9501442948268987,False,NS
ILMN_3001248,8.561358577358487,8.41884281025641,0.14251576710207736,0.47188000616371156,0.6382740713289271,0.9501442948268987,False,NS
ILMN_3004461,8.663052588679248,8.8287804,-0.16572781132075143,-0.4735778684255965,0.6372642446525032,0.9501442948268987,False,NS
ILMN_3001083,8.483195589622639,8.341335920512824,0.14185966910981485,0.4700080864200453,0.6397994296914324,0.9501442948268987,False,NS
ILMN_3001667,8.65890616226415,8.486054482051282,0.17285168021286879,0.47243483237895617,0.6383435444008967,0.9501442948268987,False,NS
ILMN_3003442,8.559137363207547,8.699708205128205,-0.14057084192065794,-0.4692315632686836,0.6403699546509412,0.9501442948268987,False,NS
ILMN_3000728,8.563357630188683,8.398969971794871,0.16438765839381198,0.4751553514076017,0.6362609044774231,0.9501442948268987,False,NS
ILMN_3000640,8.431564599056605,8.578880584615382,-0.14731598555877667,-0.4756513778733842,0.635669995007513,0.9501442948268987,False,NS
ILMN_3003822,8.66955131415094,8.523213407692309,0.14633790645863165,0.4689930370280062,0.6405415147700529,0.9501442948268987,False,NS
ILMN_3001139,8.610387222641512,8.459386856410257,0.1510003662312549,0.4704531409614101,0.6397204952137624,0.9501442948268987,False,NS
ILMN_3004789,8.66443324150943,8.5060249974359,0.15840824407353082,0.47138838370509334,0.6387130014990611,0.9501442948268987,False,NS
ILMN_3002836,8.673885437735848,8.529754028205128,0.14413140953072023,0.46961355248431585,0.6400046364116752,0.9501442948268987,False,NS
ILMN_3003544,8.396315161320754,8.538436515384614,-0.1421213540638604,-0.47426143645768437,0.6370393865267926,0.9501442948268987,False,NS
ILMN_3004372,8.547059558490567,8.69285439230769,-0.14579483381712421,-0.4685208595071058,0.6408027761235235,0.9501442948268987,False,NS
ILMN_3003567,8.427891642452828,8.282967202564103,0.14492443988872417,0.46952844273788086,0.6402403387186315,0.9501442948268987,False,NS
ILMN_3000923,8.52542515566038,8.365390007692307,0.16003514796807394,0.47518308471561416,0.6363621516715081,0.9501442948268987,False,NS
ILMN_3003374,8.28345998113208,8.466151094871794,-0.1826911137397147,-0.47393053042920086,0.6374486038695117,0.9501442948268987,False,NS
ILMN_3004220,8.434926997169812,8.283932930769229,0.15099406640058355,0.4722666593497869,0.6383765216357907,0.9501442948268987,False,NS
ILMN_3004559,8.455518823584905,8.605520176923076,-0.15000135333817077,-0.4685714688110531,0.6408825574962069,0.9501442948268987,False,NS
ILMN_3002550,8.56799006698113,8.418206817948716,0.14978324903241358,0.4732673465668959,0.6375319061118764,0.9501442948268987,False,NS
ILMN_3003047,8.350467966037737,8.497611141025642,-0.14714317498790486,-0.4744050135303197,0.6365465579101992,0.9501442948268987,False,NS
ILMN_3001504,8.418243872641508,8.581091707692309,-0.16284783505080114,-0.47426414780045106,0.6367825126606128,0.9501442948268987,False,NS
ILMN_3004877,8.491844239622644,8.655296723076924,-0.16345248345428054,-0.47570737871556945,0.6359892619857954,0.9501442948268987,False,NS
ILMN_3002247,8.349776622641512,8.517654946153847,-0.16787832351233511,-0.4708302890631269,0.639576690393338,0.9501442948268987,False,NS
ILMN_3004654,8.525190829245282,8.669172248717947,-0.14398141947266474,-0.4721846512498733,0.6381854853833503,0.9501442948268987,False,NS
ILMN_3001704,8.745106628301887,8.6134298,0.13167682830188632,0.46751646884861564,0.6414149686395735,0.950284130310745,False,NS
ILMN_3001058,8.458156816037738,8.601325251282052,-0.14316843524431455,-0.4676243195213302,0.6414417879597529,0.950284130310745,False,NS
ILMN_3001981,8.564732533018867,8.420568584615385,0.14416394840348268,0.4670060761927554,0.6419348459263412,0.9507328879240835,False,NS
ILMN_3000651,8.168546351886793,8.008178717948718,0.1603676339380744,0.466899650537501,0.6423024024828919,0.9509955618639205,False,NS
ILMN_3003036,8.5004638754717,8.342092756410258,0.1583711190614423,0.4664411600673066,0.6425852353629765,0.9511326751968273,False,NS
ILMN_3000686,8.486852686792451,8.308057420512823,0.1787952662796286,0.46588653737926017,0.6429590160023342,0.9511596748005947,False,NS
ILMN_3002206,8.5558064009434,8.689586743589741,-0.1337803426463413,-0.465047259478588,0.6433644040351223,0.9511596748005947,False,NS
ILMN_3003694,8.556735326415097,8.414386158974361,0.14234916744073622,0.46491211076275674,0.6433207881868279,0.9511596748005947,False,NS
ILMN_3001031,8.357991756603772,8.211651833333331,0.14633992327044076,0.46547146438187215,0.6430471196811737,0.9511596748005947,False,NS
ILMN_3002136,8.455613128301888,8.61239211025641,-0.15677898195452222,-0.46454110562534534,0.643769319540405,0.9514769724215267,False,NS
ILMN_3004675,8.458059854716982,8.311181243589745,0.14687861112723688,0.46393538656082783,0.6440911402489515,0.9516713065144083,False,NS
ILMN_3004705,8.612120691509434,8.47231837948718,0.1398023120222529,0.46347499988708096,0.6444067122682781,0.9518562958172496,False,NS
ILMN_3003482,8.760191433018866,8.62296694871795,0.1372244843009156,0.4540527160608957,0.6511127634305873,0.9519166851514013,False,NS
ILMN_3000608,8.417268896226414,8.295311748717946,0.12195714750846776,0.4548723028446793,0.6503747484841954,0.9519166851514013,False,NS
ILMN_3003433,8.592478344339622,8.733146674358974,-0.14066833001935208,-0.45364718823674405,0.6513504204580974,0.9519166851514013,False,NS
ILMN_3001428,8.2951744,8.146355074358976,0.14881932564102485,0.45360942783198527,0.6513021756597851,0.9519166851514013,False,NS
ILMN_3000704,8.633846853773587,8.787227582051283,-0.15338072827769622,-0.4600645274141303,0.6468331535539393,0.9519166851514013,False,NS
ILMN_3002627,8.397639200943399,8.55409894871795,-0.15645974777455152,-0.4548991466037383,0.6507001301087023,0.9519166851514013,False,NS
ILMN_3004833,8.634535383962263,8.484046325641028,0.15048905832123438,0.45346526400520476,0.6516723019522496,0.9519166851514013,False,NS
ILMN_3001857,8.600699100943398,8.755672915384615,-0.15497381444121672,-0.46250705108307877,0.6451722078960936,0.9519166851514013,False,NS
ILMN_3004254,8.616596778301885,8.475794094871798,0.14080268343008662,0.4525499668470488,0.6520725181354512,0.9519166851514013,False,NS
ILMN_3001462,8.719101968867923,8.555599912820513,0.16350205604740964,0.45910649261370445,0.647732077647835,0.9519166851514013,False,NS
ILMN_3003690,8.487588775471696,8.652216143589746,-0.16462736811804923,-0.4525100043948605,0.6524436960027704,0.9519166851514013,False,NS
ILMN_3003290,8.411200017924532,8.578849641025641,-0.1676496231011093,-0.45844711751328066,0.6482211448168127,0.9519166851514013,False,NS
ILMN_3004271,8.436061049056606,8.558000643589745,-0.12193959453313852,-0.45531790885043805,0.6499216354698178,0.9519166851514013,False,NS
ILMN_3001652,8.581008516981132,8.460153184615386,0.1208553323657462,0.4555587157821427,0.6498343351229074,0.9519166851514013,False,NS
ILMN_3004630,8.624348199056604,8.797643384615384,-0.17329518555878032,-0.45958775890026177,0.6476628875668669,0.9519166851514013,False,NS
ILMN_3002733,8.510251391509435,8.654730207692308,-0.14447881618287362,-0.4598375998328125,0.6468696599893407,0.9519166851514013,False,NS
ILMN_3004888,8.376905332075472,8.215942494871795,0.16096283720367666,0.4597439516632337,0.6471510894798919,0.9519166851514013,False,NS
ILMN_3000585,8.577492783962263,8.404952043589743,0.17254074037252032,0.4532619818697409,0.6520453549887988,0.9519166851514013,False,NS
ILMN_3000604,8.598192189622644,8.761417820512818,-0.1632256308901745,-0.45234964686392964,0.6524326174872571,0.9519166851514013,False,NS
ILMN_3004096,8.69092155660377,8.827336123076922,-0.1364145664731513,-0.4552175381273254,0.6502045317645457,0.9519166851514013,False,NS
ILMN_3002883,8.325221161320753,8.202721858974359,0.1224993023463945,0.45817077484618457,0.6481092071880095,0.9519166851514013,False,NS
ILMN_3002791,8.18301543584906,8.350982464102561,-0.16796702825350174,-0.46112644349282517,0.6462530997879316,0.9519166851514013,False,NS
ILMN_3000518,8.636412145283018,8.81240685897436,-0.1759947136913418,-0.4579485140350141,0.6486424383064258,0.9519166851514013,False,NS
ILMN_3002036,8.507861765094344,8.666485138461539,-0.15862337336719534,-0.4587563943110773,0.647915784561317,0.9519166851514013,False,NS
ILMN_3001060,8.623243864150943,8.459175943589743,0.1640679205611999,0.4533539244996511,0.651903877629481,0.9519166851514013,False,NS
ILMN_3000687,8.627463925471702,8.455263120512821,0.17220080495888013,0.45636641773610004,0.6499400502913787,0.9519166851514013,False,NS
ILMN_3003820,8.261753092452832,8.40792035897436,-0.14616726652152856,-0.4542878032440406,0.6511267079576958,0.9519166851514013,False,NS
ILMN_3004794,8.510644499056601,8.353368169230768,0.15727632982583373,0.4606700537414224,0.6464847615102166,0.9519166851514013,False,NS
ILMN_3001096,8.706813453773586,8.568103612820513,0.13870984095307293,0.4604812913261168,0.6464216796789055,0.9519166851514013,False,NS
ILMN_3004662,8.411359961320759,8.261639838461539,0.14972012285921998,0.45689671739193227,0.6490989119509053,0.9519166851514013,False,NS
ILMN_3002607,8.41690982169811,8.56827532051282,-0.15136549881470884,-0.4628027196951394,0.6449684804197379,0.9519166851514013,False,NS
ILMN_3001898,8.455485791509435,8.295586328205127,0.15989946330430804,0.45467625426522323,0.6509854900549723,0.9519166851514013,False,NS
ILMN_3002822,8.606529119811318,8.448685335897435,0.15784378391388287,0.456579588808691,0.6493164249133919,0.9519166851514013,False,NS
ILMN_3001516,8.777655047169807,8.619743897435896,0.15791114973391096,0.4620912021439065,0.6454143098378821,0.9519166851514013,False,NS
ILMN_3001164,8.562074272641507,8.411248807692308,0.15082546494919846,0.45462022821314135,0.6508779169429881,0.9519166851514013,False,NS
ILMN_3003570,8.842864510377355,8.697148756410256,0.14571575396709946,0.45918792331916897,0.6475100200515239,0.9519166851514013,False,NS
ILMN_3001133,8.46203003490566,8.61719915128205,-0.1551691163763902,-0.4615481275288172,0.6458333536049439,0.9519166851514013,False,NS
ILMN_3003178,8.822613206603776,8.65920973076923,0.16340347583454573,0.45611507146199104,0.6498226478857249,0.9519166851514013,False,NS
ILMN_3000665,8.591029716981131,8.442646743589744,0.14838297339138684,0.46014783565714934,0.646855644864152,0.9519166851514013,False,NS
ILMN_3003396,8.697943683018865,8.550885256410258,0.14705842660860746,0.46259713021559495,0.6450635987626268,0.9519166851514013,False,NS
ILMN_3001486,8.682184729245288,8.528214558974359,0.15397017027092907,0.45507388318415437,0.6504775547246421,0.9519166851514013,False,NS
ILMN_3002232,8.379493011320756,8.24513131025641,0.1343617010643463,0.4534276492909688,0.6515230082494179,0.9519166851514013,False,NS
ILMN_3003548,8.563561931132076,8.406012328205128,0.15754960292694875,0.44335142048392945,0.6591360991410548,0.952073087736238,False,NS
ILMN_3004386,8.586530851886797,8.449095851282053,0.13743500060474467,0.4425536856520182,0.6594309845702301,0.952073087736238,False,NS
ILMN_3000826,8.773909650943398,8.611286858974356,0.16262279196904217,0.4514864772355458,0.6531658245431046,0.952073087736238,False,NS
ILMN_3001165,8.793204853773583,8.648688876923076,0.14451597685050643,0.4417999878063873,0.6599956177965551,0.952073087736238,False,NS
ILMN_3001966,8.397681236792454,8.556342079487179,-0.15866084269472402,-0.44562649352280065,0.6573792326676218,0.952073087736238,False,NS
ILMN_3001991,8.541443848113207,8.39152033846154,0.14992350965166779,0.4504002457817272,0.6538391245841778,0.952073087736238,False,NS
ILMN_3003156,8.59195044245283,8.472434982051281,0.11951546040154959,0.4381961536448792,0.6623851315359834,0.952073087736238,False,NS
ILMN_3002394,8.578302020754712,8.703867994871795,-0.12556597411708204,-0.43882479328484736,0.662244754536718,0.952073087736238,False,NS
ILMN_3001721,8.593387966037735,8.713830776923077,-0.1204428108853417,-0.4416301608637097,0.6598909914866188,0.952073087736238,False,NS
ILMN_3004211,8.43698841792453,8.583227917948719,-0.14623950002418873,-0.4431362657834299,0.6591473058666583,0.952073087736238,False,NS
ILMN_3002354,8.685526906603775,8.81968901025641,-0.1341621036526348,-0.4469259390328662,0.6561488778327548,0.952073087736238,False,NS
ILMN_3003506,8.3617991009434,8.49947987948718,-0.13768077854378014,-0.4426234888431977,0.6593905256476891,0.952073087736238,False,NS
ILMN_3003019,8.86501151509434,8.695300630769228,0.16971088432511117,0.4401851781149285,0.6615250094660673,0.952073087736238,False,NS
ILMN_3000612,8.647268128301883,8.497358246153844,0.14990988214803913,0.4364320731491339,0.6640430283558496,0.952073087736238,False,NS
ILMN_3003915,8.570593333018868,8.43361330769231,0.13698002532655806,0.44240783950673196,0.6596726033444715,0.952073087736238,False,NS
ILMN_3000872,8.626666796226415,8.762789082051285,-0.13612228582486985,-0.44124722072224387,0.6604110131146402,0.952073087736238,False,NS
ILMN_3001046,8.416083438679246,8.547891984615383,-0.13180854593613667,-0.43739654632413505,0.6631810523259949,0.952073087736238,False,NS
ILMN_3003489,8.6000924245283,8.730755664102563,-0.13066323957426285,-0.4435929148323624,0.6586077002856223,0.952073087736238,False,NS
ILMN_3004228,8.680179432075475,8.525537556410253,0.15464187566522192,0.4482906058269323,0.6555593504143643,0.952073087736238,False,NS
ILMN_3004195,8.574239610377358,8.720933397435898,-0.14669378705854008,-0.4389488490022865,0.6621695913350855,0.952073087736238,False,NS
ILMN_3004417,8.373215979245284,8.214671356410259,0.15854462283502535,0.445549132937693,0.6574716306455736,0.952073087736238,False,NS
ILMN_3002568,8.640853838679243,8.515274505128206,0.12557933355103756,0.44382520407865395,0.6583103901648326,0.952073087736238,False,NS
ILMN_3004772,8.444837903773582,8.58569702820513,-0.14085912443154847,-0.43902917823317816,0.6618567142884263,0.952073087736238,False,NS
ILMN_3004159,8.318521226415093,8.471332835897437,-0.1528116094823435,-0.44913593523587986,0.6549300307234469,0.952073087736238,False,NS
ILMN_3003118,8.759635246226413,8.612367051282051,0.1472681949443615,0.44077044379185004,0.660980768876014,0.952073087736238,False,NS
ILMN_3000784,8.38800305283019,8.256810133333335,0.1311929194968542,0.4368554676117946,0.6634510756124984,0.952073087736238,False,NS
ILMN_3003768,8.404278257547167,8.245707915384616,0.15857034216255173,0.44654911929848423,0.6566291673814609,0.952073087736238,False,NS
ILMN_3001833,8.504232555660378,8.658885364102563,-0.15465280844218476,-0.4398711018400712,0.6614396431476592,0.952073087736238,False,NS
ILMN_3000688,8.120157449999997,8.250112187179488,-0.12995473717949046,-0.44459860637068105,0.6577150719320876,0.952073087736238,False,NS
ILMN_3000897,8.389136642452828,8.532851543589743,-0.14371490113691543,-0.44280129434014404,0.6593474568086156,0.952073087736238,False,NS
ILMN_3003109,8.783498228301893,8.649353294871794,0.1341449334300986,0.43985590477130393,0.661165918808034,0.952073087736238,False,NS
ILMN_3000617,8.57049516981132,8.40429722820513,0.16619794160619072,0.447079709702066,0.6565837970150274,0.952073087736238,False,NS
ILMN_3003076,8.404341734905659,8.550064430769229,-0.14572269586357045,-0.4430053235655983,0.6593919400765315,0.952073087736238,False,NS
ILMN_3003945,8.397626714150944,8.548922466666669,-0.15129575251572547,-0.442154359441396,0.65990359972586,0.952073087736238,False,NS
ILMN_3001663,8.591969174528304,8.458664943589744,0.1333042309385597,0.448860097246898,0.6549609448214537,0.952073087736238,False,NS
ILMN_3001879,8.640031851886793,8.500890894871791,0.13914095701500173,0.4384964154655741,0.6624261649173291,0.952073087736238,False,NS
ILMN_3001851,8.289879262264153,8.416166184615387,-0.12628692235123395,-0.4477888716043218,0.6557380403124554,0.952073087736238,False,NS
ILMN_3003993,8.53704024622642,8.39578729230769,0.14125295391873038,0.443822129700145,0.6585123481765512,0.952073087736238,False,NS
ILMN_3003975,8.58432831698113,8.43811765128205,0.1462106656990798,0.43732915549246215,0.6633672837458066,0.952073087736238,False,NS
ILMN_3001630,8.463614757547168,8.334479207692306,0.12913554985486186,0.4362799228006304,0.6638650016751635,0.952073087736238,False,NS
ILMN_3000749,8.58175281698113,8.74024075128205,-0.15848793430092023,-0.4420550498898292,0.6599864269534855,0.952073087736238,False,NS
ILMN_3004906,8.485407516981132,8.608610230769232,-0.12320271378809977,-0.4362764313473729,0.6639890519211378,0.952073087736238,False,NS
ILMN_3001544,8.495278730188678,8.34882062307692,0.14645810711175855,0.45175690956827486,0.6529799324460164,0.952073087736238,False,NS
ILMN_3004508,8.774428751886793,8.623331897435895,0.15109685445089838,0.43675351533307216,0.6636863518145685,0.952073087736238,False,NS
ILMN_3000885,8.750659258490563,8.61585194102564,0.13480731746492225,0.43606311935395864,0.6641661860047996,0.952073087736238,False,NS
ILMN_3004065,8.16082770943396,8.302859569230769,-0.1420318597968091,-0.4400036904674591,0.6613427345894236,0.952073087736238,False,NS
ILMN_3003360,8.355172254716983,8.509415500000001,-0.15424324528301803,-0.4428218973273455,0.6593642800862366,0.952073087736238,False,NS
ILMN_3002762,8.557801650943398,8.420196733333334,0.137604917610064,0.4426092279214834,0.6594269801379118,0.952073087736238,False,NS
ILMN_3002852,8.512985870754715,8.638233256410258,-0.12524738565554294,-0.4461806626267553,0.6565882530005528,0.952073087736238,False,NS
ILMN_3000560,8.593042068867923,8.441281348717947,0.15176072014997644,0.44636712211914165,0.6568028482432164,0.952073087736238,False,NS
ILMN_3002241,8.34681421509434,8.194797525641023,0.15201668945331726,0.4399508248580841,0.6613403568637479,0.952073087736238,False,NS
ILMN_3004538,8.285658816037738,8.42823925897436,-0.1425804429366213,-0.4411689159566643,0.6605402590293509,0.952073087736238,False,NS
ILMN_3004532,8.689528644339624,8.56932237948718,0.12020626485244534,0.4468959094020484,0.6559765198475408,0.952073087736238,False,NS
ILMN_3001483,8.561674681132075,8.409116638461539,0.1525580426705364,0.4384491555374676,0.6625858932359807,0.952073087736238,False,NS
ILMN_3002716,8.492239884905658,8.355183423076923,0.13705646182873465,0.43772536453153077,0.6627094122979872,0.952073087736238,False,NS
ILMN_3003355,8.71536751415094,8.566248310256409,0.14911920389453037,0.44610053145813283,0.6569099805075113,0.952073087736238,False,NS
ILMN_3003852,8.369947427358488,8.49205514871795,-0.12210772135946257,-0.4469100595967329,0.6560685151131397,0.952073087736238,False,NS
ILMN_3001393,8.521900907547169,8.682198392307697,-0.16029748476052852,-0.44648211962266365,0.6568612135969165,0.952073087736238,False,NS
ILMN_3002963,8.48117844811321,8.638918905128204,-0.1577404570149934,-0.4454291384782178,0.6576267968225822,0.952073087736238,False,NS
ILMN_3002066,8.504302375471697,8.633919805128201,-0.1296174296565038,-0.4384094659375411,0.6622323285576457,0.952073087736238,False,NS
ILMN_3002028,8.550547456603775,8.408591725641026,0.14195573096274927,0.44434264613793273,0.6582741046926515,0.952073087736238,False,NS
ILMN_3001803,8.344197618867923,8.20002735897436,0.14417025989356347,0.43580291849246533,0.6645417525464931,0.9523384244002481,False,NS
ILMN_3001328,8.821017512264152,8.962987297435896,-0.14196978517174408,-0.43496294307112804,0.6649324954270037,0.9524627439839002,False,NS
ILMN_3002300,8.608454226415096,8.750427387179487,-0.14197316076439037,-0.4349087593734418,0.6650094878495592,0.9524627439839002,False,NS
ILMN_3004326,8.620546596226417,8.757670166666667,-0.13712357044025048,-0.43429774551001943,0.6652647196994049,0.9524749358601208,False,NS
ILMN_3004778,8.7284793009434,8.867327502564104,-0.13884820162070355,-0.4332260066590607,0.6661703657484424,0.9524749358601208,False,NS
ILMN_3003937,8.681697112264152,8.513678220512823,0.16801889175132878,0.4325005070300876,0.6668638764527289,0.9524749358601208,False,NS
ILMN_3002800,8.763744026415095,8.62372358205128,0.1400204443638149,0.43212234072408756,0.6669229500892566,0.9524749358601208,False,NS
ILMN_3004614,8.63546630849057,8.488872823076925,0.1465934854136446,0.4325256682832437,0.6666481838135316,0.9524749358601208,False,NS
ILMN_3003771,8.631201016037734,8.77695541282051,-0.14575439678277569,-0.4336277571103764,0.6659312845621249,0.9524749358601208,False,NS
ILMN_3004730,8.60531482830189,8.76425947179487,-0.15894464349298154,-0.4336066426921715,0.6660570877981109,0.9524749358601208,False,NS
ILMN_3001935,8.505420561320754,8.367867697435894,0.13755286388486,0.4326144202221468,0.6664607585793823,0.9524749358601208,False,NS
ILMN_3003611,8.538213779245284,8.690754294871796,-0.15254051562651227,-0.4342573954052284,0.6655727786284412,0.9524749358601208,False,NS
ILMN_3002726,8.57825627735849,8.720133364102562,-0.1418770867440724,-0.4334227540145728,0.6661223753832276,0.9524749358601208,False,NS
ILMN_3004204,8.849584403773584,8.689987828205128,0.15959657556845563,0.4313135798547658,0.6677252324217032,0.9524850970615388,False,NS
ILMN_3004212,8.62865533396226,8.756082510256412,-0.12742717629415168,-0.43011625942935183,0.6684380384953474,0.9524850970615388,False,NS
ILMN_3003902,8.551174129245284,8.695033930769231,-0.14385980152394673,-0.431626578479288,0.6673093108216548,0.9524850970615388,False,NS
ILMN_3004700,8.919346256603772,8.770870976923078,0.14847527968069407,0.43033024986856444,0.668338130273443,0.9524850970615388,False,NS
ILMN_3003493,8.475701587735848,8.326578551282049,0.14912303645379943,0.43115957992764636,0.6677286453918463,0.9524850970615388,False,NS
ILMN_3003759,8.46315140283019,8.633919884615388,-0.17076848178519732,-0.4308089774050301,0.6682606186749576,0.9524850970615388,False,NS
ILMN_3004506,8.41723277924528,8.55528805128205,-0.1380552720367696,-0.4300282501040562,0.668454041117788,0.9524850970615388,False,NS
ILMN_3000746,8.498652197169811,8.628303876923074,-0.12965167975326253,-0.4307175660732846,0.6679139803760212,0.9524850970615388,False,NS
ILMN_3004688,8.378476311320755,8.529567279487178,-0.15109096816642342,-0.42980042313682565,0.6688849611021942,0.9524923129576953,False,NS
ILMN_3000701,8.090523205660384,8.219914110256411,-0.1293909045960273,-0.42966653063454874,0.668649835791811,0.9524923129576953,False,NS
ILMN_3000998,8.455068204716977,8.301729289743589,0.15333891497338747,0.4295894978398582,0.6690306006214852,0.9524923129576953,False,NS
ILMN_3003208,8.291718654716979,8.152956333333332,0.13876232138364664,0.4292246583601014,0.6692410274249061,0.9525206766651098,False,NS
ILMN_3004907,8.396029646226415,8.52421988205128,-0.12819023582486544,-0.41157130789275,0.6817094908238923,0.9525321413305503,False,NS
ILMN_3002737,8.589204438679246,8.747282207692304,-0.15807776901305814,-0.4265980602268031,0.6711956580711973,0.9525321413305503,False,NS
ILMN_3002781,8.546723494339622,8.681197112820513,-0.13447361848089123,-0.40843368740868446,0.6843313359306226,0.9525321413305503,False,NS
ILMN_3002809,8.515277781132076,8.651901125641027,-0.1366233445089513,-0.42605595885028386,0.6713335951133989,0.9525321413305503,False,NS
ILMN_3000504,8.393492474528301,8.54466764871795,-0.15117517418964788,-0.4245235351783041,0.6725340379323957,0.9525321413305503,False,NS
ILMN_3001434,8.435803941509436,8.298806456410258,0.13699748509917775,0.42812098826152956,0.670024321096577,0.9525321413305503,False,NS
ILMN_3003951,8.421219458490569,8.27676012820513,0.14445933028543934,0.40736408692568515,0.6849803063365866,0.9525321413305503,False,NS
ILMN_3004517,8.654020757547173,8.529652474358976,0.12436828318819693,0.42338514607581135,0.6732703457131959,0.9525321413305503,False,NS
ILMN_3003405,8.701187467924528,8.862572325641025,-0.1613848577164969,-0.41794978501224034,0.6775525869477015,0.9525321413305503,False,NS
ILMN_3004499,8.276038668867924,8.414868764102563,-0.1388300952346384,-0.415079106361169,0.6794933409423126,0.9525321413305503,False,NS
ILMN_3003317,8.684817920754716,8.543314020512822,0.14150390024189363,0.40703430779050886,0.6854537844926457,0.9525321413305503,False,NS
ILMN_3001554,8.454673826415094,8.600151776923079,-0.14547795050798484,-0.41434829776328824,0.6800646470964695,0.9525321413305503,False,NS
ILMN_3001509,8.50667893018868,8.656799725641028,-0.1501207954523469,-0.4198704061388734,0.6758575462932247,0.9525321413305503,False,NS
ILMN_3001051,8.646347097169812,8.517784379487178,0.12856271768263383,0.4196946839552172,0.6758601152720589,0.9525321413305503,False,NS
ILMN_3003946,8.51705924245283,8.377829133333336,0.13923010911949518,0.4203089034412414,0.6757494231784315,0.9525321413305503,False,NS
ILMN_3001854,8.505092015094338,8.363757748717951,0.14133426637638635,0.4157633550396189,0.678979622916115,0.9525321413305503,False,NS
ILMN_3001602,8.770164275471698,8.916101384615384,-0.14593710914368607,-0.4181558092400613,0.6773782991107694,0.9525321413305503,False,NS
ILMN_3003958,8.437892053773586,8.29292457948718,0.14496747428640688,0.41920578735585096,0.6762943924128288,0.9525321413305503,False,NS
ILMN_3003969,8.469511676415095,8.304347702564103,0.16516397385099246,0.4246622087081403,0.6726072820065289,0.9525321413305503,False,NS
ILMN_3002469,8.555807872641513,8.70051756923077,-0.14470969658925803,-0.41789869783920064,0.6773159328938293,0.9525321413305503,False,NS
ILMN_3001263,8.573108020754718,8.730662269230768,-0.1575542484760497,-0.4287837546431691,0.6695264804585886,0.9525321413305503,False,NS
ILMN_3000901,8.471963552830188,8.339152946153844,0.13281060667634392,0.4159313910342323,0.6787566036901325,0.9525321413305503,False,NS
ILMN_3002262,8.54555645943396,8.672985505128205,-0.12742904569424418,-0.40825874322510713,0.6844449673201614,0.9525321413305503,False,NS
ILMN_3001376,8.570463786792452,8.421769905128203,0.1486938816642489,0.42170430558285465,0.6746874094621201,0.9525321413305503,False,NS
ILMN_3003113,8.504743098113211,8.635630112820511,-0.1308870147072998,-0.4150316652626968,0.679198251073891,0.9525321413305503,False,NS
ILMN_3003665,8.622881391509438,8.4855975,0.13728389150943698,0.4108682622460651,0.6824030133991175,0.9525321413305503,False,NS
ILMN_3001884,8.528244864150944,8.389185112820513,0.13905975133043036,0.42354283161109335,0.6733404899511032,0.9525321413305503,False,NS
ILMN_3001427,8.660033465094342,8.52751284102564,0.13252062406870202,0.4148078602132866,0.6796079705079424,0.9525321413305503,False,NS
ILMN_3004758,8.566691119811324,8.433745443589741,0.13294567622158304,0.4259019524410155,0.6713425757201796,0.9525321413305503,False,NS
ILMN_3001802,8.614182532075473,8.466459417948716,0.14772311412675698,0.41933316214121824,0.6763370123274984,0.9525321413305503,False,NS
ILMN_3001846,8.49223058679245,8.63627482051282,-0.14404423372037023,-0.4091062129228602,0.6837238964746687,0.9525321413305503,False,NS
ILMN_3000876,8.436996083962262,8.319798958974358,0.11719712498790358,0.42568635195832066,0.671595202273772,0.9525321413305503,False,NS
ILMN_3002277,8.22963643490566,8.361721851282052,-0.13208541637639293,-0.41001134538213335,0.6831933703506652,0.9525321413305503,False,NS
ILMN_3002273,8.53659375188679,8.658422430769232,-0.12182867888244253,-0.4257046106390092,0.6714897035627395,0.9525321413305503,False,NS
ILMN_3002660,8.679186829245284,8.811942017948715,-0.13275518870343106,-0.40949158845909833,0.6834034567558107,0.9525321413305503,False,NS
ILMN_3002278,8.638375280188676,8.507305215384616,0.13107006480406014,0.4089961363555432,0.6839171685769352,0.9525321413305503,False,NS
ILMN_3003940,8.50702856981132,8.649545317948718,-0.1425167481373979,-0.41276711918837383,0.6810825225348686,0.9525321413305503,False,NS
ILMN_3003924,8.340329717924535,8.4973693,-0.1570395820754662,-0.42073530514724405,0.6754275339568216,0.9525321413305503,False,NS
ILMN_3001067,8.713849814150946,8.569559638461541,0.14429017568940417,0.4264393146066035,0.671247402306744,0.9525321413305503,False,NS
ILMN_3002276,8.675331490566037,8.813327256410256,-0.13799576584421835,-0.4093019473338288,0.6837699613368962,0.9525321413305503,False,NS
ILMN_3002269,8.657803700000002,8.795822402564102,-0.13801870256409998,-0.4185435454381971,0.6768013952864037,0.9525321413305503,False,NS
ILMN_3002671,8.477206607547169,8.354577066666666,0.12262954088050293,0.4134207496837668,0.6803098031740773,0.9525321413305503,False,NS
ILMN_3004855,8.44089953584906,8.586591643589744,-0.1456921077406843,-0.4207650761461691,0.6753732640733288,0.9525321413305503,False,NS
ILMN_3004843,8.563871638679242,8.445725135897435,0.11814650278180672,0.4062820891853734,0.6856895609151044,0.9525321413305503,False,NS
ILMN_3004482,8.605993281132072,8.480820707692308,0.12517257343976418,0.4071050601197708,0.6848921609022675,0.9525321413305503,False,NS
ILMN_3002074,8.323227104716981,8.47287602820513,-0.14964892348814907,-0.416591614298401,0.6782793670249407,0.9525321413305503,False,NS
ILMN_3000886,8.714051359433961,8.576720148717952,0.13733121071600962,0.41824623813650863,0.6770575201206055,0.9525321413305503,False,NS
ILMN_3001385,8.331179907547172,8.188297825641026,0.14288208190614604,0.4136620096380934,0.6806578548423784,0.9525321413305503,False,NS
ILMN_3004793,8.592113216981138,8.472936764102565,0.11917645287857326,0.4066071078547603,0.6855773472080903,0.9525321413305503,False,NS
ILMN_3002953,8.407248379245283,8.560390225641026,-0.15314184639574258,-0.414399883456107,0.6800074746719095,0.9525321413305503,False,NS
ILMN_3003520,8.818485185849054,8.956161258974362,-0.1376760731253075,-0.42444650269167356,0.6725799324620273,0.9525321413305503,False,NS
ILMN_3004437,8.449328767924529,8.316222264102562,0.13310650382196698,0.41762784193955943,0.6774664644845722,0.9525321413305503,False,NS
ILMN_3002954,8.646928264150944,8.788050774358975,-0.14112251020803157,-0.4161283649262175,0.67883857727235,0.9525321413305503,False,NS
ILMN_3003224,8.623753720754715,8.492129646153845,0.1316240746008699,0.42291245410137035,0.6734809108427741,0.9525321413305503,False,NS
ILMN_3003210,8.243733988679244,8.38946645641026,-0.14573246773101545,-0.42464416963947954,0.6725728734798396,0.9525321413305503,False,NS
ILMN_3003845,8.659153932075473,8.802448456410255,-0.14329452433478274,-0.41745339346520766,0.6776480701979583,0.9525321413305503,False,NS
ILMN_3003003,8.655296563207544,8.516215125641024,0.1390814375665208,0.4115232945194314,0.6819713928370256,0.9525321413305503,False,NS
ILMN_3003173,8.426166222641509,8.569760048717947,-0.14359382607643845,-0.4131195573546247,0.680879303987606,0.9525321413305503,False,NS
ILMN_3003166,8.428312109433959,8.556652184615382,-0.12834007518142343,-0.42394046633247523,0.6727924880791033,0.9525321413305503,False,NS
ILMN_3001951,8.543505801886788,8.416063546153843,0.12744225573294443,0.40817918058516794,0.6843306171049758,0.9525321413305503,False,NS
ILMN_3003651,8.147422766037735,8.259764166666665,-0.11234140062892983,-0.4224266341254668,0.67372216921187,0.9525321413305503,False,NS
ILMN_3001807,8.503269599056603,8.627344733333334,-0.12407513427673145,-0.41173684247142167,0.6817169662326712,0.9525321413305503,False,NS
ILMN_3001208,8.514662521698117,8.66605922820513,-0.15139670650701298,-0.4208198906390459,0.6753394233834191,0.9525321413305503,False,NS
ILMN_3004221,8.368084696226415,8.513924733333333,-0.14584003710691817,-0.4078944478378703,0.6847367724353021,0.9525321413305503,False,NS
ILMN_3001728,8.409548839622643,8.547112317948718,-0.13756347832607574,-0.4078073059052359,0.68477741304011,0.9525321413305503,False,NS
ILMN_3001367,8.61253819433962,8.747037746153845,-0.13449955181422446,-0.4232196839528503,0.6733384165648033,0.9525321413305503,False,NS
ILMN_3004181,8.297176958490564,8.42297527948718,-0.1257983209966156,-0.4216060737312464,0.6747135315718218,0.9525321413305503,False,NS
ILMN_3000812,8.511609565094341,8.373308353846154,0.13830121124818717,0.4280952208514467,0.6698068293844291,0.9525321413305503,False,NS
ILMN_3000827,8.482587130188678,8.612368120512823,-0.1297809903241447,-0.4069773878988408,0.6851798614416552,0.9525321413305503,False,NS
ILMN_3003194,8.701968905660376,8.55378644871795,0.1481824569424255,0.4088368420505368,0.6839022517225375,0.9525321413305503,False,NS
ILMN_3003186,8.35103570471698,8.230134694871793,0.12090100984518592,0.4113158077836778,0.6821013393048365,0.9525321413305503,False,NS
ILMN_3001955,8.586341137735849,8.721949910256411,-0.13560877252056258,-0.40705518624951625,0.6854014045965838,0.9525321413305503,False,NS
ILMN_3001945,8.353862006603777,8.515464364102566,-0.16160235749878993,-0.41038501607891265,0.6829750128484542,0.9525321413305503,False,NS
ILMN_3001961,8.736461035849057,8.59888162820513,0.13757940764392806,0.4190237097608517,0.6764393196046585,0.9525321413305503,False,NS
ILMN_3001988,8.449221497169807,8.579260566666663,-0.13003906949685629,-0.40983012961787346,0.6832234640770276,0.9525321413305503,False,NS
ILMN_3003310,8.710377266981132,8.571375402564103,0.139001864417029,0.4141639401673609,0.6802391177358587,0.9525321413305503,False,NS
ILMN_3000943,8.413992110377361,8.274940374358977,0.13905173601838428,0.41697354960488736,0.6780276025800429,0.9525321413305503,False,NS
ILMN_3002901,8.56156711226415,8.66903211025641,-0.10746499799225973,-0.41297029456489837,0.6807152576342606,0.9525321413305503,False,NS
ILMN_3004851,8.36259673396226,8.501185648717948,-0.13858891475568846,-0.40620271886938725,0.6858231417579962,0.9525321413305503,False,NS
ILMN_3004922,8.548165976415094,8.413675987179488,0.13448998923560573,0.41692506943207197,0.6781334014804246,0.9525321413305503,False,NS
ILMN_3004885,8.343980488679247,8.474474892307693,-0.13049440362844678,-0.42436556885792864,0.6726043615397941,0.9525321413305503,False,NS
ILMN_3000569,8.28190873207547,8.407646115384617,-0.12573738330914708,-0.41630406563301187,0.6784429382425573,0.9525321413305503,False,NS
ILMN_3002843,8.360276148113208,8.20610104102564,0.15417510708756765,0.41898062237300926,0.6769246806681627,0.9525321413305503,False,NS
ILMN_3002839,8.677379483962264,8.541412730769228,0.13596675319303664,0.4065104562085736,0.6856888463711672,0.9525321413305503,False,NS
ILMN_3003336,8.67507697264151,8.529323364102565,0.1457536085389446,0.42355408575453796,0.6732510748473493,0.9525321413305503,False,NS
ILMN_3001541,8.5478988990566,8.689971535897437,-0.1420726368408367,-0.4233195434137413,0.6733204953359205,0.9525321413305503,False,NS
ILMN_3004062,8.425602969811322,8.277359102564102,0.1482438672472206,0.41778180237540835,0.6776104695281545,0.9525321413305503,False,NS
ILMN_3004018,8.597296502830186,8.720806574358972,-0.12351007152878601,-0.4028071653351419,0.6881789737854833,0.9532842367985426,False,NS
ILMN_3003350,8.397369375471698,8.253151874358974,0.14421750111272402,0.39612842319181246,0.6933497182794502,0.9532842367985426,False,NS
ILMN_3000583,8.572943353773585,8.455282107692309,0.11766124608127626,0.397743718057294,0.6919305837519723,0.9532842367985426,False,NS
ILMN_3002767,8.958959762264149,9.089977212820514,-0.1310174505563655,-0.4030728491266896,0.6880059200970201,0.9532842367985426,False,NS
ILMN_3000572,8.580399848113203,8.460029715384616,0.12037013272858665,0.3951747996484236,0.693990924389339,0.9532842367985426,False,NS
ILMN_3003044,8.769668859433963,8.631675120512822,0.13799373892114097,0.39880516526922255,0.6913118258781799,0.9532842367985426,False,NS
ILMN_3002989,8.528666745283015,8.656784953846156,-0.1281182085631407,-0.4004285633696369,0.6900038413013924,0.9532842367985426,False,NS
ILMN_3004554,8.520848743396229,8.394518287179489,0.12633045621674022,0.40089908173668254,0.6897067279157053,0.9532842367985426,False,NS
ILMN_3002170,8.405839728301887,8.526332046153843,-0.1204923178519568,-0.3974529997591855,0.6921087009693804,0.9532842367985426,False,NS
ILMN_3002984,8.517205966981132,8.374566100000001,0.1426398669811313,0.40224767103764564,0.6888998579409887,0.9532842367985426,False,NS
ILMN_3003196,8.677924214150947,8.535277812820512,0.1426464013304347,0.3974734106318415,0.6922189343020573,0.9532842367985426,False,NS
ILMN_3001160,8.648857426415097,8.503779353846154,0.14507807256894267,0.3961479630777453,0.6933411690348916,0.9532842367985426,False,NS
ILMN_3001168,8.141526889622643,8.269641776923079,-0.12811488730043585,-0.4014945584808164,0.6892085393743536,0.9532842367985426,False,NS
ILMN_3001171,8.672734016981128,8.81445483333333,-0.14172081635220302,-0.39590885285685373,0.6935476842286509,0.9532842367985426,False,NS
ILMN_3004773,8.553903911320754,8.399875869230767,0.15402804208998688,0.4010468717391873,0.6899087571101836,0.9532842367985426,False,NS
ILMN_3003618,8.627883573584906,8.770292451282051,-0.14240887769714483,-0.4049283970396555,0.6868650793886991,0.9532842367985426,False,NS
ILMN_3001731,8.768986888679244,8.9166578,-0.1476709113207555,-0.39584842421462507,0.6935828408389297,0.9532842367985426,False,NS
ILMN_3001993,8.760379376415091,8.63650128974359,0.12387808667150146,0.39566941805266115,0.6935266170790154,0.9532842367985426,False,NS
ILMN_3003074,8.489269479245284,8.620783458974362,-0.1315139797290783,-0.3991943438320074,0.6912132415996848,0.9532842367985426,False,NS
ILMN_3003075,8.182567985849058,8.066610630769231,0.11595735507982674,0.39630274641255336,0.6929013414022057,0.9532842367985426,False,NS
ILMN_3000671,8.344043265094339,8.203066115384615,0.1409771497097232,0.39871929172926696,0.6915170497919625,0.9532842367985426,False,NS
ILMN_3004285,8.484956516037732,8.623986071794873,-0.1390295557571406,-0.3953816112001365,0.6938062449573582,0.9532842367985426,False,NS
ILMN_3000714,8.567357365094338,8.428108838461538,0.13924852663279985,0.40354258736321336,0.6878414526431222,0.9532842367985426,False,NS
ILMN_3003121,8.582988988679245,8.710059238461538,-0.12707024978229242,-0.3962466269600431,0.6932348587269133,0.9532842367985426,False,NS
ILMN_3001391,8.638741644339625,8.477002612820515,0.16173903151910984,0.4036844348278685,0.6879878225489879,0.9532842367985426,False,NS
ILMN_3001713,8.546540901886786,8.68325873076923,-0.13671782888244444,-0.4047222200636478,0.6870301155837473,0.9532842367985426,False,NS
ILMN_3001345,8.310352762264149,8.440776192307695,-0.13042343004354606,-0.3967389954465875,0.6927979542367549,0.9532842367985426,False,NS
ILMN_3003849,8.27865911037736,8.151327317948718,0.12733179242864168,0.3966499639950545,0.6927965942647052,0.9532842367985426,False,NS
ILMN_3004806,8.60758181509434,8.740585835897436,-0.1330040208030958,-0.4015099955782368,0.6893269962165604,0.9532842367985426,False,NS
ILMN_3004410,8.32739315566038,8.471571443589744,-0.14417828792936405,-0.3992204709092716,0.6910115027152454,0.9532842367985426,False,NS
ILMN_3004224,8.239875491509432,8.364299143589742,-0.12442365208030992,-0.39813047345548536,0.6916592729600632,0.9532842367985426,False,NS
ILMN_3001118,8.755338814150942,8.636118497435897,0.11922031671504563,0.40189704451884745,0.6888763002586277,0.9532842367985426,False,NS
ILMN_3000748,8.582401834905662,8.444043566666666,0.13835826823899566,0.4011147846294861,0.6896670992793047,0.9532842367985426,False,NS
ILMN_3004299,8.578676682075471,8.450421415384616,0.1282552666908554,0.40419335855481575,0.6872574305412674,0.9532842367985426,False,NS
ILMN_3001404,8.4603905990566,8.334355812820512,0.12603478623608844,0.3953126162915899,0.6938230592722066,0.9532842367985426,False,NS
ILMN_3004954,8.49186332830189,8.617103161538461,-0.12523983323657184,-0.3997577400506029,0.6906121662542628,0.9532842367985426,False,NS
ILMN_3000756,8.576983645283017,8.715834492307692,-0.13885084702467587,-0.39574798308732484,0.6936733181480521,0.9532842367985426,False,NS
ILMN_3000772,8.691105375471706,8.807849746153849,-0.11674437068214338,-0.39898481084163184,0.690980949130707,0.9532842367985426,False,NS
ILMN_3001221,8.431785305660378,8.574136543589741,-0.142351237929363,-0.39574016261824485,0.6937507498801412,0.9532842367985426,False,NS
ILMN_3001840,8.372099163207546,8.233195017948718,0.13890414525882733,0.40417166219826367,0.6872335937956089,0.9532842367985426,False,NS
ILMN_3000779,8.50215968679245,8.640767743589741,-0.13860805679729182,-0.3939237836028344,0.6951050627451083,0.9533199857293349,False,NS
ILMN_3001128,8.627428292452834,8.759607064102564,-0.13217877164973046,-0.3948008069624815,0.6943623952283038,0.9533199857293349,False,NS
ILMN_3002853,8.490687558490563,8.367718302564104,0.12296925592645991,0.39426705913382104,0.6946643241308765,0.9533199857293349,False,NS
ILMN_3003481,8.37738481037736,8.251072141025642,0.1263126693517176,0.39390232773392775,0.6948452739539582,0.9533199857293349,False,NS
ILMN_3003594,8.486924742452828,8.628165251282047,-0.14124050882921857,-0.3938170031657542,0.6950417703109552,0.9533199857293349,False,NS
ILMN_3001522,8.173407510377363,8.061163925641022,0.11224358473634055,0.39318300927658717,0.6951609335938309,0.9533199857293349,False,NS
ILMN_3003933,8.299200806603775,8.438387820512819,-0.1391870139090443,-0.39354965076248044,0.6953885145636629,0.9533705985243527,False,NS
ILMN_3004884,8.498017866981133,8.615626769230772,-0.11760890224963916,-0.3921397803072597,0.6960925425998027,0.9540742086071856,False,NS
ILMN_3004170,8.558385185849058,8.44203520769231,0.11634997815674808,0.39081932266949404,0.6968334275858373,0.9542845645592345,False,NS
ILMN_3003212,8.456027719811324,8.573954266666666,-0.1179265468553421,-0.391402868189306,0.6966161241662979,0.9542845645592345,False,NS
ILMN_3003624,8.439899370754716,8.327307138461538,0.11259223229317783,0.39119700857010475,0.6967271408162409,0.9542845645592345,False,NS
ILMN_3004934,8.208721301886792,8.083389966666667,0.12533133522012463,0.3908135280803848,0.6972003028669768,0.9542845645592345,False,NS
ILMN_3004380,8.48509256226415,8.352733794871796,0.13235876739235408,0.39074753546046753,0.697177149905919,0.9542845645592345,False,NS
ILMN_3004600,8.64444502075472,8.504389343589745,0.14005567716497502,0.388794356616589,0.6986726962341161,0.9560381721868036,False,NS
ILMN_3002105,8.619101468867926,8.495139707692307,0.12396176117561986,0.38745123693733435,0.6994918491934611,0.9561199298742671,False,NS
ILMN_3001398,8.57180722830189,8.704560276923075,-0.1327530486211863,-0.3881492378903927,0.6990355586657938,0.9561199298742671,False,NS
ILMN_3004365,8.345331146226417,8.478985825641027,-0.13365467941460984,-0.3870356696244995,0.700009535647299,0.9561199298742671,False,NS
ILMN_3003622,8.504387400000002,8.381828412820512,0.12255898717948988,0.38800952839480113,0.6993973275544724,0.9561199298742671,False,NS
ILMN_3001512,8.923679318867922,8.786695915384614,0.13698340348330795,0.38711180089020875,0.7000300734201026,0.9561199298742671,False,NS
ILMN_3003150,8.640847603773583,8.757247815384614,-0.11640021161103142,-0.3866297516993273,0.7000710126539383,0.9561199298742671,False,NS
ILMN_3002012,8.856271249056604,8.727620276923076,0.12865097213352783,0.38751272733381403,0.6995358045219355,0.9561199298742671,False,NS
ILMN_3002491,8.558402370754715,8.668194407692306,-0.10979203693759132,-0.38442097920398266,0.701586389523761,0.957143778340738,False,NS
ILMN_3001321,8.49546232358491,8.63365585897436,-0.13819353538944945,-0.385654473612462,0.7011150616220287,0.957143778340738,False,NS
ILMN_3004674,8.544274610377354,8.410373210256408,0.13390140012094598,0.38547443533077186,0.7012494555688678,0.957143778340738,False,NS
ILMN_3003134,8.52672678679245,8.654556653846154,-0.1278298670537037,-0.3850147779769305,0.7014342032410064,0.957143778340738,False,NS
ILMN_3004268,8.265438076415093,8.383111253846154,-0.11767317743106176,-0.37349925888402874,0.7098469722106451,0.9572617941328546,False,NS
ILMN_3002452,8.974504515094344,8.838758461538461,0.13574605355588254,0.3735064624347409,0.7100364337299783,0.9572617941328546,False,NS
ILMN_3002466,8.464304333018866,8.582171989743587,-0.11786765672472121,-0.37976221419364625,0.7051686446392555,0.9572617941328546,False,NS
ILMN_3004594,8.608121509433964,8.731710279487181,-0.12358877005321744,-0.3736432779508437,0.7100176479879152,0.9572617941328546,False,NS
ILMN_3003434,8.432200045283018,8.552858935897433,-0.12065889061441482,-0.37703996381961163,0.7071555737934135,0.9572617941328546,False,NS
ILMN_3001698,8.656353270754717,8.538537574358974,0.11781569639574307,0.3809459810092287,0.704281003999946,0.9572617941328546,False,NS
ILMN_3003254,8.461828993396225,8.580271025641025,-0.11844203224480054,-0.3746634646227866,0.7091546479389725,0.9572617941328546,False,NS
ILMN_3002341,8.541466539622641,8.420166058974358,0.12130048064828358,0.38073979615644155,0.70460523293976,0.9572617941328546,False,NS
ILMN_3001260,8.674355354716983,8.793255320512818,-0.11889996579583517,-0.3730066649222266,0.7100967988877516,0.9572617941328546,False,NS
ILMN_3001919,8.405975447169814,8.279878387179489,0.12609705999032528,0.37730812992260887,0.7069825669353487,0.9572617941328546,False,NS
ILMN_3004838,8.623413749056606,8.499577733333334,0.1238360157232723,0.37374281476826754,0.7096647988047663,0.9572617941328546,False,NS
ILMN_3002611,8.659249698113204,8.765916446153847,-0.10666674804064336,-0.38102350685926367,0.7041807602947244,0.9572617941328546,False,NS
ILMN_3002099,8.343117212264149,8.216422474358973,0.1266947379051757,0.3770959512584865,0.7072535352595625,0.9572617941328546,False,NS
ILMN_3004318,8.628575120754716,8.756928751282054,-0.12835363052733761,-0.3755020359816955,0.7085464156330505,0.9572617941328546,False,NS
ILMN_3000720,8.439917423584909,8.317285797435899,0.12263162614901013,0.38203916663554394,0.7036583785697985,0.9572617941328546,False,NS
ILMN_3003509,8.478944610377361,8.600553130769233,-0.12160852039187198,-0.3756734522734136,0.708241304515398,0.9572617941328546,False,NS
ILMN_3003203,8.693235186792453,8.81382555384615,-0.12059036705369763,-0.3744442453483517,0.7091870997614914,0.9572617941328546,False,NS
ILMN_3004230,8.430981400943393,8.291703438461537,0.13927796248185587,0.38447301829498604,0.7018876176257541,0.9572617941328546,False,NS
ILMN_3002186,8.19772276886793,8.067519017948717,0.13020375091921288,0.3826133367161754,0.7033300481187242,0.9572617941328546,False,NS
ILMN_3001527,8.913954388679246,8.801422876923079,0.11253151175616694,0.37528957254035405,0.7085372325212969,0.9572617941328546,False,NS
ILMN_3002688,8.647643040566036,8.773342735897439,-0.12569969533140224,-0.37480055860449213,0.70904283044023,0.9572617941328546,False,NS
ILMN_3000970,8.363820302830188,8.500917666666666,-0.13709736383647808,-0.37605269409099384,0.7081649509174192,0.9572617941328546,False,NS
ILMN_3000957,8.50079648490566,8.35650064102564,0.1442958438800197,0.3783576493147874,0.7064970234293538,0.9572617941328546,False,NS
ILMN_3001104,8.405089733018867,8.539144394871794,-0.13405466185292703,-0.38028369005866053,0.705199507769757,0.9572617941328546,False,NS
ILMN_3004187,8.16168389528302,8.290767284615384,-0.12908338933236507,-0.38260615513749013,0.703056465246003,0.9572617941328546,False,NS
ILMN_3001092,8.793030330188682,8.926734648717948,-0.13370431852926679,-0.38023756761735705,0.7048967858596736,0.9572617941328546,False,NS
ILMN_3003607,8.46520358679245,8.593028276923077,-0.1278246901306268,-0.3757805597173182,0.7083650313015102,0.9572617941328546,False,NS
ILMN_3004149,8.544308825471697,8.426893746153844,0.117415079317853,0.3828585056222682,0.7029633908043145,0.9572617941328546,False,NS
ILMN_3003877,8.567012952830188,8.45125022307692,0.11576272975326773,0.3737840716622777,0.7096083667948746,0.9572617941328546,False,NS
ILMN_3004027,8.576829865094345,8.451256279487179,0.12557358560716558,0.37742384936057,0.7069286772804886,0.9572617941328546,False,NS
ILMN_3004921,8.357311829245287,8.240865151282051,0.1164466779632356,0.37456382716317194,0.7088876455656239,0.9572617941328546,False,NS
ILMN_3003059,8.30296139245283,8.418548261538461,-0.11558686908563232,-0.3775403965054428,0.7067599562789981,0.9572617941328546,False,NS
ILMN_3004003,8.643625952830192,8.774613782051281,-0.1309878292210893,-0.3749502912617042,0.7089413756763633,0.9572617941328546,False,NS
ILMN_3004739,8.505489466037734,8.369595905128206,0.13589356090952798,0.37437431550611394,0.7093736594855784,0.9572617941328546,False,NS
ILMN_3002884,8.439634521698117,8.568885315384616,-0.1292507936864986,-0.3802045813574303,0.7049641840681133,0.9572617941328546,False,NS
ILMN_3004978,8.543371449056604,8.405961335897436,0.1374101131591683,0.3777112831906604,0.7068950443278478,0.9572617941328546,False,NS
ILMN_3000539,8.361635837735852,8.241073264102564,0.12056257363328804,0.38417062000094915,0.7021545160374113,0.9572617941328546,False,NS
ILMN_3004971,8.567732661320758,8.447096446153845,0.12063621516691292,0.37652062586287655,0.7076586347336024,0.9572617941328546,False,NS
ILMN_3003304,8.212577228301889,8.349361335897434,-0.13678410759554538,-0.37893600680920003,0.7059415454596967,0.9572617941328546,False,NS
ILMN_3002593,8.521564100000003,8.394203569230772,0.1273605307692307,0.38209481626675434,0.7034615325036145,0.9572617941328546,False,NS
ILMN_3004169,8.471041099056603,8.576192364102564,-0.1051512650459614,-0.3806107933335574,0.7045436581790092,0.9572617941328546,False,NS
ILMN_3001749,8.556073158490566,8.69047657948718,-0.1344034209966143,-0.3765138115036822,0.7077108492203577,0.9572617941328546,False,NS
ILMN_3004338,8.771242030188679,8.650488192307693,0.12075383788098648,0.3778263438090025,0.7066322215800211,0.9572617941328546,False,NS
ILMN_3001948,8.368537376415095,8.253050358974358,0.11548701744073675,0.3737452423895003,0.7097060799231276,0.9572617941328546,False,NS
ILMN_3004341,8.400455351886793,8.52990575128205,-0.1294503993952567,-0.3720846865829972,0.711066071233887,0.9579352084148722,False,NS
ILMN_3003379,8.732395463207547,8.860318028205128,-0.12792256499758103,-0.37204332599186046,0.7111710987272011,0.9579352084148722,False,NS
ILMN_3000969,8.314905731132077,8.439342735897435,-0.12443700476535824,-0.37216942905683115,0.7110806109274819,0.9579352084148722,False,NS
ILMN_3004528,8.650888461320756,8.52407143076923,0.1268170305515266,0.3712640791675978,0.7116045428961905,0.9580028848898633,False,NS
ILMN_3001383,8.666643493396228,8.542597566666666,0.12404592672956127,0.3713623072815896,0.711478962618152,0.9580028848898633,False,NS
ILMN_3004514,8.334075576415094,8.444479056410257,-0.11040347999516342,-0.3689662502963955,0.7133399282983559,0.9581470139039929,False,NS
ILMN_3004718,8.449736228301887,8.324097351282052,0.1256388770198349,0.36980674608594505,0.712736087046205,0.9581470139039929,False,NS
ILMN_3003123,8.616942230188679,8.74735923076923,-0.13041700058055206,-0.369510213796605,0.7129919079388131,0.9581470139039929,False,NS
ILMN_3002286,8.598554446226416,8.716712374358973,-0.11815792813255754,-0.3703242522741685,0.7123713173131632,0.9581470139039929,False,NS
ILMN_3002091,8.611728198113205,8.733804284615385,-0.12207608650217949,-0.37006233584048137,0.7125143339918198,0.9581470139039929,False,NS
ILMN_3001831,8.579893883962265,8.46069295897436,0.11920092498790602,0.370019852421277,0.7124909514379372,0.9581470139039929,False,NS
ILMN_3001967,8.398693395283019,8.289386984615387,0.10930641066763158,0.36838342392883067,0.713627895955694,0.9581470139039929,False,NS
ILMN_3000577,8.623887548113206,8.509886241025644,0.11400130708756251,0.37033465224202056,0.7120759208511924,0.9581470139039929,False,NS
ILMN_3003337,8.38748204056604,8.26004666923077,0.12743537133527028,0.36912975327054987,0.7131238541527752,0.9581470139039929,False,NS
ILMN_3004113,8.591659266037736,8.472904838461536,0.11875442757619936,0.36858461494556133,0.7135100235033875,0.9581470139039929,False,NS
ILMN_3002742,8.494113341509435,8.379861141025641,0.11425220048379359,0.3678891428176101,0.7139688512355582,0.9583474513228969,False,NS
ILMN_3002445,8.46501680471698,8.581245953846153,-0.11622914912917359,-0.3674605960525073,0.7144096396365215,0.9586817493780482,False,NS
ILMN_3000554,8.454100464150944,8.334808746153847,0.11929171799709692,0.3669584814980256,0.71464335045021,0.9587380607059431,False,NS
ILMN_3002596,8.380599351886792,8.265056497435898,0.11554285445089363,0.36657836303833674,0.7150142725188207,0.9589783697945555,False,NS
ILMN_3001938,8.616846383962265,8.494884823076925,0.1219615608853406,0.3651743696253505,0.7160038716974158,0.959006487744195,False,NS
ILMN_3000978,8.645454131132079,8.524500417948717,0.12095371318336134,0.3618823919024212,0.7185857964337121,0.959006487744195,False,NS
ILMN_3002144,8.604407414150947,8.473237371794871,0.1311700423560751,0.3617118865631714,0.7187857835529516,0.959006487744195,False,NS
ILMN_3001865,8.616437092452829,8.731653146153844,-0.1152160537010154,-0.3632733221642547,0.7174503460910063,0.959006487744195,False,NS
ILMN_3004701,8.528466701886792,8.64085351025641,-0.11238680836961734,-0.36200638364644155,0.7183192086488516,0.959006487744195,False,NS
ILMN_3000611,8.476644183018866,8.365850846153846,0.11079333686502046,0.363221305759846,0.7173531761231731,0.959006487744195,False,NS
ILMN_3003903,8.596047590566036,8.476239223076922,0.11980836748911372,0.36608636933281546,0.715375854582506,0.959006487744195,False,NS
ILMN_3003943,8.582467783962263,8.459936597435899,0.12253118652636452,0.36144886010007543,0.7190630645105974,0.959006487744195,False,NS
ILMN_3004648,8.696064845283017,8.579842505128207,0.1162223401548097,0.3649692536964228,0.7162009082834357,0.959006487744195,False,NS
ILMN_3001952,8.729639396226414,8.604800184615385,0.12483921161102884,0.3647577177953626,0.7165155987021297,0.959006487744195,False,NS
ILMN_3004874,8.427464895283018,8.559232697435897,-0.1317678021528792,-0.3614145155558005,0.7190307480365445,0.959006487744195,False,NS
ILMN_3001764,8.524869214150945,8.652426505128206,-0.12755729097726132,-0.36182329383238104,0.7186473556515702,0.959006487744195,False,NS
ILMN_3003824,8.26489142358491,8.384505243589741,-0.11961382000483134,-0.3628845531640199,0.7177618258461079,0.959006487744195,False,NS
ILMN_3002328,8.649174554716982,8.761689182051283,-0.11251462733430095,-0.36282998057384436,0.7179135308354517,0.959006487744195,False,NS
ILMN_3001915,8.485953043396227,8.604178282051281,-0.11822523865505374,-0.3649729958461192,0.7162108062486451,0.959006487744195,False,NS
ILMN_3004449,8.330501141509432,8.444627384615384,-0.11412624310595199,-0.3650388485371472,0.7160476303285219,0.959006487744195,False,NS
ILMN_3001233,8.901501789622642,8.776307684615384,0.12519410500725847,0.3631272269492373,0.7176294232391465,0.959006487744195,False,NS
ILMN_3003971,8.401800410377357,8.512977223076927,-0.11117681269957025,-0.36249979541247673,0.7179745075105558,0.959006487744195,False,NS
ILMN_3004738,8.817822495283018,8.698048702564103,0.11977379271891486,0.36414047870980576,0.7167749198790763,0.959006487744195,False,NS
ILMN_3000758,8.592612566981133,8.480213984615386,0.1123985823657474,0.3639476802046059,0.7169281533721513,0.959006487744195,False,NS
ILMN_3000607,8.26379063207547,8.382634925641026,-0.11884429356555692,-0.3620253942460477,0.7185084249691599,0.959006487744195,False,NS
ILMN_3001173,8.709368300943396,8.58851245897436,0.12085584196903554,0.3609508916037988,0.719302202478389,0.9590696033045187,False,NS
ILMN_3004017,8.648430339622642,8.757313035897438,-0.10888269627479552,-0.3596296307799098,0.7201784236174532,0.9599819029824757,False,NS
ILMN_3002513,8.535229249056606,8.656803894871794,-0.12157464581518873,-0.3594095383208857,0.7205303250722885,0.9601949960984656,False,NS
ILMN_3002446,8.325746779245279,8.424640184615384,-0.09889340537010582,-0.3559096720194577,0.7229266649345598,0.9603108909558823,False,NS
ILMN_3001285,8.655245086792453,8.537708615384616,0.11753647140783663,0.3580915951297243,0.7211937477508444,0.9603108909558823,False,NS
ILMN_3001197,8.382092338679245,8.49591217948718,-0.11381984080793472,-0.34713298216477695,0.7296809567517203,0.9603108909558823,False,NS
ILMN_3000794,8.418861794339625,8.525354412820514,-0.10649261848088898,-0.3568531290225526,0.7222598522068919,0.9603108909558823,False,NS
ILMN_3001211,8.629992233018868,8.750407097435897,-0.12041486441702887,-0.3472542647519742,0.7294484830688127,0.9603108909558823,False,NS
ILMN_3003120,8.719897378301887,8.585509417948717,0.1343879603531697,0.35687491255318676,0.7223773603686234,0.9603108909558823,False,NS
ILMN_3000751,8.522773197169807,8.405865215384615,0.11690798178519124,0.34719242162360475,0.7295904129705925,0.9603108909558823,False,NS
ILMN_3001307,8.506700836792454,8.376229143589743,0.13047169320271124,0.34621137087238774,0.7303546497348414,0.9603108909558823,False,NS
ILMN_3002127,8.320404637735848,8.218470620512823,0.10193401722302475,0.3442520223759895,0.7317526225561134,0.9603108909558823,False,NS
ILMN_3004507,8.243254802830187,8.136615171794872,0.10663963103531415,0.3481160574420451,0.7287747898301469,0.9603108909558823,False,NS
ILMN_3003320,8.576274317924529,8.68928365128205,-0.11300933335752106,-0.35748283648560064,0.7216057330564325,0.9603108909558823,False,NS
ILMN_3004127,8.537924513207546,8.656271789743588,-0.11834727653604205,-0.3446585859011912,0.7314480342775876,0.9603108909558823,False,NS
ILMN_3003956,8.731686259433962,8.62232381025641,0.10936244917755289,0.35426129052963024,0.7241286683929176,0.9603108909558823,False,NS
ILMN_3001460,8.782969562264153,8.88550086923077,-0.1025313069666165,-0.346893592059567,0.7296758530017525,0.9603108909558823,False,NS
ILMN_3001903,8.692687866037737,8.568876907692305,0.1238109583454321,0.34855222510031486,0.728519186546725,0.9603108909558823,False,NS
ILMN_3001911,8.669719314150942,8.792369558974361,-0.12265024482341857,-0.35002636310565843,0.7276099294698584,0.9603108909558823,False,NS
ILMN_3001149,8.549902060377358,8.436047402564103,0.11385465781325443,0.3545526383763119,0.7241277699978323,0.9603108909558823,False,NS
ILMN_3001143,8.16531334245283,8.068249066666668,0.0970642757861615,0.3465282530016813,0.7298264105521362,0.9603108909558823,False,NS
ILMN_3001401,8.409534342452831,8.29617331794872,0.1133610245041119,0.3549643814577822,0.7236672706873412,0.9603108909558823,False,NS
ILMN_3001412,8.680966916037736,8.79554338974359,-0.11457647370585455,-0.3472753732540124,0.7294279056040255,0.9603108909558823,False,NS
ILMN_3004751,8.690784756603774,8.566432156410254,0.12435260019351979,0.358131056529359,0.721570843416527,0.9603108909558823,False,NS
ILMN_3003758,8.713801262264152,8.836722369230772,-0.12292110696662029,-0.3469445107652991,0.7297034100318041,0.9603108909558823,False,NS
ILMN_3003923,8.382566966981129,8.4814764025641,-0.09890943558297138,-0.3489376054044961,0.727898630195898,0.9603108909558823,False,NS
ILMN_3002137,8.42050716981132,8.537957051282055,-0.1174498814707352,-0.3475154692553077,0.729341063568581,0.9603108909558823,False,NS
ILMN_3001268,8.362776459433968,8.48352178974359,-0.12074533030962087,-0.35284689704466643,0.7252903445578973,0.9603108909558823,False,NS
ILMN_3002421,8.46328238490566,8.583140948717949,-0.11985856381228821,-0.3496485755880712,0.7278902830202576,0.9603108909558823,False,NS
ILMN_3003176,8.708492792452828,8.57525214102564,0.13324065142718844,0.35084609397899374,0.7269084318904314,0.9603108909558823,False,NS
ILMN_3001965,8.66885457169811,8.800701610256409,-0.13184703855829838,-0.35415085292217674,0.7244375595532088,0.9603108909558823,False,NS
ILMN_3001954,8.582673969811324,8.693749674358973,-0.11107570454764826,-0.3487142592905816,0.7283721907756884,0.9603108909558823,False,NS
ILMN_3001578,8.664916008490568,8.546413671794873,0.11850233669569477,0.3558067498888159,0.7231520388133948,0.9603108909558823,False,NS
ILMN_3001628,8.403219734905662,8.524402510256412,-0.12118277535074995,-0.346040217672222,0.7305134407744195,0.9603108909558823,False,NS
ILMN_3004599,8.449263789622641,8.567551282051282,-0.11828749242864056,-0.3574968082230121,0.7219151382755646,0.9603108909558823,False,NS
ILMN_3001712,8.671321031132074,8.54591145128205,0.12540957985002343,0.3469820292027688,0.7296389142176578,0.9603108909558823,False,NS
ILMN_3001384,8.426353676415093,8.54267888974359,-0.11632521332849599,-0.35813491394964186,0.7213961477024807,0.9603108909558823,False,NS
ILMN_3003268,8.545877286792457,8.43847034102564,0.10740694576681697,0.34402991668191574,0.7317373855937791,0.9603108909558823,False,NS
ILMN_3000816,8.72062511603774,8.585910574358977,0.13471454167876296,0.3549341879076605,0.7237997275705175,0.9603108909558823,False,NS
ILMN_3004467,8.476326757547165,8.370125633333332,0.10620112421383254,0.3510997440895874,0.7265869630224612,0.9603108909558823,False,NS
ILMN_3003485,8.408357992452832,8.29451704871795,0.11384094373488196,0.35640273264833183,0.7224955510267983,0.9603108909558823,False,NS
ILMN_3001021,8.44059604056604,8.562821451282051,-0.12222541071601078,-0.3522136190244619,0.7259067274688352,0.9603108909558823,False,NS
ILMN_3000847,8.549395843396233,8.414963807692308,0.13443203570392548,0.3530382334480045,0.7253378469544433,0.9603108909558823,False,NS
ILMN_3002379,8.315196615094344,8.42848037179487,-0.11328375670052715,-0.3471828921932981,0.7294913667594871,0.9603108909558823,False,NS
ILMN_3002369,8.262174824528302,8.377014771794874,-0.11483994726657265,-0.34708359751513224,0.7296523835152895,0.9603108909558823,False,NS
ILMN_3002327,8.766747459433962,8.87821575897436,-0.11146829954039816,-0.3494340632016552,0.7278578126095326,0.9603108909558823,False,NS
ILMN_3003265,8.561900287735853,8.423368353846152,0.1385319338897002,0.35179324561125963,0.726363996937512,0.9603108909558823,False,NS
ILMN_3000878,8.553884520754716,8.432686423076921,0.12119809767779444,0.3466278735349428,0.7301041032320975,0.9603108909558823,False,NS
ILMN_3003256,8.489996615094341,8.379653666666668,0.11034294842767345,0.344924619998841,0.7313110355350269,0.9603108909558823,False,NS
ILMN_3003860,8.460648093396225,8.570812105128207,-0.11016401173198176,-0.3461369393097539,0.7303540627768044,0.9603108909558823,False,NS
ILMN_3004444,8.52069699716981,8.636209099999999,-0.11551210283018776,-0.34565159940740403,0.7307236861047877,0.9603108909558823,False,NS
ILMN_3001261,8.414558413207544,8.541391899999999,-0.12683348679245476,-0.3452619703394002,0.7310408742864968,0.9603108909558823,False,NS
ILMN_3001447,8.745741492452833,8.846946864102565,-0.10120537164973165,-0.35212363165860017,0.7256261795509903,0.9603108909558823,False,NS
ILMN_3004582,8.555394718867927,8.42385025128205,0.13154446758587746,0.352709088716554,0.7254745914084801,0.9603108909558823,False,NS
ILMN_3004999,8.440509876415094,8.5720432,-0.13153332358490566,-0.34419873630587566,0.7319489610865735,0.9603108909558823,False,NS
ILMN_3002739,8.373222252830187,8.265438866666665,0.10778338616352201,0.35103456222223084,0.726511488930548,0.9603108909558823,False,NS
ILMN_3004943,8.754587810377359,8.626853894871797,0.12773391550556212,0.34559367252075046,0.7308931305321268,0.9603108909558823,False,NS
ILMN_3003311,8.395679220754715,8.512392312820515,-0.11671309206579927,-0.3441364987351161,0.7319116788609689,0.9603108909558823,False,NS
ILMN_3000960,8.645155647169812,8.546644274358973,0.09851137281083844,0.34640738043193314,0.7298208398418874,0.9603108909558823,False,NS
ILMN_3004923,8.802315958490567,8.676883982051281,0.12543197643928572,0.3484423860976675,0.7287270256298863,0.9603108909558823,False,NS
ILMN_3001533,8.628523052830191,8.513087543589744,0.11543550924044688,0.35064407601541764,0.726905790106053,0.9603108909558823,False,NS
ILMN_3001515,8.753313794339622,8.633694212820513,0.11961958151910856,0.3507727880527614,0.7269545122761356,0.9603108909558823,False,NS
ILMN_3003430,8.52330115943396,8.624553194871792,-0.10125203543783279,-0.3402035505932231,0.7346136090097836,0.9611575729003539,False,NS
ILMN_3001113,8.71245488773585,8.60144121282051,0.11101367491533942,0.34080385739470326,0.7342107933221801,0.9611575729003539,False,NS
ILMN_3004414,8.26991761981132,8.378204638461538,-0.10828701865021806,-0.34042141700295053,0.7344243789502177,0.9611575729003539,False,NS
ILMN_3003257,8.463239178301885,8.587149105128207,-0.12390992682632174,-0.3427488945229795,0.7330040229640763,0.9611575729003539,False,NS
ILMN_3002050,8.374528488679244,8.273185071794872,0.10134341688437232,0.3415689576002927,0.733733933301567,0.9611575729003539,False,NS
ILMN_3004095,8.393130301886796,8.492882530769233,-0.09975222888243707,-0.338993143642867,0.7354777747833507,0.9611575729003539,False,NS
ILMN_3002442,8.572453494339623,8.48120888974359,0.09124460459603334,0.3420176390217055,0.7332487042214006,0.9611575729003539,False,NS
ILMN_3004918,8.422153068867923,8.300793607692306,0.1213594611756168,0.3411001800202707,0.7340780759830093,0.9611575729003539,False,NS
ILMN_3003132,8.45017456509434,8.564861041025644,-0.11468647593130399,-0.34058386286271336,0.7345418746038946,0.9611575729003539,False,NS
ILMN_3004481,8.23029821226415,8.33526564871795,-0.10496743645379958,-0.3418962892886538,0.7334958489383516,0.9611575729003539,False,NS
ILMN_3003157,8.511122920754715,8.621606515384617,-0.1104835946299012,-0.3393328485224473,0.7352908952633487,0.9611575729003539,False,NS
ILMN_3004058,8.503927915094337,8.634345964102566,-0.13041804900822918,-0.3398247468847629,0.7352092271874665,0.9611575729003539,False,NS
ILMN_3003977,8.642303969811325,8.519770282051285,0.12253368776003981,0.33954556337118624,0.7353252358593287,0.9611575729003539,False,NS
ILMN_3002736,8.503402237735846,8.603894905128206,-0.10049266739235918,-0.3393589469568306,0.7351627973234935,0.9611575729003539,False,NS
ILMN_3002810,8.386507108490568,8.502865061538461,-0.11635795304789376,-0.3426161180306397,0.7329991458137032,0.9611575729003539,False,NS
ILMN_3001264,8.607808906603774,8.490823415384616,0.11698549121915747,0.33841566440169885,0.7360979098670974,0.9615227091380032,False,NS
ILMN_3002318,8.597020257547165,8.711557612820512,-0.11453735527334707,-0.3384571254025947,0.7361417861160552,0.9615227091380032,False,NS
ILMN_3001927,8.248504118867922,8.362152212820517,-0.11364809395259456,-0.33734209873669935,0.7369868458973313,0.9621983284705833,False,NS
ILMN_3002533,8.46003393679245,8.580799779487178,-0.1207658426947269,-0.335394999773249,0.7384606905172907,0.9621983284705833,False,NS
ILMN_3004887,8.588138366037732,8.69783594615385,-0.10969758011611752,-0.33490286305781203,0.7387758765997139,0.9621983284705833,False,NS
ILMN_3002779,8.659804408490565,8.548958564102566,0.11084584438799894,0.3359218596586154,0.7379028087215754,0.9621983284705833,False,NS
ILMN_3002359,8.605466811320756,8.486472546153847,0.11899426516690959,0.3368060546524121,0.7374153117593323,0.9621983284705833,False,NS
ILMN_3001720,8.901351016037736,8.78637302051282,0.11497799552491728,0.3359046529339797,0.7379848929553088,0.9621983284705833,False,NS
ILMN_3002528,8.4825992754717,8.593484805128204,-0.110885529656505,-0.33491710618290166,0.7385716130636582,0.9621983284705833,False,NS
ILMN_3003839,8.746291494339625,8.643501138461536,0.10279035587808849,0.33476830438561167,0.7386166332204307,0.9621983284705833,False,NS
ILMN_3001373,8.30388288867925,8.407889876923079,-0.10400698824382815,-0.3352306873226723,0.7384405547032,0.9621983284705833,False,NS
ILMN_3004719,8.145635566981136,8.034705112820513,0.11093045416062353,0.33620405687686994,0.7378307987612898,0.9621983284705833,False,NS
ILMN_3003229,8.473899823584906,8.364464146153844,0.10943567743106186,0.3350824286688896,0.7385752649807851,0.9621983284705833,False,NS
ILMN_3004455,8.741933684905664,8.621432605128206,0.12050107977745839,0.3344018091547971,0.7392446058656394,0.9622617082331252,False,NS
ILMN_3004135,8.656659733962265,8.546522533333333,0.11013720062893206,0.3338306323959781,0.739575079450888,0.9622617082331252,False,NS
ILMN_3001244,8.54549309528302,8.43847441025641,0.10701868502660972,0.33439513655186104,0.7391523225245973,0.9622617082331252,False,NS
ILMN_3004393,8.63403150943396,8.533041787179485,0.10098972225447511,0.33369487513261803,0.7395943489479799,0.9622617082331252,False,NS
ILMN_3000817,8.616647655660376,8.7328682,-0.11622054433962425,-0.33367726105028633,0.7397918521062979,0.9622682779738526,False,NS
ILMN_3002158,8.680766306603777,8.562417197435897,0.11834910916788033,0.33209806873041947,0.7408426215967338,0.9624246858715421,False,NS
ILMN_3002373,8.368388009433962,8.48780438974359,-0.11941638030962842,-0.33317887719323086,0.7401155473709201,0.9624246858715421,False,NS
ILMN_3003873,8.547060043396229,8.436889433333334,0.11017061006289453,0.33190867473733243,0.7408745231839131,0.9624246858715421,False,NS
ILMN_3004668,8.387467350943394,8.277754748717946,0.10971260222544821,0.3327962552339331,0.74038749533192,0.9624246858715421,False,NS
ILMN_3001826,8.515642180188676,8.40546377179487,0.11017840839380533,0.3324724448783545,0.7406693812498532,0.9624246858715421,False,NS
ILMN_3002101,8.67656736698113,8.557011115384617,0.11955625159651362,0.3320521196312293,0.7411254283215843,0.9624635429483025,False,NS
ILMN_3002414,8.619536398113208,8.500285025641023,0.11925137247218487,0.3307356176089446,0.7418668989045516,0.9624635429483025,False,NS
ILMN_3001277,8.418582901886795,8.521991587179485,-0.1034086852926901,-0.33072859105914576,0.741682839498962,0.9624635429483025,False,NS
ILMN_3002957,8.241552078301888,8.350170323076922,-0.1086182447750339,-0.3309722859929752,0.7417320971861715,0.9624635429483025,False,NS
ILMN_3003143,8.50691975188679,8.396229197435897,0.11069055445089226,0.3312004448682159,0.7415060331981009,0.9624635429483025,False,NS
ILMN_3002309,8.607256741509437,8.48416422051282,0.12309252099661627,0.3302963799538307,0.7423087256103618,0.9624831924519837,False,NS
ILMN_3003022,8.604814493396223,8.49712312051282,0.10769137288340325,0.33010333942903947,0.7422461917759546,0.9624831924519837,False,NS
ILMN_3002529,8.382917055660382,8.502056,-0.11913894433961758,-0.3299744269641694,0.7424595346574602,0.9624831924519837,False,NS
ILMN_3004612,8.347461077358494,8.452239292307693,-0.10477821494919937,-0.32911072155338567,0.7429572782582401,0.9628787950469675,False,NS
ILMN_3004892,8.48203486415094,8.587326394871795,-0.10529153072085506,-0.3284158002763097,0.7436943685785027,0.9629329264160366,False,NS
ILMN_3001810,8.491110182075474,8.397794838461538,0.09331534361393601,0.3285939282355737,0.7434453301625594,0.9629329264160366,False,NS
ILMN_3001943,8.47114493018868,8.566419615384616,-0.0952746851959354,-0.32800841121236807,0.7437693923637466,0.9629329264160366,False,NS
ILMN_3003095,8.469027089622644,8.570105620512821,-0.10107853089017738,-0.32824250874832905,0.7436239150632324,0.9629329264160366,False,NS
ILMN_3000792,8.635601367924533,8.751303476923072,-0.11570210899853883,-0.3275180958494476,0.744325403127337,0.963403317534736,False,NS
ILMN_3000768,8.5947014245283,8.696208361538462,-0.10150693701016245,-0.32662381005831315,0.7448582722776373,0.9635941426618853,False,NS
ILMN_3003776,8.395770591509436,8.510434912820513,-0.11466432131107673,-0.32701912516439774,0.7447805687092972,0.9635941426618853,False,NS
ILMN_3003525,8.374411101886793,8.492288264102566,-0.11787716221577327,-0.326432579887009,0.7452235871038684,0.9637029277554273,False,NS
ILMN_3003699,8.333748679245282,8.44375527179487,-0.11000659254958833,-0.32628817173912117,0.7453278443260475,0.9637029277554273,False,NS
ILMN_3003272,8.554226049056604,8.64799824102564,-0.09377219196903575,-0.3256507684614748,0.7455808603235959,0.963780843231122,False,NS
ILMN_3001443,8.519572965094346,8.633796833333333,-0.11422386823898734,-0.3246790041337378,0.7464519014931312,0.9638329937156912,False,NS
ILMN_3000594,8.516964535849057,8.409467335897435,0.10749719995162188,0.3247736334993011,0.7463985466307262,0.9638329937156912,False,NS
ILMN_3004624,8.500497724528303,8.389707561538463,0.11079016298984001,0.32457034794139783,0.7465850369321744,0.9638329937156912,False,NS
ILMN_3001218,8.679713689622638,8.776883694871795,-0.09717000524915775,-0.3248009267191573,0.7460921308217325,0.9638329937156912,False,NS
ILMN_3001678,8.491407573584906,8.58456425384615,-0.09315668026124335,-0.32432804399873333,0.7465349386359462,0.9638329937156912,False,NS
ILMN_3003261,8.645551509433963,8.74967427948718,-0.1041227700532179,-0.323072260595149,0.7475519345532047,0.964345394879414,False,NS
ILMN_3003867,8.360614021698112,8.267604123076921,0.09300989862119025,0.32326919272346194,0.7472806370776475,0.964345394879414,False,NS
ILMN_3001953,8.599848317924533,8.483465820512823,0.1163824974117098,0.32321909802190635,0.7475605501105217,0.964345394879414,False,NS
ILMN_3002126,8.722162499056601,8.615716171794874,0.10644632726172709,0.32245990008973807,0.7480699680894313,0.9647536343686243,False,NS
ILMN_3004489,8.620177800000002,8.503896571794872,0.1162812282051302,0.32160498493840606,0.7487566303367789,0.9653901886755788,False,NS
ILMN_3003870,8.454186904716984,8.349126387179487,0.10506051753749723,0.3211018943138193,0.7490797789456438,0.9655578486022734,False,NS
ILMN_3001583,8.76813123962264,8.671767451282054,0.0963637883405859,0.32043451475094137,0.7494903832179014,0.9658381227034811,False,NS
ILMN_3004817,8.415037871698113,8.314355471794872,0.10068239990324024,0.3201544291032637,0.7498772497500558,0.9660876703814169,False,NS
ILMN_3001520,8.40257131037736,8.30329568974359,0.09927562063376882,0.3196385269156321,0.7502797929959085,0.9661084123048012,False,NS
ILMN_3001586,8.571094926415094,8.671167143589745,-0.10007221717465065,-0.3194505215363824,0.7502651775397564,0.9661084123048012,False,NS
ILMN_3001550,8.649597533962263,8.543310402564101,0.1062871313981617,0.31820299269769853,0.751136935844497,0.9665145096183879,False,NS
ILMN_3002684,8.592251443396227,8.700802371794873,-0.10855092839864611,-0.3187209569965667,0.7509743820474216,0.9665145096183879,False,NS
ILMN_3004894,8.599271282075472,8.503802089743589,0.09546919233188333,0.31832475942480837,0.7511750768754111,0.9665145096183879,False,NS
ILMN_3002251,8.635807588679242,8.754264356410259,-0.11845676773101665,-0.31742989301943375,0.7520411692486685,0.9671311332930408,False,NS
ILMN_3002207,8.575646180188679,8.47638336153846,0.09926281865021913,0.31722796996775926,0.7520345882258994,0.9671311332930408,False,NS
ILMN_3003560,8.399630277358488,8.300580874358975,0.0990494029995137,0.315932429002726,0.7529917764786807,0.9677255112175921,False,NS
ILMN_3001357,8.476009058490567,8.586913399999998,-0.11090434150943196,-0.3161223571534919,0.7530839928295302,0.9677255112175921,False,NS
ILMN_3002228,8.49711905943396,8.602420443589741,-0.10530138415578172,-0.3160969699546117,0.7529343737544822,0.9677255112175921,False,NS
ILMN_3001055,8.431069835849057,8.331732661538462,0.09933717431059463,0.3140526515803798,0.7544477760736471,0.9690676463177268,False,NS
ILMN_3003702,8.264642737735846,8.368258746153845,-0.10361600841799934,-0.3135129032038963,0.7548732775082332,0.9690676463177268,False,NS
ILMN_3004046,8.522110868867928,8.419698612820513,0.10241225604741544,0.31349323902607357,0.7549036964815092,0.9690676463177268,False,NS
ILMN_3000744,8.368691401886794,8.481869048717948,-0.11317764683115428,-0.31366775605418346,0.7548339545218088,0.9690676463177268,False,NS
ILMN_3002708,8.436716059433959,8.525422074358975,-0.08870601492501606,-0.3115132034382845,0.7561677692289898,0.9691706252553167,False,NS
ILMN_3000894,8.47019016037736,8.373676248717949,0.09651391165941092,0.31255280058633705,0.7555630910718059,0.9691706252553167,False,NS
ILMN_3002454,8.100008558490565,8.003161994871792,0.09684656361877231,0.3121050785911709,0.75599571541579,0.9691706252553167,False,NS
ILMN_3002423,8.506392609433963,8.612122415384613,-0.1057298059506504,-0.3100881401637436,0.7574166445627364,0.9691706252553167,False,NS
ILMN_3002490,8.76377558962264,8.662781028205128,0.10099456141751162,0.31142263093327893,0.7563242095291591,0.9691706252553167,False,NS
ILMN_3002142,8.289322363207546,8.186028246153848,0.10329411705369829,0.31248986202785484,0.7556261659325821,0.9691706252553167,False,NS
ILMN_3003181,8.479660449999999,8.570503430769232,-0.09084298076923325,-0.3101814564067438,0.757378494769364,0.9691706252553167,False,NS
ILMN_3001075,8.550385332075475,8.448265264102565,0.10212006797291018,0.31059530138515445,0.7570133022725233,0.9691706252553167,False,NS
ILMN_3003252,8.32603264528302,8.212404376923077,0.11362826835994255,0.3113162131114529,0.75659723335289,0.9691706252553167,False,NS
ILMN_3003959,8.602735656603771,8.498768446153846,0.10396721044992496,0.31256748737985784,0.7555978364003623,0.9691706252553167,False,NS
ILMN_3004702,8.368514356603775,8.46202296410256,-0.09350860749878542,-0.3111698860055516,0.7565129699838239,0.9691706252553167,False,NS
ILMN_3000856,8.347433711320758,8.446157225641025,-0.09872351432026782,-0.3099476591839297,0.7575037606995555,0.9691706252553167,False,NS
ILMN_3003184,8.438758996226415,8.329483343589747,0.1092756526366685,0.31046201534309337,0.7572599231910323,0.9691706252553167,False,NS
ILMN_3004226,8.661513929245285,8.767315525641028,-0.10580159639574305,-0.30862131054910813,0.7585874137142405,0.9699821258237212,False,NS
ILMN_3000709,8.303758527358486,8.399758653846158,-0.09600012648767198,-0.3084264588419509,0.7587200188193147,0.9699821258237212,False,NS
ILMN_3000581,8.517244863207544,8.414616528205128,0.1026283350024162,0.30877228579818183,0.7585024844485998,0.9699821258237212,False,NS
ILMN_3004474,8.45051684716981,8.353967284615383,0.09654956255442748,0.30798254703978045,0.7589749665414369,0.97006002881063,False,NS
ILMN_3004842,8.584309133018868,8.486378456410257,0.09793067660861077,0.30771509557514065,0.7592332636526469,0.9701421718025133,False,NS
ILMN_3001378,8.495765938679243,8.377171107692309,0.11859483098693424,0.3074794606915156,0.7594732040761973,0.9702008227851269,False,NS
ILMN_3000783,8.476277518867922,8.587820369230771,-0.11154285036284861,-0.30668430334428654,0.7600310817923336,0.9704176223089039,False,NS
ILMN_3004902,8.46390415471698,8.362297015384616,0.10160713933236387,0.3066709381445145,0.7600252056831113,0.9704176223089039,False,NS
ILMN_3003308,8.549210891509437,8.655538705128205,-0.10632781361876731,-0.30379926582518896,0.7622885868651019,0.9704245327375504,False,NS
ILMN_3004724,8.432419150943398,8.338176258974359,0.09424289196903857,0.30322846556408406,0.7625452653070933,0.9704245327375504,False,NS
ILMN_3002070,8.633240972641508,8.746768058974359,-0.11352708633285147,-0.30470295140679876,0.761567394217406,0.9704245327375504,False,NS
ILMN_3003332,8.360911063207551,8.255483869230769,0.10542719397678191,0.3034013187778369,0.7625148814332334,0.9704245327375504,False,NS
ILMN_3004821,8.457538874528302,8.547729905128206,-0.09019103059990385,-0.3046387264545584,0.7614143123650491,0.9704245327375504,False,NS
ILMN_3000824,8.515478925471697,8.426259443589746,0.08921948188195117,0.3033867310810139,0.762477537647518,0.9704245327375504,False,NS
ILMN_3001906,8.695977703773586,8.790214366666666,-0.09423666289307953,-0.3032147230066586,0.7625595978251671,0.9704245327375504,False,NS
ILMN_3002080,8.353244113207545,8.444345843589744,-0.09110173038219926,-0.30420043038196354,0.7617464111704603,0.9704245327375504,False,NS
ILMN_3003944,8.383757792452831,8.29755083076923,0.08620696168360098,0.3043584475153543,0.7616412464422911,0.9704245327375504,False,NS
ILMN_3002255,8.500708891509431,8.404546597435896,0.09616229407353494,0.305630258209705,0.7607244628461559,0.9704245327375504,False,NS
ILMN_3001158,8.44885013490566,8.343789333333335,0.10506080157232489,0.3060862304337481,0.7605179929421334,0.9704245327375504,False,NS
ILMN_3003054,8.521993451886795,8.43070924102564,0.09128421086115424,0.30494308891115895,0.7612769945999788,0.9704245327375504,False,NS
ILMN_3002486,8.457654729245286,8.56098943076923,-0.1033347015239432,-0.304606488076595,0.7616661866770099,0.9704245327375504,False,NS
ILMN_3004964,8.594911065094339,8.493195048717949,0.10171601637638972,0.3030266086077651,0.7628338488073665,0.9704263235093525,False,NS
ILMN_3001274,8.563698851886796,8.667971441025642,-0.10427258913884607,-0.3029618111263544,0.762949175543053,0.9704263235093525,False,NS
ILMN_3004520,8.68906638773585,8.575023007692309,0.11404338004354031,0.30283602475399835,0.7631492575238998,0.9704339490385299,False,NS
ILMN_3001154,8.258281609433963,8.169082533333327,0.08919907610063582,0.3017445324414639,0.7635525151536022,0.970699866709385,False,NS
ILMN_3004179,8.466516041509434,8.568439584615385,-0.10192354310595064,-0.30149656594338026,0.7640076103139238,0.9710315331900404,False,NS
ILMN_3004816,8.263638286792451,8.363116351282049,-0.09947806448959717,-0.2976482917906091,0.7668510387698851,0.9710491540806484,False,NS
ILMN_3002544,8.309417930188678,8.408503464102562,-0.0990855339138843,-0.2977838691957488,0.7669002135476879,0.9710491540806484,False,NS
ILMN_3002642,8.747030690566035,8.65518068205128,0.09185000851475422,0.2993179221728927,0.7655601371963283,0.9710491540806484,False,NS
ILMN_3004610,8.773658950943396,8.681632594871793,0.09202635607160303,0.29902728633117376,0.7657435788107478,0.9710491540806484,False,NS
ILMN_3001418,8.831030334905662,8.720366997435898,0.11066333746976476,0.2998341358692417,0.7653602805913398,0.9710491540806484,False,NS
ILMN_3004340,8.618023301886794,8.513635353846157,0.10438794804063711,0.30046203181843806,0.7647818566909509,0.9710491540806484,False,NS
ILMN_3004436,8.374851072641512,8.473481730769233,-0.0986306581277212,-0.29676047482926915,0.7675822926677361,0.9710491540806484,False,NS
ILMN_3004450,8.648595178301884,8.758736351282053,-0.11014117298016934,-0.29818629487092,0.7665716903359288,0.9710491540806484,False,NS
ILMN_3002067,8.56479096415094,8.65768285128205,-0.09289188713110974,-0.29615208545144384,0.7678382030551439,0.9710491540806484,False,NS
ILMN_3003475,8.290160125471694,8.385328433333333,-0.09516830786163943,-0.29739515278214795,0.7670169706461831,0.9710491540806484,False,NS
ILMN_3004391,8.386251940566035,8.486188356410256,-0.09993641584422086,-0.29726851092225365,0.7671686688196757,0.9710491540806484,False,NS
ILMN_3002592,8.355351816981132,8.451905733333335,-0.09655391635220312,-0.29715088988514055,0.7672712751608365,0.9710491540806484,False,NS
ILMN_3002698,8.48282882924528,8.581882405128207,-0.09905357588292674,-0.2996952593609452,0.7654715366146934,0.9710491540806484,False,NS
ILMN_3004054,8.57770805283019,8.477467897435897,0.10024015539429243,0.29671375264613314,0.7677284032344771,0.9710491540806484,False,NS
ILMN_3001267,8.422521982075468,8.532827453846153,-0.11030547177068506,-0.30081961105175914,0.7645223519088197,0.9710491540806484,False,NS
ILMN_3001286,8.421172566037738,8.511261005128205,-0.09008843909046682,-0.2993519140118308,0.765484214245238,0.9710491540806484,False,NS
ILMN_3004545,8.43815486509434,8.534890584615384,-0.09673571952104432,-0.2987936775049813,0.7658983950411977,0.9710491540806484,False,NS
ILMN_3000968,8.62151439528302,8.5285366025641,0.09297779271891926,0.29603399795532537,0.7679056710469767,0.9710491540806484,False,NS
ILMN_3003131,8.585432744339624,8.670528092307693,-0.08509534796806939,-0.2978805406939388,0.7665883121183401,0.9710491540806484,False,NS
ILMN_3001025,8.300616799999998,8.201482335897435,0.09913446410256377,0.2972772146466235,0.7671225693918581,0.9710491540806484,False,NS
ILMN_3001539,8.462411044339627,8.562811548717946,-0.10040050437831916,-0.29560278604875556,0.7684786705945453,0.9714651811895524,False,NS
ILMN_3003725,8.393509774528304,8.483091479487179,-0.0895817049588743,-0.294863644016001,0.7690118374296496,0.9714651811895524,False,NS
ILMN_3004103,8.386771585849058,8.479695061538465,-0.09292347568940684,-0.29498371526514083,0.7689489602930091,0.9714651811895524,False,NS
ILMN_3001420,8.715405455660374,8.619761743589741,0.0956437120706326,0.29540337526980487,0.7687132349997867,0.9714651811895524,False,NS
ILMN_3001009,8.562798733962264,8.664915505128205,-0.10211677116594053,-0.2886520004752984,0.7737571604801158,0.9719379658134989,False,NS
ILMN_3003474,8.554224355660377,8.464358305128204,0.08986605053217289,0.2869162083714484,0.7749634382613927,0.9719379658134989,False,NS
ILMN_3002079,8.730157733962264,8.822950574358975,-0.09279284039671154,-0.28886193723591347,0.7735543400396226,0.9719379658134989,False,NS
ILMN_3004152,8.486620966037735,8.397532079487181,0.08908888655055414,0.28006341576164745,0.7801971756570724,0.9719379658134989,False,NS
ILMN_3002590,8.615656029245281,8.522334412820513,0.09332161642476855,0.2826839861517725,0.7782354464316648,0.9719379658134989,False,NS
ILMN_3001738,8.52183591792453,8.619421523076921,-0.0975856051523909,-0.2853683453290089,0.7762061899180104,0.9719379658134989,False,NS
ILMN_3003453,8.487701281132077,8.58791626923077,-0.100214988098692,-0.2930577879461214,0.7704617896246664,0.9719379658134989,False,NS
ILMN_3004051,8.398788490566037,8.494291246153848,-0.09550275558781074,-0.2826502781664383,0.7782803842191647,0.9719379658134989,False,NS
ILMN_3004958,8.574361696226413,8.490844628205126,0.08351706802128689,0.2763525768367359,0.7829932252593547,0.9719379658134989,False,NS
ILMN_3002771,8.518948693396226,8.422778764102564,0.09616992929366219,0.28178123228081187,0.7789814597162683,0.9719379658134989,False,NS
ILMN_3003100,8.571169505660382,8.473259700000002,0.09790980566038066,0.27827066845231085,0.7816997419818884,0.9719379658134989,False,NS
ILMN_3003561,8.545917927358493,8.446257207692309,0.0996607196661845,0.2869262788479816,0.7750668036460305,0.9719379658134989,False,NS
ILMN_3003840,8.477153377358492,8.575245633333333,-0.09809225597484073,-0.28263440921695265,0.7783192618097379,0.9719379658134989,False,NS
ILMN_3004799,8.516497311320752,8.600083253846154,-0.08358594252540286,-0.29022015050607913,0.7723955329129409,0.9719379658134989,False,NS
ILMN_3003531,8.618864883962264,8.527271864102563,0.09159301985970103,0.2852796406614086,0.7762097668052792,0.9719379658134989,False,NS
ILMN_3000673,8.442431459433966,8.521293712820512,-0.0788622533865464,-0.2884161107773344,0.7736864733972427,0.9719379658134989,False,NS
ILMN_3002008,8.255249251886793,8.356028012820513,-0.10077876093371962,-0.28504248911327373,0.7765970449691391,0.9719379658134989,False,NS
ILMN_3001786,8.67736234056604,8.784343343589743,-0.10698100302370328,-0.2899596135205509,0.7728854270250527,0.9719379658134989,False,NS
ILMN_3004399,8.512261505660378,8.600627776923075,-0.08836627126269647,-0.284420042640573,0.7769099404566997,0.9719379658134989,False,NS
ILMN_3002573,8.566830660377361,8.659690264102563,-0.09285960372520208,-0.28021315842068584,0.7800758874055577,0.9719379658134989,False,NS
ILMN_3001056,8.643797971698113,8.734731933333336,-0.09093396163522272,-0.2915037855365469,0.7715145605502669,0.9719379658134989,False,NS
ILMN_3003260,8.528026115094343,8.431777174358976,0.09624894073536794,0.27681715816666796,0.7828455842136776,0.9719379658134989,False,NS
ILMN_3003314,8.553621199056602,8.638928812820517,-0.0853076137639146,-0.276575477918793,0.7828355860480622,0.9719379658134989,False,NS
ILMN_3000637,8.445199518867925,8.544133935897435,-0.09893441702950945,-0.2930032472678339,0.7705019417807685,0.9719379658134989,False,NS
ILMN_3003159,8.619493468867928,8.708858635897437,-0.08936516702950925,-0.27806048043235676,0.7816554404638327,0.9719379658134989,False,NS
ILMN_3004852,8.302741175471699,8.208569258974357,0.09417191649734136,0.283340509367599,0.7778388895559876,0.9719379658134989,False,NS
ILMN_3004835,8.39613558018868,8.486290125641025,-0.09015454545234469,-0.28180987619619374,0.778945397699475,0.9719379658134989,False,NS
ILMN_3000900,8.408336668867923,8.315920510256412,0.09241615861151153,0.27886164669580266,0.7810972769905661,0.9719379658134989,False,NS
ILMN_3001320,8.450263462264154,8.548401956410256,-0.09813849414610232,-0.2892045387902591,0.7732912122777299,0.9719379658134989,False,NS
ILMN_3001618,8.835964814150941,8.727760907692307,0.10820390645863398,0.2848840099908859,0.7766670691423815,0.9719379658134989,False,NS
ILMN_3002951,8.593445950000005,8.494104792307693,0.09934115769231155,0.27763927044305087,0.7821466108174071,0.9719379658134989,False,NS
ILMN_3003461,8.54733323584906,8.45793470769231,0.08939852815674953,0.2907679251233866,0.7720421332124121,0.9719379658134989,False,NS
ILMN_3001946,8.377074852830194,8.472704238461537,-0.0956293856313426,-0.2781486172823792,0.7817320544681676,0.9719379658134989,False,NS
ILMN_3001081,8.600034747169811,8.697119951282053,-0.09708520411224164,-0.2893840245657395,0.7731807970212192,0.9719379658134989,False,NS
ILMN_3002632,8.411116332075471,8.315221456410256,0.09589487566521449,0.2915054507928431,0.7715165630061381,0.9719379658134989,False,NS
ILMN_3002617,8.535688805660378,8.427460584615387,0.10822822104499075,0.27822416142359885,0.7817577020552796,0.9719379658134989,False,NS
ILMN_3002978,8.310326221698112,8.212275784615384,0.09805043708272798,0.2938806655904035,0.769888849635991,0.9719379658134989,False,NS
ILMN_3003488,8.565267911320758,8.460558374358977,0.10470953696178142,0.28867635436932093,0.7736969352066068,0.9719379658134989,False,NS
ILMN_3001703,8.363757590566038,8.27503406923077,0.08872352133526817,0.2809918705457852,0.7795111854581243,0.9719379658134989,False,NS
ILMN_3002350,8.4231563245283,8.51422486923077,-0.09106854470246972,-0.2869264056890525,0.7748344640060573,0.9719379658134989,False,NS
ILMN_3003799,8.632130318867926,8.539798138461537,0.09233218040638924,0.2878575383062972,0.7743613514479112,0.9719379658134989,False,NS
ILMN_3004225,8.497480251886795,8.409843858974359,0.08763639291243663,0.2800980782935104,0.7803301948736491,0.9719379658134989,False,NS
ILMN_3000811,8.51026249339623,8.609892643589742,-0.09963015019351218,-0.28874749734027566,0.7736147448303253,0.9719379658134989,False,NS
ILMN_3003805,8.572319769811322,8.673452584615385,-0.10113281480406222,-0.2818069390187448,0.7790986982770796,0.9719379658134989,False,NS
ILMN_3001962,8.555419333962266,8.474061284615383,0.08135804934688373,0.2798951480592939,0.7802140144335511,0.9719379658134989,False,NS
ILMN_3004815,8.523260800943396,8.418952717948718,0.10430808299467742,0.2845242509285001,0.7768516680954233,0.9719379658134989,False,NS
ILMN_3003193,8.328126152830187,8.424182589743591,-0.09605643691340404,-0.2921065076607337,0.7710793452727146,0.9719379658134989,False,NS
ILMN_3004903,8.59382753018868,8.693704220512817,-0.09987669032413748,-0.2818712844805158,0.7789516632847654,0.9719379658134989,False,NS
ILMN_3004551,8.287635366037733,8.385465500000002,-0.09783013396226892,-0.2794659020447216,0.7807182534727507,0.9719379658134989,False,NS
ILMN_3004866,8.731031587735847,8.63236172307692,0.0986698646589268,0.2914919474298552,0.7715420541672424,0.9719379658134989,False,NS
ILMN_3004871,8.496419699056602,8.587333994871797,-0.09091429581519428,-0.2765321060682813,0.7829678674844578,0.9719379658134989,False,NS
ILMN_3002820,8.419114933018864,8.512630005128205,-0.09351507210934074,-0.2851852542641085,0.7762985234854181,0.9719379658134989,False,NS
ILMN_3004543,8.38853079150943,8.296280871794874,0.09224991971455587,0.2830119300183998,0.7780586658950609,0.9719379658134989,False,NS
ILMN_3000963,8.498391929245281,8.407915415384613,0.09047651386066846,0.2856506085874362,0.7760307779902014,0.9719379658134989,False,NS
ILMN_3004126,8.472012506603772,8.55272592820513,-0.08071342160135764,-0.2852899342123868,0.7761143637129044,0.9719379658134989,False,NS
ILMN_3001029,8.5169652745283,8.423694897435897,0.09327037709240216,0.28020962263713395,0.7802544317970831,0.9719379658134989,False,NS
ILMN_3003972,8.658531763207547,8.568472405128208,0.09005935807933874,0.28137857538228445,0.7791995887444519,0.9719379658134989,False,NS
ILMN_3001477,8.6954387,8.614312841025646,0.08112585897435487,0.2820382283037326,0.7787920030292417,0.9719379658134989,False,NS
ILMN_3003426,8.489266903773581,8.591163076923078,-0.1018961731494965,-0.2886239447649643,0.7737687195966166,0.9719379658134989,False,NS
ILMN_3004687,8.520997358490565,8.61807647948718,-0.09707912099661442,-0.27758713783855654,0.7821075062102774,0.9719379658134989,False,NS
ILMN_3004129,8.659950579245283,8.760793289743589,-0.10084271049830562,-0.28129879430976346,0.7794004939120537,0.9719379658134989,False,NS
ILMN_3004090,8.856459139622642,8.759288615384618,0.09717052423802386,0.2801991553761731,0.7801835487911629,0.9719379658134989,False,NS
ILMN_3002157,8.374253495283021,8.466833253846154,-0.09257975856313294,-0.2865383769760595,0.775379606080345,0.9719379658134989,False,NS
ILMN_3003125,8.875217153773583,8.984064294871795,-0.10884714109821125,-0.2778496889681598,0.7820797654153271,0.9719379658134989,False,NS
ILMN_3004315,8.464837208490563,8.549638133333332,-0.08480092484276902,-0.2764876845037251,0.7829526510294234,0.9719379658134989,False,NS
ILMN_3002489,8.591389130188682,8.70228507179487,-0.11089594160618788,-0.2888736140812437,0.7736777827224139,0.9719379658134989,False,NS
ILMN_3000741,8.516989489622643,8.419340056410256,0.0976494332123874,0.28691110449535967,0.775051852384768,0.9719379658134989,False,NS
ILMN_3002471,8.458829196226414,8.362833943589745,0.09599525263666919,0.2833900492250692,0.7778060615298897,0.9719379658134989,False,NS
ILMN_3003751,8.462041842452827,8.36255486923077,0.09948697322205646,0.29112670498369847,0.7718551136343884,0.9719379658134989,False,NS
ILMN_3000601,8.475846550943396,8.573875933333337,-0.09802938238994052,-0.2930705809462446,0.7703735435689725,0.9719379658134989,False,NS
ILMN_3003521,8.442159502830185,8.359676533333332,0.08248296949685319,0.2757017662373653,0.7834927796594959,0.9723166786541275,False,NS
ILMN_3003175,8.404353672641511,8.49126347179487,-0.08690979915335895,-0.2684660962578551,0.7892675634893008,0.9724834444175713,False,NS
ILMN_3001341,8.761477648113209,8.673692423076924,0.08778522503628494,0.26862231289437694,0.7890785387357749,0.9724834444175713,False,NS
ILMN_3002385,8.440681661320756,8.346751702564104,0.093929958756652,0.2712592883049347,0.7871123773478477,0.9724834444175713,False,NS
ILMN_3002622,8.527293847169812,8.425532541025643,0.10176130614416934,0.271416483822971,0.7870324533564232,0.9724834444175713,False,NS
ILMN_3004831,8.62191066509434,8.729805997435898,-0.1078953323415579,-0.2729931513904287,0.7857486222556516,0.9724834444175713,False,NS
ILMN_3002554,8.805038629245287,8.70959154871795,0.09544708052733597,0.2721722425638041,0.7863554472398422,0.9724834444175713,False,NS
ILMN_3004781,8.424656055660378,8.518084546153847,-0.09342849049346924,-0.2695605240952623,0.7882723344244549,0.9724834444175713,False,NS
ILMN_3003228,8.435714549999998,8.527746687179489,-0.09203213717949055,-0.2746417223990466,0.784604005461866,0.9724834444175713,False,NS
ILMN_3002402,8.550864697169809,8.459810130769231,0.09105456640057774,0.2691281160084154,0.7885911510761637,0.9724834444175713,False,NS
ILMN_3002057,8.589313490566038,8.68155092051282,-0.09223742994678119,-0.2711919930515177,0.7871783658872085,0.9724834444175713,False,NS
ILMN_3004207,8.509473205660383,8.596114466666666,-0.08664126100628344,-0.2700254848929397,0.7878975185556514,0.9724834444175713,False,NS
ILMN_3002992,8.492199725471698,8.578785935897438,-0.08658621042573955,-0.2690748344463383,0.7887405824168184,0.9724834444175713,False,NS
ILMN_3000958,8.497360193396226,8.585449094871796,-0.08808890147557058,-0.2706483309275859,0.7874770373299036,0.9724834444175713,False,NS
ILMN_3002174,8.220020879245281,8.310870894871796,-0.09085001562651485,-0.26997747311211273,0.7880345545488572,0.9724834444175713,False,NS
ILMN_3000579,8.291232174528304,8.213547164102565,0.07768501042573916,0.2688654664220934,0.7887510529611265,0.9724834444175713,False,NS
ILMN_3004811,8.385536184905662,8.479494171794872,-0.09395798688920998,-0.27038411400031515,0.7876733049572134,0.9724834444175713,False,NS
ILMN_3000819,8.556999490566042,8.661259084615384,-0.10425959404934204,-0.2699698142604597,0.7880950760325057,0.9724834444175713,False,NS
ILMN_3001417,8.565505941509429,8.466071041025641,0.09943490048378756,0.27327258147064787,0.7855250158381816,0.9724834444175713,False,NS
ILMN_3001406,8.40846053679245,8.494233658974359,-0.08577312218190869,-0.2684135865788324,0.7891769418654757,0.9724834444175713,False,NS
ILMN_3004466,8.603618032075468,8.686727782051282,-0.08310974997581333,-0.27397318450006564,0.7848473596359884,0.9724834444175713,False,NS
ILMN_3000832,8.507247352830195,8.422246256410256,0.0850010964199388,0.27377026147200145,0.7850803585162305,0.9724834444175713,False,NS
ILMN_3000565,8.437531262264155,8.334997064102566,0.10253419816158882,0.27064703829184295,0.7875969613949446,0.9724834444175713,False,NS
ILMN_3003420,8.37694586698113,8.29624108974359,0.0807047772375391,0.27500150863425094,0.7838944982245905,0.9724834444175713,False,NS
ILMN_3004255,8.429740966037734,8.345961712820513,0.08377925321722124,0.27395778700231055,0.7847741270807598,0.9724834444175713,False,NS
ILMN_3001304,8.43215685754717,8.346649664102564,0.08550719344460589,0.2707485038210275,0.7873446243642538,0.9724834444175713,False,NS
ILMN_3004491,8.57986843301887,8.66499937948718,-0.08513094646830943,-0.2749995515854563,0.7841371426128508,0.9724834444175713,False,NS
ILMN_3001300,8.527235605660376,8.442910053846154,0.08432555181422252,0.26907705394176956,0.7887448486304007,0.9724834444175713,False,NS
ILMN_3004590,8.480863567924526,8.397438453846155,0.08342511407837172,0.27430805675066455,0.7846183990758289,0.9724834444175713,False,NS
ILMN_3003155,8.551506533962264,8.462861941025643,0.08864459293662108,0.27129217767248986,0.7869642093352184,0.9724834444175713,False,NS
ILMN_3003307,8.36082270471698,8.271587571794871,0.08923513292210927,0.26744005904461665,0.7900284177070899,0.9729414011171057,False,NS
ILMN_3002467,8.592627381132075,8.680155007692306,-0.08752762656023094,-0.267661837881785,0.789866305846728,0.9729414011171057,False,NS
ILMN_3003312,8.586132278301884,8.670387738461537,-0.08425546015965324,-0.2647074475754332,0.7919733567476679,0.9730355008097072,False,NS
ILMN_3001278,8.44570286037736,8.357873369230768,0.08782949114659111,0.26499710799560544,0.7918055267185062,0.9730355008097072,False,NS
ILMN_3001929,8.477539785849054,8.39451191025641,0.08302787559264324,0.2636737786190599,0.7928293260597494,0.9730355008097072,False,NS
ILMN_3002522,8.632790076415095,8.541460553846155,0.09132952256893923,0.2641298745309348,0.7926038945721909,0.9730355008097072,False,NS
ILMN_3002674,8.419713711320757,8.50946464102564,-0.08975092970488241,-0.26547846257969754,0.7915492729232558,0.9730355008097072,False,NS
ILMN_3004618,8.558037136792453,8.635827871794872,-0.07779073500241829,-0.26436021799496484,0.7921280300717455,0.9730355008097072,False,NS
ILMN_3001691,8.446364833962265,8.358106020512825,0.08825881344944086,0.26395384660188687,0.7926593474256649,0.9730355008097072,False,NS
ILMN_3004832,8.763317030188677,8.669732928205127,0.09358410198355038,0.264260261859788,0.792392239436302,0.9730355008097072,False,NS
ILMN_3001513,8.734356835849058,8.64742846923077,0.08692836661828807,0.26476161773610823,0.7919117262511132,0.9730355008097072,False,NS
ILMN_3002197,8.637093461320745,8.738058153846152,-0.10096469252540707,-0.26532094926906097,0.7916814861283242,0.9730355008097072,False,NS
ILMN_3001521,8.370522083962262,8.462209328205129,-0.09168724424286623,-0.2654639751989214,0.7914403202409741,0.9730355008097072,False,NS
ILMN_3003989,8.685098198113208,8.775002782051281,-0.08990458393807366,-0.2655209117797045,0.7913771222347354,0.9730355008097072,False,NS
ILMN_3000913,8.608705868867926,8.519775974358975,0.08892989450895072,0.2668086390324684,0.7905298035068313,0.9730355008097072,False,NS
ILMN_3003957,8.359609963207552,8.454556500000002,-0.09494653679245069,-0.2661290428980465,0.7910252069860403,0.9730355008097072,False,NS
ILMN_3002245,8.590024171698115,8.490942341025642,0.099081830672473,0.263145321894369,0.7933368569833443,0.9731806390865362,False,NS
ILMN_3002271,8.443692861320754,8.53848688461538,-0.09479402329462694,-0.26319068138561685,0.7931623827017226,0.9731806390865362,False,NS
ILMN_3002340,8.492509943396227,8.578353358974356,-0.08584341557812891,-0.262553568380769,0.7936578557656784,0.9733356092294314,False,NS
ILMN_3003106,8.573819931132077,8.667051869230766,-0.09323193809868968,-0.2623410804928667,0.7938765064804625,0.9733650153021856,False,NS
ILMN_3002488,8.572527241509432,8.663110551282053,-0.09058330977262052,-0.2610090463322762,0.7948986927405732,0.9739077010018924,False,NS
ILMN_3000677,8.539609281132075,8.44748433076923,0.09212495036284452,0.26107856303082533,0.7949034655577446,0.9739077010018924,False,NS
ILMN_3001842,8.368033475471698,8.451659246153847,-0.08362577068214883,-0.2614593185123132,0.7945842362731999,0.9739077010018924,False,NS
ILMN_3002915,8.74756062264151,8.659474607692308,0.08808601494920154,0.25969499484428676,0.7958812507344899,0.9739080274306073,False,NS
ILMN_3003146,8.396402410377359,8.304168141025642,0.0922342693517173,0.2599115607611407,0.7957896566413921,0.9739080274306073,False,NS
ILMN_3004425,8.50771448018868,8.599886607692307,-0.09217212750362691,-0.2581363066165436,0.7970269013382554,0.9739080274306073,False,NS
ILMN_3004109,8.444341444339623,8.531019692307694,-0.08667824796807189,-0.25881344636937254,0.7966970578849601,0.9739080274306073,False,NS
ILMN_3003883,8.449948745283017,8.366261923076921,0.08368682220609536,0.25817070493555844,0.7970329113553112,0.9739080274306073,False,NS
ILMN_3003104,8.430684669811319,8.514704284615384,-0.08401961480406506,-0.25892734882530455,0.7964623413439472,0.9739080274306073,False,NS
ILMN_3004291,8.488644949056606,8.414846856410255,0.07379809264635107,0.25824139908188826,0.7969005020957642,0.9739080274306073,False,NS
ILMN_3001338,8.398377683962266,8.486360341025643,-0.08798265706337638,-0.25982490349132714,0.7959543710925617,0.9739080274306073,False,NS
ILMN_3002834,8.30285464716981,8.386479853846156,-0.08362520667634676,-0.2591897234147385,0.7962073730191106,0.9739080274306073,False,NS
ILMN_3001269,8.574193688679246,8.490133830769231,0.08405985791001491,0.25821259645194305,0.7970463296492091,0.9739080274306073,False,NS
ILMN_3002857,8.63198188018868,8.710954656410255,-0.07897277622157439,-0.2586704628563087,0.7966543282252185,0.9739080274306073,False,NS
ILMN_3003905,8.782731559433962,8.871907312820511,-0.0891757533865487,-0.25767169882484026,0.7974913030007069,0.97421366112962,False,NS
ILMN_3004785,8.501027131132076,8.414343956410256,0.08668317472181997,0.2573354092835945,0.7977626801732443,0.9743071326004449,False,NS
ILMN_3002796,8.786955221698117,8.712430556410256,0.07452466528786061,0.25671855894164686,0.7980806233520462,0.9744574155702641,False,NS
ILMN_3001023,8.585023850000002,8.667721523076922,-0.08269767307692,-0.254881787352966,0.7995357451294414,0.9745074465423316,False,NS
ILMN_3001476,8.382245932075474,8.468324666666664,-0.0860787345911902,-0.25483350575533364,0.7996808106326373,0.9745074465423316,False,NS
ILMN_3003722,8.458489065094339,8.377324682051285,0.0811643830430544,0.25565899223617067,0.7990176670777058,0.9745074465423316,False,NS
ILMN_3001947,8.502564042452832,8.411119792307693,0.09144425014513935,0.2565795460976701,0.7984157458995342,0.9745074465423316,False,NS
ILMN_3004406,8.459742617924528,8.374361374358974,0.08538124356555343,0.25540837482904777,0.799101847587125,0.9745074465423316,False,NS
ILMN_3002138,8.79362901981132,8.708844294871794,0.08478472493952616,0.25592496698483036,0.7988359054817628,0.9745074465423316,False,NS
ILMN_3004584,8.62407529245283,8.534366274358973,0.08970901809385623,0.2556984754450075,0.7989364603848993,0.9745074465423316,False,NS
ILMN_3004805,8.50641419245283,8.590279797435898,-0.0838656049830675,-0.2550658127117438,0.7994524712610438,0.9745074465423316,False,NS
ILMN_3000997,8.533589873584905,8.61087745897436,-0.07728758538945435,-0.2535502854744036,0.8006186362501251,0.9754125685308542,False,NS
ILMN_3004693,8.49344235566038,8.567937002564102,-0.0744946469037231,-0.24224510867469867,0.8093276056185481,0.9757549365805316,False,NS
ILMN_3003018,8.53870834245283,8.457507694871795,0.08120064758103496,0.25268607977321467,0.8013378550771473,0.9757549365805316,False,NS
ILMN_3001647,8.517797352830192,8.436325651282056,0.08147170154813566,0.24921474349316824,0.8038746973194618,0.9757549365805316,False,NS
ILMN_3003928,8.311437089622645,8.39070848974359,-0.07927140012094469,-0.24053338749711337,0.810589563513706,0.9757549365805316,False,NS
ILMN_3002304,8.684451374528301,8.758336869230769,-0.07388549470246808,-0.2484029033826397,0.804476048412549,0.9757549365805316,False,NS
ILMN_3003253,8.346088212264148,8.426926220512822,-0.0808380082486746,-0.2418287220202389,0.8097001168357505,0.9757549365805316,False,NS
ILMN_3000705,8.375761196226412,8.462607274358975,-0.08684607813256306,-0.24396943390135908,0.8080627417965671,0.9757549365805316,False,NS
ILMN_3003078,8.787788294339624,8.702228035897438,0.08556025844218595,0.2498887832487953,0.8034995270171514,0.9757549365805316,False,NS
ILMN_3004706,8.643623286792453,8.563484092307691,0.08013919448476159,0.24441732294357948,0.807716987738402,0.9757549365805316,False,NS
ILMN_3003164,8.691754919811318,8.61582931282051,0.07592560699080764,0.24087761786265804,0.8103999328240098,0.9757549365805316,False,NS
ILMN_3001033,8.30246234716981,8.22396983333333,0.07849251383647982,0.24754552927522752,0.8051719302289078,0.9757549365805316,False,NS
ILMN_3001697,8.727575473584908,8.639552369230769,0.08802310435413929,0.24152795236174573,0.8098959997172228,0.9757549365805316,False,NS
ILMN_3003394,8.659911389622637,8.732414633333331,-0.07250324371069361,-0.24607858952288003,0.8061969573244036,0.9757549365805316,False,NS
ILMN_3004468,8.508204505660379,8.574100228205129,-0.06589572254475051,-0.2466490667199804,0.8058104866276546,0.9757549365805316,False,NS
ILMN_3000918,8.63090146981132,8.707646207692308,-0.07674473788098801,-0.2470830995761935,0.8053951849454458,0.9757549365805316,False,NS
ILMN_3002416,8.699423568867926,8.785462605128208,-0.08603903626028142,-0.2403312067456194,0.8108194589747733,0.9757549365805316,False,NS
ILMN_3002323,8.61825704245283,8.696132807692306,-0.07787576523947592,-0.2507193060488909,0.8027285127252081,0.9757549365805316,False,NS
ILMN_3003351,8.513801035849054,8.427452274358975,0.08634876149007908,0.24808696927079618,0.804982407062068,0.9757549365805316,False,NS
ILMN_3004857,8.795386353773583,8.874648038461538,-0.07926168468795503,-0.24889129523093664,0.8041450298864042,0.9757549365805316,False,NS
ILMN_3004002,8.53503257264151,8.616422638461536,-0.08139006582002573,-0.25108058686038803,0.8026187431437984,0.9757549365805316,False,NS
ILMN_3003935,8.437854738679247,8.346976833333335,0.09087790534591278,0.25103320918352146,0.8026459623613997,0.9757549365805316,False,NS
ILMN_3004809,8.707538395283018,8.615457994871797,0.09208040041122167,0.2513356380093822,0.8023959127905834,0.9757549365805316,False,NS
ILMN_3003053,8.416974866037734,8.49207595897436,-0.07510109293662559,-0.24616651546809906,0.8062476847761704,0.9757549365805316,False,NS
ILMN_3001957,8.660468040566034,8.57999301025641,0.08047503030962311,0.2412170221535042,0.8101334291567229,0.9757549365805316,False,NS
ILMN_3001980,8.236062393396223,8.147883969230769,0.08817842416545396,0.2408253109793441,0.8105034673117353,0.9757549365805316,False,NS
ILMN_3003060,8.53068428490566,8.611923864102563,-0.08123957919690206,-0.24014173637338912,0.810939994113465,0.9757549365805316,False,NS
ILMN_3003042,8.47058541509434,8.38875841025641,0.0818270048379297,0.2487268868778549,0.8043281597138657,0.9757549365805316,False,NS
ILMN_3004825,8.497470361320756,8.595237125641024,-0.09776676432026754,-0.2454190431215126,0.8069780044713524,0.9757549365805316,False,NS
ILMN_3002646,8.780521522641509,8.858779946153845,-0.07825842351233625,-0.2486516747920695,0.8044136018869256,0.9757549365805316,False,NS
ILMN_3002899,8.47125541792453,8.55023693076923,-0.07898151284470067,-0.2427439744387573,0.8090326187760568,0.9757549365805316,False,NS
ILMN_3002854,8.481858800943396,8.549285784615385,-0.0674269836719894,-0.23982787847775622,0.8110475032857379,0.9757549365805316,False,NS
ILMN_3000502,8.33568236037736,8.41745373846154,-0.08177137808418067,-0.24384251259756948,0.8081207669580661,0.9757549365805316,False,NS
ILMN_3002845,8.544604969811322,8.468568292307692,0.0760366775036303,0.24009200617230486,0.8109002129094819,0.9757549365805316,False,NS
ILMN_3002780,8.136044820754718,8.222408915384616,-0.08636409462989825,-0.2517576589779997,0.8020370766391769,0.9757549365805316,False,NS
ILMN_3003501,8.533496639622642,8.453342197435898,0.08015444218674439,0.2522389365824482,0.8016541777471082,0.9757549365805316,False,NS
ILMN_3001344,8.346903688679246,8.262146838461538,0.08475685021770829,0.25243678972343253,0.8015310050148946,0.9757549365805316,False,NS
ILMN_3001746,8.566052823584906,8.49264946153846,0.07340336204644693,0.24756672016753367,0.8050851620156613,0.9757549365805316,False,NS
ILMN_3001805,8.43295313018868,8.505641710256405,-0.07268858006772483,-0.24563545083251645,0.8066441045538182,0.9757549365805316,False,NS
ILMN_3001878,8.574012565094343,8.500939020512819,0.07307354458152382,0.2468507434571699,0.8056629748061716,0.9757549365805316,False,NS
ILMN_3004916,8.528577166037737,8.612382528205131,-0.08380536216739465,-0.24515538559032116,0.8071739199959399,0.9757549365805316,False,NS
ILMN_3001530,8.344844152830188,8.263144584615386,0.08169956821480184,0.24985665043509436,0.8034710902785926,0.9757549365805316,False,NS
ILMN_3004895,8.461866586792453,8.37882014102564,0.08304644576681319,0.24680890936639743,0.8058748691371265,0.9757549365805316,False,NS
ILMN_3001348,8.593289222641507,8.51839456153846,0.07489466110304654,0.25055893058800466,0.8028367947178605,0.9757549365805316,False,NS
ILMN_3003605,8.519741985849057,8.429276166666668,0.0904658191823895,0.24108327845314692,0.8103914295232756,0.9757549365805316,False,NS
ILMN_3003784,8.56102919622642,8.635689269230769,-0.07466007300434896,-0.24155945008470123,0.8097183149837833,0.9757549365805316,False,NS
ILMN_3003663,8.404456551886792,8.481029643589743,-0.07657309170295079,-0.241220856978475,0.8100098324722488,0.9757549365805316,False,NS
ILMN_3003669,8.508733203773584,8.594380546153847,-0.08564734238026261,-0.24310480028263515,0.8086823696290449,0.9757549365805316,False,NS
ILMN_3001825,8.717941773584904,8.637549235897433,0.08039253768747123,0.24329058004553875,0.8085015853960705,0.9757549365805316,False,NS
ILMN_3001252,8.530202408490567,8.608793084615385,-0.07859067612481851,-0.24830946977770357,0.8046282265633385,0.9757549365805316,False,NS
ILMN_3003625,8.342143609433963,8.418846346153845,-0.07670273671988248,-0.24434363899438188,0.8076162933092912,0.9757549365805316,False,NS
ILMN_3001998,8.26646646981132,8.194880884615387,0.07158558519593328,0.2435032796864791,0.8082054899742783,0.9757549365805316,False,NS
ILMN_3001351,8.434733262264151,8.51290826153846,-0.07817499927430838,-0.24396194145565073,0.8080521690256212,0.9757549365805316,False,NS
ILMN_3003512,8.06542475471698,8.135735833333332,-0.070311078616351,-0.23948379361718386,0.8113752283914205,0.9758465822405566,False,NS
ILMN_3002795,8.582303013207548,8.50447245128205,0.07783056192549864,0.23946079407962081,0.8115140177912469,0.9758465822405566,False,NS
ILMN_3002004,8.339018224528305,8.270696874358974,0.06832135016933094,0.238369446739838,0.8122207147544777,0.9762268206183626,False,NS
ILMN_3002498,8.580152612264147,8.491954953846154,0.0881976584179931,0.23888682138061065,0.8120371698796959,0.9762268206183626,False,NS
ILMN_3000887,8.582586432075475,8.507242389743588,0.07534404233188674,0.23677359775874657,0.8135555576329456,0.9763561490977424,False,NS
ILMN_3003286,8.425233217924534,8.352072205128204,0.07316101279633003,0.23784984924906746,0.8126458917742881,0.9763561490977424,False,NS
ILMN_3003028,8.76087901415094,8.837180089743589,-0.07630107559264943,-0.23510636990933392,0.814831914183056,0.9763561490977424,False,NS
ILMN_3000643,8.462511317924532,8.538391699999998,-0.0758803820754661,-0.23774301579846083,0.812795974969804,0.9763561490977424,False,NS
ILMN_3004601,8.684913283962267,8.607254856410256,0.07765842755201113,0.23498022870831153,0.8148685063741442,0.9763561490977424,False,NS
ILMN_3001289,8.714102866037734,8.795476702564104,-0.0813738365263692,-0.2347669987613086,0.8151171120442559,0.9763561490977424,False,NS
ILMN_3001916,8.313539958490567,8.390547028205132,-0.07700706971456484,-0.23743315094526418,0.8130221123526636,0.9763561490977424,False,NS
ILMN_3000537,8.240214405660378,8.157889005128204,0.08232540053217363,0.23454565177133627,0.8152573844966149,0.9763561490977424,False,NS
ILMN_3003602,8.5722894245283,8.657565869230767,-0.0852764447024672,-0.2371475914653606,0.813224032899357,0.9763561490977424,False,NS
ILMN_3001245,8.648302715094342,8.723674741025642,-0.07537202593129955,-0.2351694561476714,0.8147642570654944,0.9763561490977424,False,NS
ILMN_3004503,8.541851229245287,8.615527664102563,-0.07367643485727626,-0.23566364299297038,0.8143539304014452,0.9763561490977424,False,NS
ILMN_3000614,8.443682960377357,8.374882394871795,0.0688005655055619,0.23501001689843723,0.8148646905784764,0.9763561490977424,False,NS
ILMN_3000566,8.511395407547168,8.596844964102562,-0.08544955655539432,-0.2366126167440514,0.8137987183625552,0.9763561490977424,False,NS
ILMN_3002333,8.540411897169813,8.459090823076924,0.08132107409288913,0.23580655253100133,0.8142790872506644,0.9763561490977424,False,NS
ILMN_3004991,8.617743948113205,8.687487033333332,-0.06974308522012684,-0.2360232147036942,0.8139558687434116,0.9763561490977424,False,NS
ILMN_3002041,8.617540766037735,8.690466874358975,-0.07292610832124069,-0.23376228785388892,0.8158482903192292,0.9768298495201498,False,NS
ILMN_3003658,8.47401118679245,8.558788946153847,-0.08477775936139587,-0.2335076978087735,0.8160592793466565,0.976848550809979,False,NS
ILMN_3004075,8.729256803773584,8.808033743589744,-0.07877693981616041,-0.23298022819533207,0.8165139223093838,0.9771588347407657,False,NS
ILMN_3003007,8.32941231981132,8.424061833333331,-0.09464951352201112,-0.23144256737950014,0.8178045270599443,0.977573999123364,False,NS
ILMN_3000955,8.428754261320753,8.354285233333334,0.07446902798741917,0.22973688300270112,0.8190114964655543,0.977573999123364,False,NS
ILMN_3001562,8.67956338773585,8.763841423076924,-0.08427803534107348,-0.23060712377160364,0.8183874614594412,0.977573999123364,False,NS
ILMN_3001496,8.543813861320755,8.623900900000004,-0.08008703867924893,-0.23154011588452408,0.8176424175321412,0.977573999123364,False,NS
ILMN_3003092,8.568454569811323,8.491854271794868,0.07660029801645507,0.23038629532389618,0.818491717999449,0.977573999123364,False,NS
ILMN_3002679,8.22096846226415,8.295729035897438,-0.07476057363328792,-0.23099154887992496,0.8180459910139738,0.977573999123364,False,NS
ILMN_3000839,8.578364150943397,8.488412864102564,0.08995128684083298,0.23013006276397693,0.8188429322296822,0.977573999123364,False,NS
ILMN_3000954,8.778975870754714,8.69684943846154,0.08212643229317429,0.23088262431290588,0.8180975941386855,0.977573999123364,False,NS
ILMN_3003747,8.705545399999997,8.793348466666666,-0.0878030666666696,-0.2297423174463681,0.8190064905242477,0.977573999123364,False,NS
ILMN_3001346,8.65688649811321,8.738662741025642,-0.0817762429124329,-0.23072510606298383,0.8182989409489222,0.977573999123364,False,NS
ILMN_3003706,8.4391231009434,8.367174064102565,0.07194903684083442,0.23097290553579178,0.8179839054965702,0.977573999123364,False,NS
ILMN_3001316,8.35574859716981,8.437500346153849,-0.08175174898403803,-0.2286601368153847,0.8199571098138857,0.9784691047898397,False,NS
ILMN_3001132,8.47725763773585,8.39797418974359,0.07928344799226039,0.22625579609279198,0.8217506478736663,0.9799077604026547,False,NS
ILMN_3003160,8.71740098773585,8.651591882051283,0.06580910568456666,0.2264786101809647,0.821384380214765,0.9799077604026547,False,NS
ILMN_3001763,8.725949741509435,8.663207661538461,0.06274207997097392,0.22606209152951698,0.8217326149347902,0.9799077604026547,False,NS
ILMN_3001187,8.509792383962266,8.590604889743586,-0.08081250578132071,-0.22555468857609556,0.8222633980382091,0.9802645188141313,False,NS
ILMN_3000591,8.682881023584905,8.754601646153846,-0.0717206225689413,-0.2252436760089765,0.8224419312850562,0.9802645188141313,False,NS
ILMN_3003534,8.350743863207548,8.419679061538462,-0.0689351983309141,-0.22413155971157347,0.8233053563481991,0.9808782396038314,False,NS
ILMN_3003452,8.438914679245281,8.501767202564107,-0.06285252331882596,-0.22320382514658385,0.8239377212672183,0.9808782396038314,False,NS
ILMN_3000721,8.474726035849054,8.55609536410256,-0.08136932825350662,-0.2235956872224902,0.8238514929680273,0.9808782396038314,False,NS
ILMN_3004864,8.487767228301882,8.411714671794872,0.07605255650701004,0.2238556179144889,0.8235714344638905,0.9808782396038314,False,NS
ILMN_3002799,8.807091057547176,8.73441922051282,0.0726718370343562,0.22364333893514263,0.823594791191337,0.9808782396038314,False,NS
ILMN_3003528,8.640405373584905,8.552160761538461,0.0882446120464433,0.22301040609457842,0.824284402832059,0.9810573706641978,False,NS
ILMN_3004037,8.418491700943395,8.354235112820511,0.06425658812288404,0.22246761466810405,0.824590688455958,0.981171356429285,False,NS
ILMN_3002429,8.556791747169811,8.631002835897434,-0.07421108872762261,-0.21982061253961574,0.8267152395521657,0.981171356429285,False,NS
ILMN_3004483,8.555677350943393,8.626166512820513,-0.07048916187711995,-0.22077133848121477,0.8259014945882257,0.981171356429285,False,NS
ILMN_3004975,8.23142897641509,8.310468720512821,-0.07903974409773085,-0.22005467551053823,0.8265552003952841,0.981171356429285,False,NS
ILMN_3002787,8.524989481132074,8.594582246153847,-0.06959276502177225,-0.2196772193446044,0.8267349849273156,0.981171356429285,False,NS
ILMN_3001182,8.610670810377362,8.682727364102563,-0.0720565537252007,-0.2207698145653416,0.8259208709385997,0.981171356429285,False,NS
ILMN_3001792,8.593313105660375,8.51482671025641,0.0784863954039654,0.22042274637622988,0.8262471050464767,0.981171356429285,False,NS
ILMN_3003551,8.785512842452832,8.713921923076924,0.07159091937590745,0.22213527916020365,0.8248685604943587,0.981171356429285,False,NS
ILMN_3001517,8.438056560377357,8.36220071025641,0.07585585012094676,0.22007004861777313,0.8264760675369349,0.981171356429285,False,NS
ILMN_3001572,8.532635373584904,8.461817882051282,0.0708174915336226,0.2202203772665906,0.8264082980458397,0.981171356429285,False,NS
ILMN_3002439,8.59204322264151,8.515536666666668,0.07650655597484324,0.22193035716731968,0.825047164635542,0.981171356429285,False,NS
ILMN_3004690,8.448303500943396,8.371187330769231,0.07711617017416472,0.22093436831593125,0.825937048963883,0.981171356429285,False,NS
ILMN_3003099,8.291406543396226,8.22223494871795,0.06917159467827538,0.2184590894178368,0.8277203981792225,0.9811987391660522,False,NS
ILMN_3002745,8.392410568867922,8.317814379487181,0.07459618938074009,0.21842517157608266,0.8277392563604816,0.9811987391660522,False,NS
ILMN_3000558,8.570963492452831,8.64157822051282,-0.07061472805998825,-0.21881169441246,0.8274157131422596,0.9811987391660522,False,NS
ILMN_3002962,8.575964900000002,8.496763528205127,0.07920137179487519,0.2188297975475512,0.8275104179993875,0.9811987391660522,False,NS
ILMN_3002071,8.594499280188682,8.521525182051281,0.07297409813740074,0.21875932683386184,0.8275174638132219,0.9811987391660522,False,NS
ILMN_3001525,8.496845106603772,8.566777507692306,-0.06993240108853449,-0.2128069381189385,0.8321122073801376,0.9812643954954453,False,NS
ILMN_3000510,8.691592069811318,8.758346992307693,-0.06675492249637571,-0.21694451306834245,0.8288273171353596,0.9812643954954453,False,NS
ILMN_3004955,8.594777438679243,8.660900730769232,-0.0661232920899888,-0.21549097804384806,0.8299335987381582,0.9812643954954453,False,NS
ILMN_3002941,8.557255144339624,8.627857358974362,-0.07060221463473759,-0.2146256041161016,0.830683318525535,0.9812643954954453,False,NS
ILMN_3004836,8.405500491509436,8.339939782051282,0.06556070945815407,0.21437023386237453,0.8308704760638321,0.9812643954954453,False,NS
ILMN_3002295,8.539437661320752,8.626153120512823,-0.08671545919207091,-0.21709421122319333,0.8289373738187552,0.9812643954954453,False,NS
ILMN_3001402,8.31444801037736,8.243473838461538,0.07097417191582167,0.21363952960828886,0.8315294761135018,0.9812643954954453,False,NS
ILMN_3000830,8.781892296226417,8.854038753846156,-0.07214645761973948,-0.21471850594636205,0.8306497604857715,0.9812643954954453,False,NS
ILMN_3002100,8.684881283962266,8.767409746153847,-0.08252846219158094,-0.21305469416091388,0.8320046226995897,0.9812643954954453,False,NS
ILMN_3004427,8.487075381132076,8.413951033333337,0.07312434779873911,0.21383055208502016,0.8313556742030177,0.9812643954954453,False,NS
ILMN_3001152,8.523882219811318,8.585005728205129,-0.061123508393810866,-0.21287490200320186,0.8318930456177025,0.9812643954954453,False,NS
ILMN_3002009,8.5318635245283,8.453492743589743,0.0783707809385561,0.21386698739885104,0.8314106194920345,0.9812643954954453,False,NS
ILMN_3004319,8.56944811981132,8.497630187179489,0.07181793263183067,0.2163315480966632,0.8294736025596015,0.9812643954954453,False,NS
ILMN_3003363,8.33518749528302,8.260783758974359,0.07440373630866048,0.21526982279569515,0.8302870242932742,0.9812643954954453,False,NS
ILMN_3003328,8.571049815094343,8.650202751282048,-0.07915293618770569,-0.21569080785271266,0.8299960712460812,0.9812643954954453,False,NS
ILMN_3002222,8.714426833962262,8.635948207692305,0.07847862626995727,0.21466499340757664,0.8308088386398464,0.9812643954954453,False,NS
ILMN_3001049,8.58132347264151,8.507142035897438,0.0741814367440714,0.2136273455065884,0.8315242946698734,0.9812643954954453,False,NS
ILMN_3000684,8.502050771698116,8.586841151282051,-0.08479037958393576,-0.2169844693078415,0.8289785806250072,0.9812643954954453,False,NS
ILMN_3001576,8.40441685660377,8.46484691025641,-0.06043005365263987,-0.2147397297341738,0.8305360852487246,0.9812643954954453,False,NS
ILMN_3003684,8.666933924528303,8.590138451282051,0.07679547324625169,0.2149378841679841,0.8304504855579296,0.9812643954954453,False,NS
ILMN_3003804,8.460115768867924,8.537879253846155,-0.07776348497823093,-0.2162096283004234,0.8295742636250086,0.9812643954954453,False,NS
ILMN_3001767,8.844900068867926,8.771446279487181,0.07345378938074454,0.21700978979041496,0.8288793392450647,0.9812643954954453,False,NS
ILMN_3000991,8.419915185849062,8.348234671794874,0.0716805140541883,0.21186549936290647,0.8328135729697723,0.9817907845582519,False,NS
ILMN_3003494,8.345824136792453,8.277240802564103,0.06858333422835017,0.21146781070874507,0.8331476597761326,0.9817907845582519,False,NS
ILMN_3002320,8.596888851886794,8.526452946153846,0.070435905732948,0.21159883224159604,0.8330344108835703,0.9817907845582519,False,NS
ILMN_3004882,8.676664170754714,8.60831845897436,0.06834571178035453,0.21069969988840703,0.8337710245085543,0.9822938554530565,False,NS
ILMN_3004511,8.489925850943397,8.561754212820514,-0.07182836187711672,-0.20994540169206913,0.8343265415871213,0.9827167745431347,False,NS
ILMN_3004644,8.891172293396226,8.820576166666665,0.07059612672956028,0.20936286850475871,0.834799328497906,0.9830420731251837,False,NS
ILMN_3001901,8.34301006037736,8.276842594871795,0.06616746550556485,0.20542986634944216,0.8377744058999091,0.9837092257464308,False,NS
ILMN_3001734,8.608353554716977,8.681345928205129,-0.07299237348815169,-0.2068364397398729,0.836912969562189,0.9837092257464308,False,NS
ILMN_3002752,8.729594326415093,8.788668920512821,-0.059074594097728195,-0.2052461855171425,0.8379069141525134,0.9837092257464308,False,NS
ILMN_3004899,8.458421290566038,8.400243315384614,0.0581779751814242,0.2062141152101452,0.8371990693098489,0.9837092257464308,False,NS
ILMN_3004216,8.467418464150942,8.53433492051282,-0.06691645636187715,-0.2056230481515963,0.8376787798419879,0.9837092257464308,False,NS
ILMN_3004314,8.483335869811324,8.55110836153846,-0.06777249172713695,-0.2070657348637843,0.8365702653079491,0.9837092257464308,False,NS
ILMN_3003786,8.362709394339625,8.295155146153844,0.06755424818578071,0.2062459321089529,0.8372257821701127,0.9837092257464308,False,NS
ILMN_3002343,8.437814145283019,8.37043541025641,0.06737873502660818,0.20533260955826418,0.8379235184908098,0.9837092257464308,False,NS
ILMN_3001013,8.35009601226415,8.419743051282053,-0.06964703901790337,-0.20648653648310802,0.8370614898574579,0.9837092257464308,False,NS
ILMN_3001470,8.501042738679242,8.43340692051282,0.06763581816642272,0.2055348598750514,0.8378285891846817,0.9837092257464308,False,NS
ILMN_3003107,8.727816778301886,8.655886099999998,0.0719306783018876,0.20814591436859925,0.8358032733705826,0.9837092257464308,False,NS
ILMN_3004125,8.479653005660381,8.5427548,-0.06310179433961949,-0.20571953849719027,0.8376212729615138,0.9837092257464308,False,NS
ILMN_3003707,8.569187748113205,8.638096376923079,-0.06890862880987392,-0.20622856872462764,0.8372372250319845,0.9837092257464308,False,NS
ILMN_3000938,8.23907296226415,8.17287574102564,0.06619722123850913,0.20342403911588106,0.8394260844708387,0.9838561702658681,False,NS
ILMN_3004791,8.402183849999998,8.337498864102562,0.06468498589743632,0.20487960277557,0.8383218306046567,0.9838561702658681,False,NS
ILMN_3002284,8.453446855660385,8.523433461538461,-0.0699866058780767,-0.20421239750658637,0.8388494843229214,0.9838561702658681,False,NS
ILMN_3001793,8.359940347169811,8.423772789743591,-0.06383244257377996,-0.20374035788107286,0.8390855884456041,0.9838561702658681,False,NS
ILMN_3001368,8.272451973584907,8.341925702564103,-0.06947372897919557,-0.20411246840448666,0.8388997677032247,0.9838561702658681,False,NS
ILMN_3004505,8.539371926415091,8.59919708974359,-0.05982516332849919,-0.2034165934602819,0.839350773319364,0.9838561702658681,False,NS
ILMN_3001047,8.616061384905656,8.55319775897436,0.06286362593129624,0.203510171074013,0.8392994429472377,0.9838561702658681,False,NS
ILMN_3001888,8.442796353773584,8.504240205128207,-0.061443851354622936,-0.19784943768935456,0.8437272949263072,0.9840924657038407,False,NS
ILMN_3003713,8.416109110377358,8.340574084615383,0.07553502576197424,0.199294225004202,0.8427668201814373,0.9840924657038407,False,NS
ILMN_3001235,8.515830089622641,8.446363648717949,0.06946644090469256,0.19818150842875762,0.8435533933444739,0.9840924657038407,False,NS
ILMN_3003705,8.337302987735848,8.274460584615383,0.06284240312046485,0.1980733638656545,0.8436147515196596,0.9840924657038407,False,NS
ILMN_3001960,8.448463639622641,8.509206361538462,-0.06074272191582075,-0.19774619363643747,0.8437788330133598,0.9840924657038407,False,NS
ILMN_3002314,8.483770805660377,8.55767657179487,-0.07390576613449262,-0.2026919160229058,0.840051444904546,0.9840924657038407,False,NS
ILMN_3001007,8.56272881698113,8.4976524974359,0.06507631954523063,0.19757274039020234,0.8438782249414553,0.9840924657038407,False,NS
ILMN_3002216,8.579859602830188,8.6458001025641,-0.06594049973391236,-0.20204747510242455,0.8404879995236871,0.9840924657038407,False,NS
ILMN_3004080,8.7309711,8.661909384615386,0.06906171538461336,0.2010117703796687,0.8413168790139438,0.9840924657038407,False,NS
ILMN_3002476,8.500119618867924,8.436345535897436,0.06377408297048781,0.19942356336343703,0.8424831460824849,0.9840924657038407,False,NS
ILMN_3002913,8.482743295283019,8.410063841025643,0.07267945425737565,0.2013310284408502,0.8410936974718831,0.9840924657038407,False,NS
ILMN_3002920,8.424280742452831,8.358497946153843,0.06578279629898809,0.2019115940408003,0.8406316872448051,0.9840924657038407,False,NS
ILMN_3002420,8.359629631132073,8.419995956410258,-0.060366325278184974,-0.20148231008303752,0.8408942613841238,0.9840924657038407,False,NS
ILMN_3001317,8.397822513207549,8.33785695128205,0.05996556192549818,0.20175615381322073,0.840615351865721,0.9840924657038407,False,NS
ILMN_3003539,8.508054120754718,8.579637923076923,-0.07158380232220551,-0.20210433532727276,0.840481834194297,0.9840924657038407,False,NS
ILMN_3003540,8.44664616320755,8.378230387179483,0.06841577602806659,0.1993049737419631,0.8427420269211008,0.9840924657038407,False,NS
ILMN_3003741,8.544162946226415,8.478212648717948,0.0659502975084667,0.1998291802998055,0.8422672215079509,0.9840924657038407,False,NS
ILMN_3003727,8.43498075660377,8.497449994871797,-0.06246923826802764,-0.19966310991928526,0.842365641048368,0.9840924657038407,False,NS
ILMN_3004272,8.606607290566037,8.54409013076923,0.06251715979680661,0.19962187957735733,0.8423825367020902,0.9840924657038407,False,NS
ILMN_3003571,8.328886126415096,8.385031900000001,-0.056145773584905356,-0.19901613865306447,0.842783966525881,0.9840924657038407,False,NS
ILMN_3004423,8.480753773584905,8.54900817179487,-0.06825439820996593,-0.19779016356376702,0.8438015900661344,0.9840924657038407,False,NS
ILMN_3003826,8.48841555,8.417535228205127,0.07088032179487236,0.1977190284943767,0.8439576985876138,0.9840924657038407,False,NS
ILMN_3004079,8.709074651886793,8.649162397435893,0.05991225445090009,0.19713545585852388,0.8442265140447891,0.98417639781393,False,NS
ILMN_3003893,8.59974904528302,8.662324561538464,-0.06257551625544444,-0.19652052374647733,0.8446891064956945,0.9842567076388891,False,NS
ILMN_3001062,8.60688685754717,8.540828889743588,0.06605796780358197,0.19674316116904095,0.8446554310912544,0.9842567076388891,False,NS
ILMN_3004848,8.748479720754716,8.687990912820512,0.0604888079342043,0.1958854568250497,0.8451816066768987,0.984415423402995,False,NS
ILMN_3000598,8.513555145283021,8.574381787179489,-0.06082664189646714,-0.19584317935203646,0.8452190825338116,0.984415423402995,False,NS
ILMN_3004782,8.607332144339624,8.673781187179488,-0.06644904283986364,-0.1955404214445607,0.8455474181670298,0.9845684887832206,False,NS
ILMN_3004963,8.641681358490569,8.704397958974358,-0.06271660048378891,-0.19345113795367855,0.8471604664934328,0.9846593997152152,False,NS
ILMN_3002910,8.646670990566042,8.575767497435894,0.07090349313014777,0.18740748380202865,0.8518841309172424,0.9846593997152152,False,NS
ILMN_3002935,8.18827545188679,8.253870828205127,-0.06559537631833656,-0.19222530142432145,0.8480572752258719,0.9846593997152152,False,NS
ILMN_3000610,8.620824536792448,8.690932933333334,-0.07010839654088663,-0.1937504905344728,0.8469684233229914,0.9846593997152152,False,NS
ILMN_3002565,8.555097601886791,8.493865705128204,0.06123189675858676,0.1870775988784773,0.8521242445135472,0.9846593997152152,False,NS
ILMN_3000773,8.339862756603774,8.274809433333333,0.06505332327044044,0.1875658245518279,0.8518382478519816,0.9846593997152152,False,NS
ILMN_3000669,8.457394042452833,8.512591305128206,-0.05519726267537273,-0.18857357422834733,0.8508877169402097,0.9846593997152152,False,NS
ILMN_3002651,8.543953908490563,8.48228548974359,0.061668418746972264,0.18841347156843444,0.8510774661070017,0.9846593997152152,False,NS
ILMN_3002361,8.55034666226415,8.480352982051285,0.06999368021286578,0.19105521333153191,0.8491452985721429,0.9846593997152152,False,NS
ILMN_3004106,8.403148297169809,8.476542184615381,-0.0733938874455724,-0.1949230293719503,0.8461694001206406,0.9846593997152152,False,NS
ILMN_3003270,8.274531695283018,8.345135597435895,-0.07060390215287704,-0.19006783981694314,0.8498744045953063,0.9846593997152152,False,NS
ILMN_3002322,8.682362330188681,8.748339415384617,-0.06597708519593581,-0.19354369068766014,0.8471571790364664,0.9846593997152152,False,NS
ILMN_3004704,8.578076742452831,8.654299269230771,-0.07622252677793995,-0.1879441481932364,0.8516423433285394,0.9846593997152152,False,NS
ILMN_3003918,8.213556575471696,8.281178694871794,-0.06762211940009877,-0.19218730595787084,0.8481778910231148,0.9846593997152152,False,NS
ILMN_3001887,8.321800356603777,8.391180046153844,-0.06937968955006646,-0.1948163670847502,0.8462096453075667,0.9846593997152152,False,NS
ILMN_3003244,8.355948566037732,8.408351625641027,-0.05240305960329472,-0.19024324790291816,0.8496194332764545,0.9846593997152152,False,NS
ILMN_3001724,8.194197225471697,8.249887664102564,-0.05569043863086698,-0.18964926486634034,0.8501439596753855,0.9846593997152152,False,NS
ILMN_3004452,8.4381980245283,8.497857948717948,-0.05965992418964916,-0.18729629961026886,0.8519997388461779,0.9846593997152152,False,NS
ILMN_3004446,8.627896783962264,8.564805325641029,0.0630914583212352,0.19288110739031486,0.8475628930115596,0.9846593997152152,False,NS
ILMN_3003334,8.46983481037736,8.523739656410257,-0.05390484603289636,-0.18754626937705862,0.8517769527421609,0.9846593997152152,False,NS
ILMN_3001371,8.518060525471695,8.579422356410253,-0.061361830938558626,-0.1925217770082478,0.8479466547886705,0.9846593997152152,False,NS
ILMN_3004635,8.554546406603771,8.609098643589745,-0.054552236985973224,-0.18761470593973387,0.851693715135563,0.9846593997152152,False,NS
ILMN_3003538,8.626098629245282,8.558601064102564,0.06749756514271787,0.18955154561796672,0.8502659409621919,0.9846593997152152,False,NS
ILMN_3001095,8.44924303679245,8.52505368974359,-0.07581065295114087,-0.1918082004057063,0.848624880322528,0.9846593997152152,False,NS
ILMN_3003595,8.623142944339625,8.68360743846154,-0.06046449412191457,-0.18874443297017604,0.8508202619575073,0.9846593997152152,False,NS
ILMN_3001166,8.55649493490566,8.497584394871796,0.05891054003386387,0.19310619773295964,0.8474093827477237,0.9846593997152152,False,NS
ILMN_3002859,8.478591432075474,8.420455817948717,0.05813561412675661,0.188384627855941,0.8510932288822207,0.9846593997152152,False,NS
ILMN_3002877,8.588303727358491,8.643792810256413,-0.055489082897921094,-0.18736429165087584,0.8518256488265334,0.9846593997152152,False,NS
ILMN_3001926,8.6001524735849,8.673672871794869,-0.07352039820996836,-0.19270370507590517,0.847843373824378,0.9846593997152152,False,NS
ILMN_3001896,8.732306016037741,8.8008849,-0.06857888396225853,-0.1911269469380236,0.8490059872898145,0.9846593997152152,False,NS
ILMN_3004375,8.484824820754714,8.4285782025641,0.05624661819061316,0.19187188356120935,0.8483241554872708,0.9846593997152152,False,NS
ILMN_3003578,8.696923218867926,8.64036845897436,0.05655475989356695,0.18964400467318404,0.8500944344423738,0.9846593997152152,False,NS
ILMN_3003979,8.264394365094338,8.207136858974359,0.057257506119979595,0.19312389147358672,0.8474009716943944,0.9846593997152152,False,NS
ILMN_3004487,8.487701117924527,8.42475048205128,0.06295063587324634,0.18571601792987097,0.8532009095883712,0.9855074795078959,False,NS
ILMN_3001524,8.75580728207547,8.69418278974359,0.061624492331880276,0.18573023743868075,0.8532523757579362,0.9855074795078959,False,NS
ILMN_3002377,8.317817544339624,8.2648311,0.05298644433962352,0.185132063728412,0.853606814103241,0.9856891617820335,False,NS
ILMN_3000820,8.570720166037736,8.509210533333333,0.06150963270440357,0.1788805179477349,0.8586259952103472,0.9857017873757731,False,NS
ILMN_3001604,8.603901105660375,8.552113435897434,0.051787669762941135,0.18430703651362,0.8543206593815805,0.9857017873757731,False,NS
ILMN_3003931,8.56897429716981,8.516515028205129,0.05245926896468056,0.17657001991656257,0.860395699549311,0.9857017873757731,False,NS
ILMN_3002355,8.462434802830188,8.404774069230767,0.057660733599421476,0.17480056033810815,0.8617005025239008,0.9857017873757731,False,NS
ILMN_3000850,8.60876058490566,8.546230056410256,0.06253052849540452,0.17711103060885008,0.8600333190695992,0.9857017873757731,False,NS
ILMN_3003267,8.498477315094341,8.556186184615386,-0.05770886952104526,-0.17750962722642719,0.8596365210690151,0.9857017873757731,False,NS
ILMN_3000543,8.253388445283019,8.308937610256411,-0.05554916497339235,-0.17685740621480603,0.860068590715895,0.9857017873757731,False,NS
ILMN_3000946,8.591503049056598,8.64732523846154,-0.055822189404942435,-0.1799347567564512,0.8577058763466429,0.9857017873757731,False,NS
ILMN_3003368,8.465359207547168,8.393348723076926,0.07201048447024228,0.17950616332143732,0.8581691510442588,0.9857017873757731,False,NS
ILMN_3003762,8.549132053773585,8.616012546153847,-0.06688049238026217,-0.1755008702560603,0.8612830970816165,0.9857017873757731,False,NS
ILMN_3003773,8.746486674528303,8.691471507692306,0.05501516683599661,0.17520292094515538,0.8614652916815302,0.9857017873757731,False,NS
ILMN_3001292,8.466384329245281,8.527350407692309,-0.06096607844702717,-0.17663951771316436,0.8602780070915432,0.9857017873757731,False,NS
ILMN_3003398,8.787337127358489,8.724663158974364,0.06267396838412509,0.1813715967151697,0.8566916060254293,0.9857017873757731,False,NS
ILMN_3001369,8.36797489056604,8.310553653846156,0.057421236719884305,0.17489367699458508,0.8616806807534876,0.9857017873757731,False,NS
ILMN_3001002,8.598262320754717,8.653464076923079,-0.05520175616836198,-0.18119669405561487,0.8567448477379038,0.9857017873757731,False,NS
ILMN_3003313,8.486248584905658,8.427306946153848,0.05894163875180958,0.17603429226800696,0.8608606073618315,0.9857017873757731,False,NS
ILMN_3004537,8.482068792452832,8.541813515384616,-0.05974472293178401,-0.1774563499912206,0.8597426834350483,0.9857017873757731,False,NS
ILMN_3003216,8.258169328301886,8.308795071794872,-0.05062574349298643,-0.17480608642526518,0.8616863150014782,0.9857017873757731,False,NS
ILMN_3000799,8.457051570754718,8.511989212820511,-0.05493764206579321,-0.18025619818473781,0.8574405421490895,0.9857017873757731,False,NS
ILMN_3003941,8.232277159433957,8.175307382051281,0.05696977738267606,0.1755046098276861,0.8611945477804276,0.9857017873757731,False,NS
ILMN_3004728,8.623201971698112,8.55170265897436,0.07149931272375198,0.18030203601593597,0.8575292315826147,0.9857017873757731,False,NS
ILMN_3004870,8.346832613207546,8.402673994871796,-0.05584138166424957,-0.17894438224793488,0.8584615333378813,0.9857017873757731,False,NS
ILMN_3003023,8.603993121698112,8.660334512820512,-0.0563413911224,-0.17563027531913314,0.8611203662103204,0.9857017873757731,False,NS
ILMN_3001613,8.404874679245282,8.467490628205127,-0.06261594895984501,-0.18386102558539805,0.8547436515997006,0.9857017873757731,False,NS
ILMN_3003749,8.485952023584908,8.547989643589744,-0.062037620004836924,-0.18275053876068054,0.8555436149658734,0.9857017873757731,False,NS
ILMN_3000716,8.566332975471704,8.619798846153847,-0.05346587068214248,-0.17906972711256278,0.8583119604286381,0.9857017873757731,False,NS
ILMN_3000682,8.460530856603778,8.515505833333334,-0.054974976729555536,-0.17598301660799007,0.8608230558589499,0.9857017873757731,False,NS
ILMN_3002946,8.099561093396224,8.159898543589744,-0.060337450193520326,-0.18154118501420735,0.8564203802858447,0.9857017873757731,False,NS
ILMN_3002231,8.556904696226418,8.613241600000002,-0.05633690377358391,-0.1754429480757613,0.8612420652032974,0.9857017873757731,False,NS
ILMN_3002202,8.296604326415098,8.354263533333334,-0.05765920691823645,-0.18106347966502676,0.8568249780116505,0.9857017873757731,False,NS
ILMN_3004217,8.513317051886796,8.578345282051284,-0.06502823016448822,-0.17830685465649837,0.859065964218977,0.9857017873757731,False,NS
ILMN_3001088,8.342855956603776,8.393794092307692,-0.05093813570391603,-0.18192372545382685,0.8560266835638234,0.9857017873757731,False,NS
ILMN_3001093,8.643171182075475,8.587311410256415,0.0558597718190601,0.17795322588453039,0.859232007703343,0.9857017873757731,False,NS
ILMN_3004196,8.536616321698112,8.474921787179484,0.06169453451862772,0.17809642269578774,0.8592442475628874,0.9857017873757731,False,NS
ILMN_3001722,8.23133163207547,8.28869023333333,-0.05735860125786019,-0.17539992565660983,0.8612611850909662,0.9857017873757731,False,NS
ILMN_3004175,8.568747556603775,8.626330407692308,-0.057582851088533005,-0.18094346517819868,0.8568426888302381,0.9857017873757731,False,NS
ILMN_3004970,8.473607626415092,8.531369925641025,-0.057762299225933234,-0.1800130547235953,0.8576740945977003,0.9857017873757731,False,NS
ILMN_3001940,8.300708033962266,8.35842312051282,-0.05771508655055335,-0.1818976383348465,0.8561697245433619,0.9857017873757731,False,NS
ILMN_3002833,8.522098025471692,8.464104215384614,0.057993810087078046,0.18099733902419707,0.8569475088639816,0.9857017873757731,False,NS
ILMN_3001990,8.377367966981133,8.433908599999999,-0.056540633018865805,-0.18051996426046923,0.8573133632322114,0.9857017873757731,False,NS
ILMN_3004029,8.383704413207546,8.44485223076923,-0.06114781756168419,-0.18174485818677022,0.8562660924034812,0.9857017873757731,False,NS
ILMN_3004976,8.339648657547166,8.389690284615385,-0.050041627068219796,-0.17404716639128553,0.8622951604883285,0.9861564049500555,False,NS
ILMN_3001266,8.384893606603773,8.44481351025641,-0.05991990365263611,-0.17253013719458601,0.8636033794224721,0.9863228283209635,False,NS
ILMN_3002272,8.421779631132077,8.470467523076922,-0.04868789194484435,-0.17217542607843314,0.8636320494825609,0.9863228283209635,False,NS
ILMN_3004429,8.532273310377361,8.475183917948717,0.05708939242864375,0.17219618300953915,0.8637875708945891,0.9863228283209635,False,NS
ILMN_3001319,8.47132918301887,8.52218619230769,-0.0508570092888192,-0.17205729906649705,0.8638215330434998,0.9863228283209635,False,NS
ILMN_3004915,8.27403330283019,8.334614202564104,-0.060580899733913895,-0.17306385944321806,0.8632001774158016,0.9863228283209635,False,NS
ILMN_3004055,8.61336833490566,8.556977992307694,0.05639034259796638,0.17238859080190422,0.8636089359730597,0.9863228283209635,False,NS
ILMN_3004047,8.44261450754717,8.389397079487178,0.05321742805999108,0.17303736563291874,0.8630889044379669,0.9863228283209635,False,NS
ILMN_3002789,8.44859688018868,8.401329302564104,0.04726757762457545,0.14926775175723178,0.881770445756934,0.9863448512392755,False,NS
ILMN_3002766,8.308114643396227,8.255903015384616,0.0522116280116105,0.1523826966259185,0.8793614087300531,0.9863448512392755,False,NS
ILMN_3000535,8.542936785849058,8.596015589743589,-0.05307880389453068,-0.14763610386012033,0.883062964885207,0.9863448512392755,False,NS
ILMN_3001523,8.635684008490568,8.682735397435899,-0.047051388945330785,-0.1498316546471914,0.8813003264148863,0.9863448512392755,False,NS
ILMN_3000505,8.580534637735848,8.528566615384614,0.05196802235123421,0.1483438350883027,0.882524598089608,0.9863448512392755,False,NS
ILMN_3002874,8.29195153301887,8.244963633333333,0.046987899685536405,0.14522162592215804,0.8849020176437222,0.9863448512392755,False,NS
ILMN_3001120,8.318052533018866,8.26351593846154,0.05453659455732662,0.14573350780267497,0.8846283481260738,0.9863448512392755,False,NS
ILMN_3004927,8.292985942452828,8.24161336153846,0.051372580914367916,0.1475441115321898,0.8831860403882137,0.9863448512392755,False,NS
ILMN_3002686,8.279097061320755,8.23763703846154,0.041460022859215684,0.15065476238294845,0.8806014013652694,0.9863448512392755,False,NS
ILMN_3000662,8.397589292452832,8.345472546153845,0.05211674629898688,0.15990374234838442,0.8733772976714043,0.9863448512392755,False,NS
ILMN_3000656,8.62010045,8.569492679487178,0.050607770512822725,0.15370418697854735,0.8783118676071736,0.9863448512392755,False,NS
ILMN_3002914,8.540306547169816,8.482320794871795,0.05798575229802161,0.16092903370062275,0.8726799616512787,0.9863448512392755,False,NS
ILMN_3000698,8.28538114245283,8.227312876923076,0.058068265529753305,0.16430529429176882,0.8700279949111314,0.9863448512392755,False,NS
ILMN_3001560,8.401298427358492,8.456739066666666,-0.055440639308173445,-0.16473158040830932,0.8696846238672609,0.9863448512392755,False,NS
ILMN_3001559,8.232697846226415,8.28993011794872,-0.05723227172230416,-0.15547843674783401,0.8769236762417135,0.9863448512392755,False,NS
ILMN_3004000,8.718649425471693,8.770622284615383,-0.05197285914369054,-0.14670337248200807,0.8838123900087896,0.9863448512392755,False,NS
ILMN_3002922,8.34317143113208,8.291620007692307,0.05155142343977204,0.15490797546690382,0.8773584055868361,0.9863448512392755,False,NS
ILMN_3000632,8.874025103773583,8.81997146153846,0.054053642235123434,0.17023520439119116,0.865260195051242,0.9863448512392755,False,NS
ILMN_3002662,8.53547468962264,8.483397371794872,0.052077317827768255,0.15407350150072657,0.8780291217656399,0.9863448512392755,False,NS
ILMN_3002707,8.622887387735851,8.565974235897437,0.05691315183841361,0.17110208855230177,0.8646027305640597,0.9863448512392755,False,NS
ILMN_3004364,8.418615611320757,8.470522594871797,-0.0519069835510404,-0.16669446622551842,0.8681048783271237,0.9863448512392755,False,NS
ILMN_3003621,8.439081257547171,8.493578984615384,-0.05449772706821321,-0.1599283190271852,0.8734499099793095,0.9863448512392755,False,NS
ILMN_3001122,8.404499094339624,8.456422353846152,-0.05192325950652865,-0.15496100394820944,0.8773079949403223,0.9863448512392755,False,NS
ILMN_3003685,8.459633534905658,8.512885717948718,-0.05325218304306034,-0.1696809488401699,0.8656719169846276,0.9863448512392755,False,NS
ILMN_3002977,8.561973733962263,8.51017687179487,0.05179686216739299,0.1582717759321843,0.8746969696311118,0.9863448512392755,False,NS
ILMN_3004373,8.664175879245285,8.713099143589744,-0.04892326434445948,-0.15085647480244657,0.8804874818918949,0.9863448512392755,False,NS
ILMN_3002594,8.573409080188684,8.624463076923076,-0.05105399673439237,-0.1517281185833379,0.8798619978691655,0.9863448512392755,False,NS
ILMN_3002967,8.286330345283018,8.335425520512823,-0.04909517522980522,-0.14834616956228316,0.8824664821851743,0.9863448512392755,False,NS
ILMN_3004792,8.40662894056604,8.46103839230769,-0.05440945174165002,-0.16510797408249686,0.8693548669871223,0.9863448512392755,False,NS
ILMN_3001454,8.466866231132078,8.412294117948719,0.05457211318335986,0.16925711543634087,0.8661583529249932,0.9863448512392755,False,NS
ILMN_3003033,8.315620550943397,8.263749838461539,0.051870712481857595,0.15033053826800702,0.8809787849575681,0.9863448512392755,False,NS
ILMN_3001463,8.600311017924529,8.654145589743592,-0.05383457181906337,-0.15883941296891213,0.8742730349848253,0.9863448512392755,False,NS
ILMN_3000780,8.561159107547173,8.6154668025641,-0.05430769501692723,-0.15941714190090311,0.8738800540546503,0.9863448512392755,False,NS
ILMN_3003067,8.432741280188678,8.482833225641025,-0.05009194545234763,-0.15566062543917594,0.8767461448146125,0.9863448512392755,False,NS
ILMN_3003083,8.259566915094338,8.210738397435895,0.04882851765844265,0.15026469632886869,0.881048728733001,0.9863448512392755,False,NS
ILMN_3003001,8.484080345283017,8.54389823076923,-0.05981788548621303,-0.15652037505371744,0.8761381881507533,0.9863448512392755,False,NS
ILMN_3003073,8.478899284905664,8.529940271794873,-0.051040986889208995,-0.14568483713431005,0.8846071267184781,0.9863448512392755,False,NS
ILMN_3002530,8.48584289716981,8.425553617948719,0.06028927922109162,0.1685055952120458,0.8666850125161024,0.9863448512392755,False,NS
ILMN_3000725,8.446652642452829,8.396656553846151,0.0499960886066777,0.14526093558143857,0.884948600531878,0.9863448512392755,False,NS
ILMN_3004762,8.653688714150942,8.600155651282051,0.05353306286889037,0.15268230624082926,0.87912523126198,0.9863448512392755,False,NS
ILMN_3000745,8.516344465094338,8.462225876923075,0.05411858817126358,0.15408556817164695,0.878056937321351,0.9863448512392755,False,NS
ILMN_3000765,8.602824935849055,8.655566902564102,-0.05274196671504683,-0.14594614384126742,0.8844416418679149,0.9863448512392755,False,NS
ILMN_3001634,8.645638020754717,8.591511682051282,0.054126338703435195,0.14946595732123788,0.8816868162562699,0.9863448512392755,False,NS
ILMN_3001322,8.416990148113207,8.467316989743592,-0.05032684163038503,-0.16158123850980516,0.8720916924214044,0.9863448512392755,False,NS
ILMN_3003898,8.636049485849057,8.689770876923077,-0.05372139107402063,-0.17037176597241213,0.8652267761101564,0.9863448512392755,False,NS
ILMN_3004694,8.434542008490567,8.388552810256408,0.04598919823415848,0.1545575107219792,0.8775523785150523,0.9863448512392755,False,NS
ILMN_3003295,8.511701547169816,8.565507797435897,-0.053806250266081435,-0.1567105403114639,0.8759358505981198,0.9863448512392755,False,NS
ILMN_3002315,8.485901353773588,8.547516828205127,-0.06161547443153914,-0.16036237346222362,0.8731994604008838,0.9863448512392755,False,NS
ILMN_3002370,8.585933929245282,8.527338407692307,0.05859552155297543,0.1649677548074071,0.8695255944940325,0.9863448512392755,False,NS
ILMN_3002428,8.866214809433963,8.802536925641025,0.0636778837929377,0.16328660990845306,0.8708507445755324,0.9863448512392755,False,NS
ILMN_3001969,8.383105112264147,8.429322338461535,-0.04621722619738833,-0.14661189921149714,0.8839149408142835,0.9863448512392755,False,NS
ILMN_3002404,8.49697394433962,8.450528082051282,0.0464458622883388,0.15932501824302925,0.8737809942524173,0.9863448512392755,False,NS
ILMN_3003584,8.590853952830189,8.641907935897438,-0.05105398306724851,-0.15288641792795543,0.8789273591642076,0.9863448512392755,False,NS
ILMN_3003590,8.50791245471698,8.45846656153846,0.049445893178519995,0.15571001913439572,0.8767082673376592,0.9863448512392755,False,NS
ILMN_3001984,8.417301323584907,8.469856923076922,-0.05255559949201505,-0.16749544948110046,0.8674777671911842,0.9863448512392755,False,NS
ILMN_3003204,8.572253515094342,8.635300820512821,-0.06304730541847903,-0.17030817410394972,0.8652877743529116,0.9863448512392755,False,NS
ILMN_3004222,8.61595363867925,8.673682923076923,-0.05772928439767355,-0.1698197378105476,0.8656361373441781,0.9863448512392755,False,NS
ILMN_3003808,8.697876147169804,8.645087825641024,0.0527883215287801,0.15752826775635187,0.8752758977716356,0.9863448512392755,False,NS
ILMN_3003967,8.348299665094341,8.299613520512818,0.04868614458152365,0.16032403377171084,0.8730326876915794,0.9863448512392755,False,NS
ILMN_3003922,8.374466068867925,8.423846233333334,-0.04938016446540949,-0.15035763752895168,0.8809217742056068,0.9863448512392755,False,NS
ILMN_3000821,8.497572500943397,8.555910738461538,-0.058338237518141156,-0.1629621443627297,0.8710703508068871,0.9863448512392755,False,NS
ILMN_3004677,8.433084608490567,8.384069266666668,0.04901534182389966,0.1476206361874543,0.8831378586522604,0.9863448512392755,False,NS
ILMN_3003084,8.383798676415099,8.340890469230768,0.04290820718433075,0.16200178242013114,0.8715862924928501,0.9863448512392755,False,NS
ILMN_3002424,8.524209919811321,8.575435525641025,-0.05122560582970337,-0.16969727019920883,0.865769016493971,0.9863448512392755,False,NS
ILMN_3004574,8.520304123584907,8.473546733333333,0.04675739025157455,0.1457018218752427,0.8845450306098983,0.9863448512392755,False,NS
ILMN_3004501,8.56111675754717,8.502158443589744,0.0589583139574259,0.16377555002308652,0.8704239288692471,0.9863448512392755,False,NS
ILMN_3000926,8.585616324528303,8.540607782051282,0.045008542477020796,0.1493531379802784,0.881653684216221,0.9863448512392755,False,NS
ILMN_3004596,8.446018680188681,8.396005897435897,0.05001278275278409,0.15133698072186896,0.8800987818429202,0.9863448512392755,False,NS
ILMN_3000919,8.583436547169814,8.640310441025639,-0.05687389385582442,-0.16149788151987338,0.8721707656334977,0.9863448512392755,False,NS
ILMN_3003306,8.409577149056602,8.360971212820512,0.048605936236089775,0.15871536140558132,0.8743449373404151,0.9863448512392755,False,NS
ILMN_3004597,8.383151949056602,8.434152330769232,-0.05100038171262966,-0.15902865679998693,0.8741451068599274,0.9863448512392755,False,NS
ILMN_3001394,8.761189244339622,8.802096438461541,-0.04090719412191923,-0.147634943694159,0.8829666432147413,0.9863448512392755,False,NS
ILMN_3001117,8.393459314150943,8.441884979487178,-0.04842566533623405,-0.15641652272203488,0.8761523601296024,0.9863448512392755,False,NS
ILMN_3001110,8.429705636792455,8.38457443076923,0.045131206023224735,0.15298152749703317,0.8788307858709306,0.9863448512392755,False,NS
ILMN_3001347,8.594546899056605,8.543787933333334,0.05075896572327032,0.15095116346202941,0.880460190263213,0.9863448512392755,False,NS
ILMN_3003552,8.397400349056603,8.445604658974357,-0.04820430991775382,-0.14766988889741392,0.8830367335187298,0.9863448512392755,False,NS
ILMN_3003846,8.492258695283018,8.540690984615383,-0.04843228933236432,-0.14572539066544715,0.8845381989583738,0.9863448512392755,False,NS
ILMN_3001098,8.351514575471702,8.407841646153846,-0.056327070682144154,-0.16424684257276978,0.8700619133263274,0.9863448512392755,False,NS
ILMN_3003779,8.875117719811321,8.821314402564102,0.053803317247218985,0.17001367362069508,0.8654766736234779,0.9863448512392755,False,NS
ILMN_3003769,8.664698706603774,8.72298674102564,-0.058288034421865476,-0.16783826471415447,0.8672506119820893,0.9863448512392755,False,NS
ILMN_3000914,8.67337155377358,8.721216202564104,-0.04784464879052486,-0.1666342387830916,0.8681139022918046,0.9863448512392755,False,NS
ILMN_3000910,8.448630328301881,8.504981256410257,-0.05635092810837605,-0.16118560671978027,0.872459870928548,0.9863448512392755,False,NS
ILMN_3004521,8.311803095283022,8.259511374358976,0.0522917209240461,0.167416628273539,0.8675191937844393,0.9863448512392755,False,NS
ILMN_3002110,8.529023530188683,8.574796738461535,-0.04577320827285192,-0.1581451168425501,0.8747275353422005,0.9863448512392755,False,NS
ILMN_3001708,8.500248006603771,8.437763112820512,0.0624848937832585,0.16872062335558982,0.8665728529545489,0.9863448512392755,False,NS
ILMN_3001053,8.496324160377357,8.550049923076923,-0.05372576269956575,-0.15241069501615295,0.8793175511684886,0.9863448512392755,False,NS
ILMN_3002112,8.30204483773585,8.347696289743592,-0.04565145200774268,-0.14895313856760348,0.8819878018852341,0.9863448512392755,False,NS
ILMN_3002096,8.435078051886792,8.378608684615385,0.05646936727140783,0.16469609973605487,0.8696752427170832,0.9863448512392755,False,NS
ILMN_3004447,8.278363849999996,8.2181003,0.06026354999999661,0.16579593073824345,0.868897933073503,0.9863448512392755,False,NS
ILMN_3004434,8.341471285849059,8.391311848717947,-0.04984056286888894,-0.1550748561292421,0.8771858094982631,0.9863448512392755,False,NS
ILMN_3003470,8.607552513207546,8.657677612820514,-0.05012509961296807,-0.14688022027379638,0.8837149763288138,0.9863448512392755,False,NS
ILMN_3002084,8.620051983962265,8.563537953846154,0.05651403011611045,0.16169547210344778,0.8720704628621239,0.9863448512392755,False,NS
ILMN_3002155,8.506011908490567,8.552837305128207,-0.04682539663764018,-0.15944025556534608,0.8737957291948891,0.9863448512392755,False,NS
ILMN_3002120,8.547213760377357,8.493613533333335,0.05360022704402212,0.16788534387195353,0.8671825010570658,0.9863448512392755,False,NS
ILMN_3003878,8.498301314150941,8.550803592307691,-0.05250227815674968,-0.14864157688238466,0.8822801035387359,0.9863448512392755,False,NS
ILMN_3004513,8.565204762264157,8.615659835897437,-0.05045507363328028,-0.1496167964214134,0.8815018564711794,0.9863448512392755,False,NS
ILMN_3004950,8.370947250943397,8.423234630769231,-0.052287379825834535,-0.15079329128656363,0.8805945850349406,0.9863448512392755,False,NS
ILMN_3000573,8.622907454716982,8.673267358974357,-0.05035990425737502,-0.14791680586962488,0.8827823258178916,0.9863448512392755,False,NS
ILMN_3004465,8.35008943867925,8.295533438461538,0.0545560002177119,0.16362229977667261,0.8705250929967887,0.9863448512392755,False,NS
ILMN_3004008,8.660097044339624,8.60651725897436,0.05357978536526353,0.1529380904620247,0.8789739725128434,0.9863448512392755,False,NS
ILMN_3004850,8.640905693396224,8.582085369230766,0.058820324165457905,0.16513903345302036,0.8693480705158826,0.9863448512392755,False,NS
ILMN_3004031,8.585867200943394,8.532773820512825,0.053093380430569326,0.15616913983998781,0.876364886831012,0.9863448512392755,False,NS
ILMN_3004239,8.447085654716979,8.387861023076924,0.059224631640054426,0.16958133091840694,0.8658631829184775,0.9863448512392755,False,NS
ILMN_3002893,8.779354660377354,8.8385018,-0.059147139622645284,-0.17008182030740301,0.865467645217126,0.9863448512392755,False,NS
ILMN_3003750,8.343803067924528,8.397396307692308,-0.053593239767780076,-0.16398325374351183,0.8702032478906427,0.9863448512392755,False,NS
ILMN_3004274,8.765557513207545,8.712267589743588,0.05328992346395722,0.14925291808810043,0.8817913002857579,0.9863448512392755,False,NS
ILMN_3003991,8.801892685849056,8.74628563846154,0.05560704738751632,0.16834668134400196,0.8668052906314618,0.9863448512392755,False,NS
ILMN_3002842,8.360755410377358,8.409008628205125,-0.04825321782776726,-0.14490876103620134,0.8851852615078639,0.9863887469443547,False,NS
ILMN_3003698,8.633920136792455,8.68009842820513,-0.04617829141267471,-0.14334274366530356,0.8864239893763142,0.9868893223962527,False,NS
ILMN_3003361,8.58555813962264,8.536790805128204,0.04876733449443549,0.14367531235684525,0.8861950404754981,0.9868893223962527,False,NS
ILMN_3000762,8.82789078490566,8.780404964102564,0.0474858208030966,0.1434296414502221,0.8864136509603233,0.9868893223962527,False,NS
ILMN_3001179,8.332155083018867,8.378017294871796,-0.04586221185292949,-0.14350993729318168,0.8862903098603736,0.9868893223962527,False,NS
ILMN_3003724,8.590165085849055,8.63958646923077,-0.049421383381714534,-0.14255449843178025,0.8870651505649674,0.9871892497278938,False,NS
ILMN_3004947,8.792466545283016,8.840781925641025,-0.04831538035800875,-0.14234697628162563,0.8872238769787141,0.9871892497278938,False,NS
ILMN_3001377,8.589309267924532,8.63623336923077,-0.04692410130623692,-0.14220958756483384,0.887285697655431,0.9871892497278938,False,NS
ILMN_3004100,8.591678728301888,8.644499374358974,-0.052820646057085696,-0.14167262008115392,0.8877908102968348,0.9875314908752334,False,NS
ILMN_3004250,8.387693510377357,8.425292648717951,-0.03759913834059425,-0.14044037863132142,0.8886770675991469,0.9875936767368473,False,NS
ILMN_3003745,8.569665532075476,8.525449046153849,0.04421648592162697,0.13762641075081133,0.8909063658729176,0.9875936767368473,False,NS
ILMN_3001099,8.491771859433962,8.442506269230767,0.049265590203194876,0.1403199274336706,0.8888644949623711,0.9875936767368473,False,NS
ILMN_3000833,8.486779700943394,8.439871761538463,0.04690793940493165,0.13743061995213873,0.8911596944605901,0.9875936767368473,False,NS
ILMN_3003333,8.34780381698113,8.395734928205128,-0.04793111122399729,-0.13833228918112062,0.8904106159734784,0.9875936767368473,False,NS
ILMN_3004824,8.375642365094341,8.330550992307694,0.0450913727866471,0.13698596723177756,0.8914366934283559,0.9875936767368473,False,NS
ILMN_3001135,8.376830663207548,8.42357284102564,-0.046742177818092756,-0.1382859996851398,0.890391970174015,0.9875936767368473,False,NS
ILMN_3004123,8.452423688679245,8.4097177,0.04270598867924491,0.13688140730492476,0.8915252227356109,0.9875936767368473,False,NS
ILMN_3003154,8.46202464528302,8.41852187948718,0.04350276579583934,0.14020126683638406,0.8889059331641369,0.9875936767368473,False,NS
ILMN_3002661,8.68880187735849,8.731605933333334,-0.0428040559748446,-0.13953345688042496,0.8894289128066304,0.9875936767368473,False,NS
ILMN_3004371,8.414128863207546,8.372681600000002,0.04144726320754444,0.1388997330372866,0.8898921877313369,0.9875936767368473,False,NS
ILMN_3003921,8.308222271698115,8.265042953846153,0.04317931785196194,0.1390241774015939,0.8898696300848771,0.9875936767368473,False,NS
ILMN_3004957,8.412220626415094,8.364687382051281,0.047533244363812344,0.13924034947758965,0.889697457460479,0.9875936767368473,False,NS
ILMN_3003450,8.660963009433964,8.607927835897437,0.05303517353652687,0.1368735978476054,0.8915995713580258,0.9875936767368473,False,NS
ILMN_3004691,8.261263331132074,8.306071838461536,-0.04480850732946173,-0.1376385261140368,0.8909249804970661,0.9875936767368473,False,NS
ILMN_3002167,8.414472793396223,8.363795900000001,0.050676893396222056,0.1379966769064103,0.8907181225563925,0.9875936767368473,False,NS
ILMN_3002150,8.269417925471696,8.226287474358974,0.04313045111272196,0.13933811960473386,0.8895446574362401,0.9875936767368473,False,NS
ILMN_3002134,8.462057446226412,8.417369848717948,0.04468759750846374,0.14092118393559402,0.8883407603045953,0.9875936767368473,False,NS
ILMN_3002094,8.59618518490566,8.642746489743587,-0.04656130483792609,-0.13970989954362517,0.8892690920732402,0.9875936767368473,False,NS
ILMN_3002240,8.61599098396226,8.660147561538462,-0.04415657757620295,-0.1276367501842186,0.8988339860873295,0.9877772092061295,False,NS
ILMN_3002324,8.524791684905658,8.564350753846153,-0.03955906894049477,-0.12992123415157178,0.8969703785508931,0.9877772092061295,False,NS
ILMN_3001664,8.623996460377365,8.575275076923077,0.04872138345428745,0.13294672175277095,0.8946327802440339,0.9877772092061295,False,NS
ILMN_3003543,8.707429637735853,8.75326745897436,-0.045837821238507104,-0.13195700064580176,0.8954339659834406,0.9877772092061295,False,NS
ILMN_3001769,8.343081695283022,8.303508766666669,0.03957292861635331,0.1316072017668227,0.8956876168665113,0.9877772092061295,False,NS
ILMN_3003681,8.695769102830187,8.645472099999996,0.05029700283019167,0.12853094393353262,0.8981997669576571,0.9877772092061295,False,NS
ILMN_3003712,8.431373538679246,8.475304633333334,-0.04393109465408784,-0.13540940563542625,0.8926789902428836,0.9877772092061295,False,NS
ILMN_3001355,8.749869782075468,8.788941484615385,-0.03907170253991765,-0.12968335230822506,0.8971697861758432,0.9877772092061295,False,NS
ILMN_3002280,8.651616076415094,8.687434312820512,-0.0358182364054187,-0.129580535293277,0.8972022756530663,0.9877772092061295,False,NS
ILMN_3002756,8.586140022641512,8.631471682051282,-0.04533165940977035,-0.1308046462769888,0.8963095421014288,0.9877772092061295,False,NS
ILMN_3000564,8.66092140943396,8.700245007692304,-0.03932359825834375,-0.1334715030472974,0.8941530927649252,0.9877772092061295,False,NS
ILMN_3002647,8.442133987735852,8.397585217948716,0.04454876978713607,0.13365809131448633,0.8940585301896714,0.9877772092061295,False,NS
ILMN_3002930,8.535328514150942,8.494027248717948,0.04130126543299362,0.12905737829203115,0.8976966441730718,0.9877772092061295,False,NS
ILMN_3002650,8.424049002830188,8.465897802564104,-0.04184879973391631,-0.1328105090084963,0.8947384518381803,0.9877772092061295,False,NS
ILMN_3004930,8.574001465094343,8.61801658717949,-0.04401512208514724,-0.1289841758149532,0.897787834756353,0.9877772092061295,False,NS
ILMN_3000659,8.782761566981133,8.82596044871795,-0.043198881736817185,-0.1280260945537381,0.89849880086907,0.9877772092061295,False,NS
ILMN_3002690,8.256795638679245,8.299258258974358,-0.042462620295113496,-0.1312299409428908,0.8959658969345405,0.9877772092061295,False,NS
ILMN_3001123,8.586026068867929,8.631731853846157,-0.04570578497822808,-0.129354449756215,0.8974661190297898,0.9877772092061295,False,NS
ILMN_3004766,8.277331771698112,8.235682864102563,0.04164890759554929,0.1292380019433961,0.8975908018513914,0.9877772092061295,False,NS
ILMN_3003810,8.518607245283018,8.562315348717949,-0.04370810343493048,-0.13530668644369345,0.8928065300912322,0.9877772092061295,False,NS
ILMN_3001392,8.661696263207547,8.619148333333333,0.04254792987421396,0.13419068634771222,0.8936625830100249,0.9877772092061295,False,NS
ILMN_3001677,8.660708533962266,8.61401371025641,0.04669482370585598,0.13130471842986488,0.8959572631908919,0.9877772092061295,False,NS
ILMN_3003960,8.43397029056604,8.476742533333333,-0.04277224276729363,-0.1358382968415322,0.8923381931565274,0.9877772092061295,False,NS
ILMN_3000668,8.54845251981132,8.50389902820513,0.04455349160619093,0.13364337188420536,0.89403211159383,0.9877772092061295,False,NS
ILMN_3000755,8.878201655660376,8.925585505128206,-0.047383849467829364,-0.1302506772653679,0.8967856170586233,0.9877772092061295,False,NS
ILMN_3001017,8.289034738679241,8.325718610256411,-0.03668387157716957,-0.1273495270402072,0.8989956384287635,0.9877772092061295,False,NS
ILMN_3004282,8.42326295754717,8.468026412820516,-0.0447634552733458,-0.12873008228084296,0.8979778576358486,0.9877772092061295,False,NS
ILMN_3002115,8.600171935849053,8.557192320512822,0.042979615336230736,0.12683829306272887,0.8994699267031016,0.9877772092061295,False,NS
ILMN_3002111,8.50997107264151,8.472766764102563,0.03720430853894818,0.13341167563824322,0.894212384640158,0.9877772092061295,False,NS
ILMN_3001034,8.414877159433965,8.4607315,-0.045854340566034324,-0.13398293888266255,0.8938240940669251,0.9877772092061295,False,NS
ILMN_3002177,8.464583001886792,8.510259384615386,-0.04567638272859398,-0.13228281690565755,0.8951950083468355,0.9877772092061295,False,NS
ILMN_3002069,8.56553778207547,8.522014933333333,0.0435228487421373,0.13248841199545958,0.8950031015291455,0.9877772092061295,False,NS
ILMN_3003465,8.600102800943393,8.559126197435894,0.040976603507498766,0.12675453281357604,0.8994578277976206,0.9877772092061295,False,NS
ILMN_3002052,8.491033427358493,8.45273801794872,0.038295409409773384,0.1270167963000167,0.8992725262230762,0.9877772092061295,False,NS
ILMN_3002172,8.38601273773585,8.428914207692308,-0.04290146995645827,-0.12801404566014982,0.8985206247305595,0.9877772092061295,False,NS
ILMN_3003864,8.606231462264152,8.559222282051284,0.04700918021286782,0.13250126548471242,0.8950314222521377,0.9877772092061295,False,NS
ILMN_3001038,8.499312461320757,8.547569338461537,-0.048256877140779864,-0.1353627662306506,0.8927778336535621,0.9877772092061295,False,NS
ILMN_3002878,8.524341620754722,8.478993594871795,0.045348025882926635,0.13440756067455886,0.8935247034008434,0.9877772092061295,False,NS
ILMN_3001503,8.335904054716977,8.293713815384617,0.04219023933235988,0.13100926537789337,0.8961440304737388,0.9877772092061295,False,NS
ILMN_3003739,8.556925444339628,8.514241323076924,0.04268412126270427,0.12392916238983218,0.9017657940909366,0.9879125457359899,False,NS
ILMN_3002784,8.647102144339621,8.606612969230772,0.040489175108849196,0.12358934144236429,0.9019641542569588,0.9879125457359899,False,NS
ILMN_3004716,8.605537726415097,8.56797768205128,0.03756004436381666,0.12552576884012048,0.9004210909869638,0.9879125457359899,False,NS
ILMN_3002982,8.670226745283024,8.633660307692312,0.03656643759071265,0.12426381845847169,0.901470782383485,0.9879125457359899,False,NS
ILMN_3004732,8.499118530188683,8.459659287179488,0.03945924300919579,0.1237995331754423,0.9018330303459672,0.9879125457359899,False,NS
ILMN_3002502,8.408211209433963,8.449055158974359,-0.040843949540395386,-0.12398179852512103,0.901655356979471,0.9879125457359899,False,NS
ILMN_3003217,8.660649525471698,8.620523092307693,0.04012643316400499,0.12412015718850918,0.9015870344572389,0.9879125457359899,False,NS
ILMN_3001337,8.239503539622637,8.2004078974359,0.03909564218673722,0.12455543172837327,0.9012012514076392,0.9879125457359899,False,NS
ILMN_3004879,8.74274754150943,8.701895084615385,0.040852456894045375,0.12583667367785642,0.9002401577738973,0.9879125457359899,False,NS
ILMN_3001869,8.528116616037735,8.573614130769228,-0.04549751473149222,-0.1260581192446411,0.9000589561747453,0.9879125457359899,False,NS
ILMN_3003717,8.364119377358488,8.323892669230771,0.040226708127717004,0.12623234407360776,0.8999046404819502,0.9879125457359899,False,NS
ILMN_3002840,8.657710767924533,8.698801151282053,-0.041090383357520466,-0.1242779567164929,0.9015110365093157,0.9879125457359899,False,NS
ILMN_3004009,8.51406127641509,8.557542535897436,-0.0434812594823466,-0.12321572595044654,0.9022984986551832,0.9880623068935427,False,NS
ILMN_3004581,8.19507641886792,8.230436894871792,-0.03536047600387171,-0.11965393995560243,0.9050414534425641,0.9891163425601793,False,NS
ILMN_3003188,8.458203885849057,8.496631782051283,-0.03842789620222575,-0.12085355197620028,0.9041617433360265,0.9891163425601793,False,NS
ILMN_3002972,8.522398149999999,8.55785205641026,-0.03545390641026103,-0.11983747767442669,0.9049201497591924,0.9891163425601793,False,NS
ILMN_3002678,8.414629377358496,8.454203487179488,-0.03957410982099141,-0.12112961239815932,0.903937185027975,0.9891163425601793,False,NS
ILMN_3001853,8.85979280283019,8.89681792564103,-0.037025122810838695,-0.12069337486399324,0.9042599989206574,0.9891163425601793,False,NS
ILMN_3002995,8.471709929245282,8.434819266666667,0.03689066257861562,0.1198281539909412,0.9049561536669082,0.9891163425601793,False,NS
ILMN_3004754,8.448069058490567,8.408904087179486,0.039164971311080876,0.12134726270579346,0.9037708411842308,0.9891163425601793,False,NS
ILMN_3004384,8.191867591509435,8.235455894871794,-0.04358830336235897,-0.12007893393208667,0.9048491157798093,0.9891163425601793,False,NS
ILMN_3003925,8.522247167924528,8.482873087179488,0.039374080745039564,0.1210450319495284,0.904032653081078,0.9891163425601793,False,NS
ILMN_3000521,8.417455500943392,8.460600135897435,-0.04314463495404297,-0.11857741597283232,0.905977165481574,0.9899226021433283,False,NS
ILMN_3001963,8.481114213207547,8.4464077,0.034706513207547474,0.1179355218988529,0.9064653809347967,0.990239655816907,False,NS
ILMN_3002051,8.42135328679245,8.381447848717947,0.039905438074502086,0.1173315464873334,0.9069572401720226,0.9903442238174521,False,NS
ILMN_3001543,8.503232833018869,8.45713876923077,0.04609406378809844,0.11748248971827391,0.9069032092071964,0.9903442238174521,False,NS
ILMN_3003425,8.738600963207546,8.70222871025641,0.036372252951135664,0.11141638854411634,0.9115994784969177,0.9906556749613948,False,NS
ILMN_3003874,8.448271817924532,8.411334897435895,0.03693692048863717,0.1118375000625523,0.9112990482397494,0.9906556749613948,False,NS
ILMN_3001923,8.42006878301887,8.454107317948719,-0.03403853492984865,-0.10979933496348945,0.9128554668148972,0.9906556749613948,False,NS
ILMN_3001140,8.605579814150946,8.643265835897436,-0.03768602174648983,-0.11106931776232298,0.9118525465951947,0.9906556749613948,False,NS
ILMN_3002201,8.554491886792455,8.518046376923076,0.03644550986937922,0.11067105780582055,0.9121794186888825,0.9906556749613948,False,NS
ILMN_3003763,8.430596917924523,8.39270493846154,0.03789197946298373,0.11000351339867388,0.9127126736725841,0.9906556749613948,False,NS
ILMN_3000907,8.368674009433962,8.404847910256409,-0.036173900822447536,-0.11083308813797987,0.912074669194703,0.9906556749613948,False,NS
ILMN_3001608,8.390577121698115,8.356947135897434,0.03362998580068144,0.11094175305900143,0.9119672848651879,0.9906556749613948,False,NS
ILMN_3003329,8.116677956603773,8.15219315641026,-0.03551519980648621,-0.1119222730207284,0.9112297096718053,0.9906556749613948,False,NS
ILMN_3003259,8.452413786792453,8.488186612820513,-0.03577282602805987,-0.1093786507209414,0.9132307645905525,0.9906556749613948,False,NS
ILMN_3001642,8.451675787735846,8.414571969230769,0.03710381850507716,0.11160528198690219,0.9114865480103249,0.9906556749613948,False,NS
ILMN_3001468,8.531463277358494,8.491698820512818,0.039764456845675866,0.11630989747033343,0.9077765084963868,0.9906556749613948,False,NS
ILMN_3003011,8.40646764716981,8.445494694871794,-0.03902704770198362,-0.11108177992392783,0.9118864690411225,0.9906556749613948,False,NS
ILMN_3000831,8.423651148113205,8.463090148717953,-0.03943900060474803,-0.11260281776082504,0.9106791731727638,0.9906556749613948,False,NS
ILMN_3002702,8.63354471792452,8.666636925641026,-0.03309220771650523,-0.10912305532370917,0.9133845323144061,0.9906556749613948,False,NS
ILMN_3004764,8.356792314150946,8.316595946153845,0.040196367997101135,0.10931349132304492,0.9132804845588864,0.9906556749613948,False,NS
ILMN_3002193,8.31932596415094,8.283427920512821,0.03589804363811844,0.1144467239571339,0.9091828866858134,0.9906556749613948,False,NS
ILMN_3002160,8.246653016981137,8.215161817948719,0.03149119903241804,0.10920800369055622,0.91334126658103,0.9906556749613948,False,NS
ILMN_3001497,8.195927413207547,8.231292143589743,-0.03536473038219512,-0.1109187423230416,0.9120149551296981,0.9906556749613948,False,NS
ILMN_3001552,8.64872394811321,8.614668120512821,0.03405582760038861,0.11317210416483268,0.9101975783104227,0.9906556749613948,False,NS
ILMN_3000516,8.692931380188682,8.735257407692309,-0.04232602750362702,-0.11505799264542194,0.9087787954872801,0.9906556749613948,False,NS
ILMN_3004356,8.738372989622645,8.699341858974359,0.03903113064828645,0.11612482515135543,0.9079399112353349,0.9906556749613948,False,NS
ILMN_3002092,8.556442993396226,8.520743271794872,0.03569972160135393,0.11231003353702303,0.9109098766655728,0.9906556749613948,False,NS
ILMN_3004490,8.491138255660374,8.453090023076921,0.0380482325834528,0.11102006333149846,0.9118839210135932,0.9906556749613948,False,NS
ILMN_3002182,8.31341068773585,8.350524171794872,-0.03711348405902193,-0.11360506707760007,0.9099186125846614,0.9906556749613948,False,NS
ILMN_3002811,8.79226085754717,8.754055205128205,0.038205652418964675,0.11344361902086579,0.9100047254666168,0.9906556749613948,False,NS
ILMN_3002760,8.544228251886794,8.582785633333335,-0.03855738144654097,-0.10919923118182089,0.9133844639145695,0.9906556749613948,False,NS
ILMN_3000730,8.33014879339623,8.371721584615386,-0.04157279121915636,-0.11112011713309797,0.9119123915642176,0.9906556749613948,False,NS
ILMN_3002697,8.431119681132072,8.39099507179487,0.04012460933720163,0.11625911556023172,0.9078150147190084,0.9906556749613948,False,NS
ILMN_3000971,8.54667020943396,8.50827100769231,0.03839920174165101,0.10943549604915635,0.9132125947269374,0.9906556749613948,False,NS
ILMN_3002131,8.57346443301887,8.602765033333336,-0.029300600314465797,-0.1109132683394557,0.9119305486484656,0.9906556749613948,False,NS
ILMN_3002470,8.51951463490566,8.555885241025642,-0.03637060611998244,-0.10822963848526646,0.9141185062699687,0.9911489437830978,False,NS
ILMN_3004771,8.689816380188681,8.654042138461538,0.03577424172714316,0.10716647754644015,0.9150287049005559,0.9911489437830978,False,NS
ILMN_3002604,8.67209638962264,8.704548966666668,-0.03245257704402782,-0.10714059420478757,0.9150027362131282,0.9911489437830978,False,NS
ILMN_3001312,8.605428891509433,8.647814923076924,-0.042386031567490434,-0.1076486770765415,0.9146271568064346,0.9911489437830978,False,NS
ILMN_3002287,8.571395194339626,8.531187387179486,0.04020780716014016,0.10734238943115598,0.9148608611220251,0.9911489437830978,False,NS
ILMN_3001106,8.409890650943394,8.445960902564101,-0.03607025162070698,-0.1079825917589937,0.9143051719787261,0.9911489437830978,False,NS
ILMN_3003844,8.356637768867925,8.312930864102567,0.04370690476535799,0.1056387889210392,0.9162357271006165,0.9918398768739148,False,NS
ILMN_3002363,8.291876228301888,8.324858979487178,-0.03298275118529048,-0.10502549137767375,0.9166584142068721,0.9918398768739148,False,NS
ILMN_3002205,8.50597574056604,8.471199535897439,0.034776204668601096,0.10518330387361928,0.916516848046525,0.9918398768739148,False,NS
ILMN_3004416,8.638685273584908,8.672053284615384,-0.033368011030475486,-0.10572595592051573,0.9160859536523998,0.9918398768739148,False,NS
ILMN_3003192,8.597886993396227,8.631916494871795,-0.034029501475568935,-0.10503424374049106,0.9166394617062396,0.9918398768739148,False,NS
ILMN_3001183,8.794293747169812,8.754333720512822,0.039960026656990166,0.10475695785571787,0.9169014833030155,0.9918882337765204,False,NS
ILMN_3002019,8.575745699056608,8.542704599999999,0.033041099056609013,0.1040157977820928,0.9174328581126809,0.9922483864510934,False,NS
ILMN_3004533,8.520600497169815,8.553648756410256,-0.033048259240441524,-0.1030381705733289,0.9182345674985858,0.9929007001498549,False,NS
ILMN_3002162,8.47658683207547,8.50914801025641,-0.0325611781809414,-0.10226495801216486,0.9188088674946809,0.9933068837780334,False,NS
ILMN_3004628,8.431407272641513,8.461055564102566,-0.029648291461052523,-0.10161680437570639,0.9193262329489541,0.9934961944759452,False,NS
ILMN_3004395,8.505276350943394,8.473852815384616,0.03142353555877797,0.10164271991547005,0.9193813783680397,0.9934961944759452,False,NS
ILMN_3004202,8.683747825471698,8.653452225641027,0.030295599830671094,0.10098403693868406,0.9198183997737104,0.9937536730485204,False,NS
ILMN_3002747,8.450319196226417,8.47851183076923,-0.02819263454281362,-0.10035105025019807,0.9203348733738914,0.993882152671589,False,NS
ILMN_3002291,8.292756710377356,8.260527448717946,0.03222926165940976,0.10037962269133714,0.920319962297993,0.993882152671589,False,NS
ILMN_3002358,8.522458271698111,8.490944589743592,0.03151368195451987,0.09920292483742987,0.9212877097464426,0.994024871621103,False,NS
ILMN_3004036,8.478089242452832,8.513215425641025,-0.035126183188193494,-0.09929475940537724,0.9211980808942611,0.994024871621103,False,NS
ILMN_3004133,8.588225398113208,8.620052397435899,-0.03182699932269095,-0.0971126059847423,0.9229531851905903,0.994024871621103,False,NS
ILMN_3004313,8.625495354716984,8.587544948717948,0.03795040599903565,0.09954172660016342,0.9210280895016868,0.994024871621103,False,NS
ILMN_3001138,8.715992143396226,8.679328651282052,0.03666349211417419,0.09702510505905759,0.9230514957873562,0.994024871621103,False,NS
ILMN_3003789,8.660094664150945,8.624672817948715,0.035421846202229545,0.09739518840357596,0.9227272266159136,0.994024871621103,False,NS
ILMN_3001403,8.467315928301886,8.434150505128207,0.03316542317367954,0.09825021679291916,0.922048783948294,0.994024871621103,False,NS
ILMN_3003068,8.451882691509432,8.418605671794872,0.03327701971456065,0.09841962802668217,0.9218844997929408,0.994024871621103,False,NS
ILMN_3001382,8.398299634905657,8.43194112051282,-0.033641485607162736,-0.09714321223511897,0.9229329909213801,0.994024871621103,False,NS
ILMN_3002758,8.699867807547168,8.667513302564103,0.03235450498306491,0.09887623211878324,0.9214966521205638,0.994024871621103,False,NS
ILMN_3001930,8.751062999056606,8.720813020512818,0.030249978543787748,0.09703858389520967,0.9229602567287468,0.994024871621103,False,NS
ILMN_3003708,8.688307072641512,8.65498348205128,0.033323590590232044,0.0982875972748947,0.922060576787096,0.994024871621103,False,NS
ILMN_3002880,8.320816995283025,8.353789207692305,-0.03297221240928039,-0.09795846787884367,0.9222829685538713,0.994024871621103,False,NS
ILMN_3003841,8.629623305660383,8.66281473846154,-0.033191432801157106,-0.09563782293481406,0.9240967224533027,0.9941943651050709,False,NS
ILMN_3003463,8.740505347169808,8.707160666666667,0.03334468050314143,0.09612894106774536,0.9237393355838784,0.9941943651050709,False,NS
ILMN_3004320,8.531802362264152,8.561816612820511,-0.0300142505563592,-0.09563719018644182,0.9241103499919507,0.9941943651050709,False,NS
ILMN_3002474,8.724323982075472,8.695777184615384,0.028546797460087703,0.09544035746845507,0.9242030818016739,0.9941943651050709,False,NS
ILMN_3000874,8.384457716037735,8.355839797435896,0.02861791860183871,0.09596822660718711,0.923774807997699,0.9941943651050709,False,NS
ILMN_3004379,8.60846235188679,8.640733843589743,-0.032271491702953625,-0.09488465061927204,0.9247004291065984,0.9945154109556877,False,NS
ILMN_3002418,8.48566180471698,8.45359273076923,0.03206907394774916,0.08847355150302141,0.9297692479259659,0.994526382100924,False,NS
ILMN_3000893,8.62890431320755,8.661760543589743,-0.032856230382193985,-0.08718465353075487,0.9308195605857643,0.994526382100924,False,NS
ILMN_3003516,8.44435426698113,8.418739717948718,0.02561454903241156,0.08312741768602262,0.9339880886346273,0.994526382100924,False,NS
ILMN_3001666,8.354860390566033,8.384465966666665,-0.02960557610063219,-0.08454843179500744,0.9328757299151944,0.994526382100924,False,NS
ILMN_3002285,8.150938735849056,8.18272338974359,-0.03178465389453322,-0.09076943754418286,0.9279700638440498,0.994526382100924,False,NS
ILMN_3000857,8.517577055660377,8.486001394871792,0.03157566078858487,0.09228396012709932,0.926740792222656,0.994526382100924,False,NS
ILMN_3004542,8.615154463207544,8.645662361538465,-0.030507898330920824,-0.09349620605187153,0.9258022224142729,0.994526382100924,False,NS
ILMN_3001456,8.687680771698112,8.715870233333336,-0.028189461635223623,-0.08671909275812098,0.9311448084614569,0.994526382100924,False,NS
ILMN_3004713,8.559838864150946,8.58678901025641,-0.026950146105464867,-0.08411657070777857,0.9332237756079627,0.994526382100924,False,NS
ILMN_3003679,8.348912423584903,8.31772407179487,0.031188351790031987,0.0927333747353537,0.9264221818625687,0.994526382100924,False,NS
ILMN_3004253,8.696323694339622,8.668070694871794,0.028252999467827777,0.08969314368386737,0.9287473178785272,0.994526382100924,False,NS
ILMN_3004108,8.471094798113208,8.498418771794874,-0.027323973681665947,-0.0854954883618308,0.9320918905467318,0.994526382100924,False,NS
ILMN_3003381,8.154979530188678,8.12354606923077,0.03143346095790811,0.08882112099487832,0.9295241104500176,0.994526382100924,False,NS
ILMN_3003639,8.629031840566038,8.601807635897435,0.027224204668602425,0.08646397566144824,0.9313405236155459,0.994526382100924,False,NS
ILMN_3002384,8.536822870754715,8.506414915384614,0.030407955370101547,0.09350523590271827,0.9257666561035092,0.994526382100924,False,NS
ILMN_3001850,8.518374251886794,8.54541542051282,-0.02704116862602568,-0.09248313777602103,0.926548778255732,0.994526382100924,False,NS
ILMN_3003353,8.341473216037736,8.309977943589741,0.03149527244799444,0.09246350650360653,0.9266209029237483,0.994526382100924,False,NS
ILMN_3002064,8.33945624528302,8.367652266666665,-0.02819602138364452,-0.08461294160612089,0.9328408672696663,0.994526382100924,False,NS
ILMN_3004765,8.525860233018868,8.496303976923075,0.029556256095792932,0.0841572960518746,0.9331755722082813,0.994526382100924,False,NS
ILMN_3001432,8.395836820754718,8.369923651282054,0.02591316947266442,0.0869785882366005,0.9309068993188836,0.994526382100924,False,NS
ILMN_3001026,8.464204364150948,8.49467115128205,-0.03046678713110218,-0.08188140673527863,0.9350220178104873,0.994526382100924,False,NS
ILMN_3003740,8.4962498245283,8.526206215384619,-0.029956390856318293,-0.08326701338498475,0.9339113546081991,0.994526382100924,False,NS
ILMN_3004284,8.410083263207545,8.433541035897434,-0.023457772689889467,-0.08277318928840752,0.9342191830817883,0.994526382100924,False,NS
ILMN_3002961,8.30861020188679,8.278892715384615,0.029717486502175205,0.08362864378379953,0.9335966785599558,0.994526382100924,False,NS
ILMN_3004390,8.38563096981132,8.35517721025641,0.030453759554909254,0.09028659256919122,0.9283080505968411,0.994526382100924,False,NS
ILMN_3001811,8.310324974528296,8.335852261538463,-0.025527287010167043,-0.0838038045626804,0.9334300937561235,0.994526382100924,False,NS
ILMN_3003086,8.627405911320754,8.598487707692307,0.028918203628446548,0.09035879706934083,0.9282768445672482,0.994526382100924,False,NS
ILMN_3003185,8.555316611320753,8.530915387179489,0.024401224141264777,0.0874172423869146,0.9305342037323542,0.994526382100924,False,NS
ILMN_3003335,8.615419539622643,8.641418112820512,-0.025998573197869135,-0.08179370220787052,0.935043617078945,0.994526382100924,False,NS
ILMN_3003327,8.601762377358492,8.574230987179488,0.027531390179003523,0.08371680461571386,0.9335441324423484,0.994526382100924,False,NS
ILMN_3002233,8.396745946226414,8.425246897435896,-0.02850095120948204,-0.08849961494089559,0.9297277600318017,0.994526382100924,False,NS
ILMN_3004555,8.39549140849056,8.369569189743592,0.02592221874696854,0.08262475460149613,0.9344008923977702,0.994526382100924,False,NS
ILMN_3002931,8.556776893396226,8.582257623076925,-0.02548072968069981,-0.08213230100558137,0.9347671473175265,0.994526382100924,False,NS
ILMN_3002923,8.587412632075473,8.562981025641026,0.024431606434447417,0.0917651075720018,0.9271301465793961,0.994526382100924,False,NS
ILMN_3000649,8.514218331132072,8.48722432820513,0.02699400292694243,0.0941539324834057,0.9252485823386872,0.994526382100924,False,NS
ILMN_3002940,8.510291499056603,8.536242048717948,-0.02595054966134569,-0.08204443837288802,0.9348436468648337,0.994526382100924,False,NS
ILMN_3001531,8.648661461320753,8.680523082051282,-0.03186162073052934,-0.09113083194599494,0.9276536958648202,0.994526382100924,False,NS
ILMN_3004936,8.74122408584906,8.772843912820512,-0.03161982697145227,-0.09446349066801712,0.9250096614468608,0.994526382100924,False,NS
ILMN_3003234,8.514030111320755,8.538723423076926,-0.02469331175617029,-0.08179938127184226,0.9350537044512888,0.994526382100924,False,NS
ILMN_3004862,8.561633285849053,8.53440974102564,0.02722354482341416,0.08746208416049574,0.9305505433459716,0.994526382100924,False,NS
ILMN_3004469,8.565442156603774,8.539696135897435,0.02574602070633958,0.08277021086258966,0.9342564493984157,0.994526382100924,False,NS
ILMN_3002107,8.402611460377354,8.375032112820511,0.027579347556843103,0.08646385388631722,0.9312961320941189,0.994526382100924,False,NS
ILMN_3003716,8.662773833018868,8.630654830769231,0.03211900224963671,0.08827725962183047,0.9299160571688954,0.994526382100924,False,NS
ILMN_3004632,8.28348279339623,8.253545612820513,0.029937180575716482,0.08743707115508073,0.9306613987710328,0.994526382100924,False,NS
ILMN_3001889,8.40332940566038,8.433048412820511,-0.029719007160132094,-0.08417353557743609,0.9331670169594399,0.994526382100924,False,NS
ILMN_3003536,8.686110740566038,8.714569833333334,-0.028459092767295857,-0.08692898668499072,0.9309372278852102,0.994526382100924,False,NS
ILMN_3003657,8.507316593396226,8.539175553846153,-0.03185896044992731,-0.09004128640774016,0.9285348119502943,0.994526382100924,False,NS
ILMN_3001864,8.614467993396229,8.583161779487178,0.031306213909051195,0.08437968607785666,0.9329982627159308,0.994526382100924,False,NS
ILMN_3004606,8.48610295754717,8.518289533333332,-0.03218657578616302,-0.08609355753493683,0.9316492259311703,0.994526382100924,False,NS
ILMN_3002390,8.536088011320754,8.565099384615381,-0.029011373294627774,-0.08417036679935207,0.9331785868626254,0.994526382100924,False,NS
ILMN_3004808,8.522505357547171,8.550312807692306,-0.027807450145134638,-0.08662106268483491,0.9312211958451008,0.994526382100924,False,NS
ILMN_3001768,8.469971042452832,8.501648523076922,-0.03167748062409004,-0.09179251288287268,0.9271627210163963,0.994526382100924,False,NS
ILMN_3002631,8.284725624528303,8.261120294871795,0.02360532965650819,0.07675583120099169,0.939023563162628,0.9948830867783978,False,NS
ILMN_3004876,8.377636183962265,8.4040098974359,-0.026373713473635263,-0.07775756323171885,0.9382467960021214,0.9948830867783978,False,NS
ILMN_3001198,8.388673011320748,8.412195289743588,-0.02352227842284016,-0.07743065834065277,0.9385132938318863,0.9948830867783978,False,NS
ILMN_3003884,8.37244323962264,8.345440002564104,0.02700323705853691,0.07775234684499875,0.9383117945035387,0.9948830867783978,False,NS
ILMN_3000743,8.581328891509433,8.609550405128205,-0.028221513618772676,-0.07845935670283141,0.9376964346426807,0.9948830867783978,False,NS
ILMN_3002500,8.473919040566031,8.448431638461537,0.02548740210449374,0.07844334195215068,0.937695718100217,0.9948830867783978,False,NS
ILMN_3000541,8.461443733962264,8.4360132,0.02543053396226469,0.07724481523709585,0.9386514545185033,0.9948830867783978,False,NS
ILMN_3004209,8.39343710660377,8.417709730769232,-0.024272624165462275,-0.07678158195458677,0.9390214221654575,0.9948830867783978,False,NS
ILMN_3003865,8.483354039622645,8.51025636923077,-0.02690232960812544,-0.07635274422508381,0.9393686105361632,0.9948830867783978,False,NS
ILMN_3003401,8.618645582075468,8.591783074358974,0.02686250771649412,0.07783837623177192,0.9381587408814794,0.9948830867783978,False,NS
ILMN_3003362,8.449104400943394,8.474180194871796,-0.025075793928401424,-0.07679974845690514,0.9389933394868217,0.9948830867783978,False,NS
ILMN_3002319,8.451560238679244,8.473427743589742,-0.021867504910497715,-0.07726247045060469,0.9386043872884285,0.9948830867783978,False,NS
ILMN_3004689,8.450284483018867,8.420773228205125,0.029511254813742838,0.0807990055109098,0.9358608267059346,0.9948830867783978,False,NS
ILMN_3002817,8.748408350943393,8.722244489743588,0.026163861199805183,0.07959637942465424,0.9367800770574377,0.9948830867783978,False,NS
ILMN_3000657,8.48888564056604,8.461777235897435,0.027108404668604535,0.07694092789749916,0.9389082284931753,0.9948830867783978,False,NS
ILMN_3002187,8.640874962264151,8.61440742051282,0.026467541751332035,0.07966791612141,0.9367193303520142,0.9948830867783978,False,NS
ILMN_3003331,8.448919577358488,8.426554353846155,0.022365223512332832,0.07645175056032916,0.9392648330543255,0.9948830867783978,False,NS
ILMN_3004324,8.669765431132072,8.698759520512818,-0.028994089380745436,-0.07835247387172434,0.9377994673709673,0.9948830867783978,False,NS
ILMN_3001700,8.618832499056603,8.593958087179487,0.02487441187711603,0.08043486426572403,0.9361296356882757,0.9948830867783978,False,NS
ILMN_3004480,8.31558033679245,8.288353515384616,0.027226821407834834,0.08044214421185888,0.9361361925670545,0.9948830867783978,False,NS
ILMN_3001511,8.672594626415098,8.648628453846158,0.02396617256894018,0.0755238040692116,0.9399837496831831,0.9953237501939677,False,NS
ILMN_3000898,8.60758992735849,8.629977984615385,-0.02238805725689552,-0.07484725253630135,0.9405487452103978,0.995711142505185,False,NS
ILMN_3001686,8.521378714150943,8.495019766666665,0.026358947484277806,0.07438776870755595,0.9409695103203001,0.9957349315558731,False,NS
ILMN_3002898,8.460812403773584,8.437313735897437,0.023498667876147294,0.0744736353951407,0.9408622969051328,0.9957349315558731,False,NS
ILMN_3001718,8.855673011320755,8.880786346153846,-0.025113334833090306,-0.07159175450203793,0.9431175220116176,0.9963854137198146,False,NS
ILMN_3004973,8.524212197169811,8.54884045128205,-0.02462825411223868,-0.06857416085106274,0.9455410348183455,0.9963854137198146,False,NS
ILMN_3002014,8.58968494245283,8.56803964615385,0.021645296298981265,0.06675330098249216,0.9469522535649225,0.9963854137198146,False,NS
ILMN_3002534,8.3706349254717,8.393204989743587,-0.022570064271887347,-0.06635328575853289,0.9473022001100606,0.9963854137198146,False,NS
ILMN_3001085,8.473280366037734,8.44840603076923,0.02487433526850502,0.07165938810364804,0.9430981426119025,0.9963854137198146,False,NS
ILMN_3001022,8.685766812264152,8.660361558974362,0.025405253289790153,0.07153758782333432,0.9431976569446439,0.9963854137198146,False,NS
ILMN_3002535,8.290233520754715,8.2661666,0.024066920754714616,0.0662599754095332,0.9473852362770333,0.9963854137198146,False,NS
ILMN_3003676,8.406514915094341,8.431410633333332,-0.024895718238990838,-0.07249129060983382,0.9424286327665378,0.9963854137198146,False,NS
ILMN_3003230,8.502044697169811,8.480992902564102,0.021051794605709162,0.07153546486730424,0.9431601733006009,0.9963854137198146,False,NS
ILMN_3003890,8.462872314150944,8.439461274358974,0.023411039791970012,0.06934823536065986,0.9449334575687068,0.9963854137198146,False,NS
ILMN_3001673,8.525076806603774,8.500775607692308,0.024301198911466315,0.06741270893599294,0.9464773897997114,0.9963854137198146,False,NS
ILMN_3004589,8.463639483962263,8.442883233333333,0.020756250628929607,0.06841074273357779,0.9456492003474722,0.9963854137198146,False,NS
ILMN_3002555,8.638046526415094,8.616021476923079,0.022025049492015114,0.07069651754036345,0.9438360038361313,0.9963854137198146,False,NS
ILMN_3001449,8.412732679245284,8.389333758974358,0.023398920270926382,0.06879762255321502,0.9453712563520817,0.9963854137198146,False,NS
ILMN_3004085,8.419330997169808,8.4389529,-0.01962190283019183,-0.06771801819020655,0.9462174249010973,0.9963854137198146,False,NS
ILMN_3003029,8.56149978773585,8.537306015384619,0.024193772351230436,0.06942512503143175,0.9448684194651117,0.9963854137198146,False,NS
ILMN_3001343,8.539059307547173,8.518630766666666,0.020428540880507384,0.0702099671852033,0.9442274253006635,0.9963854137198146,False,NS
ILMN_3000927,8.610536598113207,8.633586194871796,-0.02304959675858953,-0.06967067796133304,0.9446709534384305,0.9963854137198146,False,NS
ILMN_3002447,8.351533139622644,8.373021853846154,-0.021488714223510286,-0.06959052382783207,0.9447303384278253,0.9963854137198146,False,NS
ILMN_3003581,8.57258008207547,8.593136953846155,-0.020556871770684992,-0.06799096178165162,0.9459716552866817,0.9963854137198146,False,NS
ILMN_3004767,8.501272590566035,8.480033125641022,0.021239464925013607,0.0668359681971143,0.9469296149834093,0.9963854137198146,False,NS
ILMN_3002159,8.543543250000006,8.521254720512822,0.022288529487184405,0.06911483970686008,0.9450950033336396,0.9963854137198146,False,NS
ILMN_3001695,8.65075403679246,8.625252800000002,0.02550123679245786,0.07005947253297859,0.9443692998631669,0.9963854137198146,False,NS
ILMN_3004602,8.396277792452826,8.42051608974359,-0.0242382972907631,-0.06615464514725873,0.9474506241367638,0.9963854137198146,False,NS
ILMN_3004167,8.503282647169812,8.524966066666664,-0.021683419496852707,-0.06598086997229977,0.9475625284475436,0.9963854137198146,False,NS
ILMN_3003912,8.469427797169809,8.448364876923078,0.021062920246730954,0.06688601536885899,0.946859330882494,0.9963854137198146,False,NS
ILMN_3001908,8.737647073584904,8.715861835897437,0.02178523768746743,0.07008122938474151,0.9443283802537206,0.9963854137198146,False,NS
ILMN_3003606,8.582723054716979,8.605963461538462,-0.02324040682148265,-0.07172683562512817,0.9429931703852092,0.9963854137198146,False,NS
ILMN_3003599,8.32216524245283,8.346092297435897,-0.023927054983067464,-0.07001837138880611,0.9444014596726911,0.9963854137198146,False,NS
ILMN_3004336,8.561448573584903,8.585666033333332,-0.024217459748429704,-0.06931173346844342,0.9449713345386529,0.9963854137198146,False,NS
ILMN_3004023,8.42230501037736,8.400509756410255,0.021795253967104244,0.06324846256992805,0.9497662318002653,0.9964316550379166,False,NS
ILMN_3000529,8.580077526415092,8.560755666666665,0.019321859748426817,0.060626764176170946,0.9518373582176979,0.9964316550379166,False,NS
ILMN_3003330,8.51876776320755,8.500374674358975,0.01839308884857438,0.05750313070396002,0.954298182399113,0.9964316550379166,False,NS
ILMN_3003264,8.368688661320757,8.350365907692309,0.01832275362844804,0.05721887901266313,0.9545283105785753,0.9964316550379166,False,NS
ILMN_3000852,8.489998234905663,8.467844817948718,0.022153416956944838,0.06363427541197494,0.9494476177360679,0.9964316550379166,False,NS
ILMN_3003271,8.554948215094338,8.571957117948719,-0.01700890285438028,-0.05263158474220582,0.9581723574408515,0.9964316550379166,False,NS
ILMN_3002010,8.339376635849058,8.319657741025638,0.01971889482341993,0.06023220186687211,0.9521517656815323,0.9964316550379166,False,NS
ILMN_3001643,8.670150860377364,8.649725797435893,0.020425062941470173,0.06339504823272449,0.9496390105199491,0.9964316550379166,False,NS
ILMN_3003115,8.4513014,8.43366905641026,0.01763234358974053,0.056218966752746534,0.9553485570132493,0.9964316550379166,False,NS
ILMN_3002408,8.572211175471697,8.55115232307692,0.021058852394777006,0.06026808191290148,0.9521312981778578,0.9964316550379166,False,NS
ILMN_3000980,8.42173239339623,8.402692274358976,0.019040119037253334,0.05404033964777959,0.9570555084901935,0.9964316550379166,False,NS
ILMN_3004199,8.439527493396225,8.458196394871791,-0.018668901475566102,-0.05738338472013147,0.9544242338910963,0.9964316550379166,False,NS
ILMN_3004760,8.291795428301885,8.26892368205128,0.02287174625060473,0.06518477176617955,0.9482316903113018,0.9964316550379166,False,NS
ILMN_3003682,8.386174447169807,8.406521041025643,-0.020346593855835593,-0.060848843037759906,0.9516672426352191,0.9964316550379166,False,NS
ILMN_3003055,8.289611610377358,8.309980199999998,-0.020368589622639988,-0.055263269190019115,0.9560926129155765,0.9964316550379166,False,NS
ILMN_3001941,8.56710455754717,8.582589038461537,-0.015484480914366827,-0.059626584643780546,0.9525948134151371,0.9964316550379166,False,NS
ILMN_3000760,8.438457048113207,8.45742151794872,-0.018964469835513142,-0.05218307912527548,0.9585533665159727,0.9964316550379166,False,NS
ILMN_3000932,8.583104600943397,8.59914795128205,-0.016043350338653894,-0.05213295335642715,0.9585672521464758,0.9964316550379166,False,NS
ILMN_3003675,8.388585846226416,8.404767194871795,-0.01618134864537879,-0.05531819085989118,0.9560195357472486,0.9964316550379166,False,NS
ILMN_3003449,8.374563426415094,8.393073335897437,-0.018509909482343545,-0.05434490288298362,0.956816823661995,0.9964316550379166,False,NS
ILMN_3002104,8.383398743396226,8.36564604102564,0.01775270237058635,0.058830945240110843,0.9532321417846101,0.9964316550379166,False,NS
ILMN_3002088,8.533961003773586,8.512380235897439,0.021580767876146822,0.0639848548332884,0.9491748076409257,0.9964316550379166,False,NS
ILMN_3003677,8.80527542924528,8.78738176153846,0.01789366770681866,0.05460598060633495,0.956607954834623,0.9964316550379166,False,NS
ILMN_3003901,8.494203564150942,8.519752082051284,-0.02554851790034185,-0.06535980394762425,0.9481101336574628,0.9964316550379166,False,NS
ILMN_3001430,8.274517633962265,8.252194238461538,0.022323395500727372,0.0645370735550773,0.9487563983327869,0.9964316550379166,False,NS
ILMN_3001670,8.58088053962264,8.56450882307692,0.016371716545720005,0.055094855674782534,0.9562242699517937,0.9964316550379166,False,NS
ILMN_3003755,8.630375782075474,8.613256710256408,0.017119071819065468,0.05215792522644244,0.9585373071368615,0.9964316550379166,False,NS
ILMN_3004197,8.821030345283022,8.84107264871795,-0.020042303434927078,-0.05713652376722465,0.9546366504423002,0.9964316550379166,False,NS
ILMN_3002013,8.57708153396226,8.557624064102564,0.019457469859696985,0.06053104872639559,0.951895622826755,0.9964316550379166,False,NS
ILMN_3002089,8.333894240566039,8.314325146153847,0.019569094412192456,0.056386967015391774,0.9551964832539066,0.9964316550379166,False,NS
ILMN_3002699,8.680739270754716,8.663540630769228,0.01719863998548732,0.05336897766376725,0.9575858971111112,0.9964316550379166,False,NS
ILMN_3002567,8.601492235849056,8.582724738461541,0.01876749738751471,0.058417779961296795,0.9536027955533984,0.9964316550379166,False,NS
ILMN_3002826,8.53723530283019,8.520907607692305,0.016327695137885456,0.0530307624802012,0.957839395026115,0.9964316550379166,False,NS
ILMN_3000723,8.397254416037734,8.420689148717948,-0.023434732680213344,-0.06465170880635916,0.9486598040739834,0.9964316550379166,False,NS
ILMN_3002633,8.466052046226416,8.44276621025641,0.023285835970005664,0.06187324261207105,0.9508811654148583,0.9964316550379166,False,NS
ILMN_3000634,8.720765382075466,8.698353146153847,0.022412235921619228,0.05940350972482213,0.9528160825094455,0.9964316550379166,False,NS
ILMN_3003462,8.694027796226417,8.713030010256412,-0.019002214029995912,-0.05496415158330943,0.9563250947859179,0.9964316550379166,False,NS
ILMN_3004865,8.313651170754717,8.296290446153847,0.017360724600870014,0.05703774768038662,0.9546745696531882,0.9964316550379166,False,NS
ILMN_3004215,8.77636075471698,8.796283284615384,-0.019922529898403596,-0.059890736928385646,0.9524356799173409,0.9964316550379166,False,NS
ILMN_3003585,8.485349564150948,8.465164212820513,0.020185351330434642,0.06331422377480238,0.9497195477203443,0.9964316550379166,False,NS
ILMN_3001589,8.654628820754716,8.673189500000001,-0.018560679245284817,-0.054609604300047035,0.956593156020194,0.9964316550379166,False,NS
ILMN_3001374,8.535392565094343,8.51710146923077,0.018291095863572693,0.06213699209369455,0.9506414629194965,0.9964316550379166,False,NS
ILMN_3000703,8.444607134905661,8.429206535897436,0.015400599008225768,0.052671387003207344,0.958144997330214,0.9964316550379166,False,NS
ILMN_3002538,8.479402649056606,8.461721164102565,0.017681484954040982,0.06146524448041672,0.951138955376768,0.9964316550379166,False,NS
ILMN_3004382,8.82429555188679,8.808648848717949,0.01564670316884076,0.05589231318076104,0.95555196925292,0.9964316550379166,False,NS
ILMN_3002599,8.52729623962264,8.50682681025641,0.020469429366229974,0.05567987347418493,0.9557785454733675,0.9964316550379166,False,NS
ILMN_3001900,8.527963091509433,8.546771430769232,-0.018808339259798856,-0.056682561488899205,0.9549675434706062,0.9964316550379166,False,NS
ILMN_3003644,8.447429844339624,8.427818820512822,0.019611023826801244,0.05854645308542125,0.9534683862712021,0.9964316550379166,False,NS
ILMN_3003469,8.691760713207547,8.673399541025644,0.01836117218190303,0.06002244489052632,0.9522934552578286,0.9964316550379166,False,NS
ILMN_3004961,8.365023000943395,8.383898389743589,-0.01887538880019335,-0.05349344776094864,0.9575044236340522,0.9964316550379166,False,NS
ILMN_3002882,8.369138439622642,8.35204399230769,0.017094447314951466,0.05880972903057442,0.9532623235661664,0.9964316550379166,False,NS
ILMN_3001225,8.618360551886795,8.601893953846153,0.01646659804064221,0.053493497031030464,0.9574827510436427,0.9964316550379166,False,NS
ILMN_3000602,8.6410383254717,8.665671982051283,-0.024633656579583274,-0.06528628745361878,0.948174648473528,0.9964316550379166,False,NS
ILMN_3002879,8.694149980188682,8.673700541025639,0.02044943916304298,0.058512980817290484,0.9535125524933105,0.9964316550379166,False,NS
ILMN_3003388,8.578700601886792,8.561006915384615,0.017693686502177286,0.05342811510581426,0.9575366116222015,0.9964316550379166,False,NS
ILMN_3001909,8.49649863490566,8.51542087692308,-0.018922242017421098,-0.051005366383453994,0.9594733924063445,0.9969590527912973,False,NS
ILMN_3004084,8.418311365094342,8.435536505128203,-0.017225140033861663,-0.0510670483682925,0.9594303333903983,0.9969590527912973,False,NS
ILMN_3004710,8.52959478018868,8.545240074358974,-0.015645294170294477,-0.049988434651539244,0.9602912570517314,0.997463157410525,False,NS
ILMN_3004139,8.603823910377358,8.588122692307692,0.0157012180696654,0.04955796442996568,0.9606117093245699,0.997463157410525,False,NS
ILMN_3002053,8.431717075471697,8.447565730769233,-0.01584865529753543,-0.049260580418784,0.9608585223640803,0.997463157410525,False,NS
ILMN_3004078,8.386756376415091,8.371701599999998,0.01505477641509323,0.049770182924505434,0.9604641256015162,0.997463157410525,False,NS
ILMN_3004493,8.586793435849057,8.603750792307693,-0.016957356458636497,-0.04915486820651994,0.9609560058492999,0.997463157410525,False,NS
ILMN_3003961,8.524110600000004,8.508098243589743,0.01601235641026122,0.048872787253400135,0.9611580849569729,0.9974658415908809,False,NS
ILMN_3002911,8.112119389622645,8.126974689743589,-0.014855300120943937,-0.048194201040195624,0.9616902945579516,0.9978110547395224,False,NS
ILMN_3003416,8.574354005660375,8.557062305128207,0.017291700532167553,0.04741319746143791,0.9623400760788734,0.9978640357516314,False,NS
ILMN_3004362,8.240338094339622,8.225556151282051,0.014781943057570857,0.04762808701731093,0.9621532602781788,0.9978640357516314,False,NS
ILMN_3001675,8.325069678301887,8.306861274358976,0.018208403942910678,0.04787991002233459,0.9619742365552637,0.9978640357516314,False,NS
ILMN_3003056,8.734298949056607,8.722042025641027,0.01225692341557938,0.045843816983991044,0.9635422267803312,0.9978825914957529,False,NS
ILMN_3003226,8.448102083018865,8.429938548717947,0.01816353430091766,0.04636131976364612,0.963189234441112,0.9978825914957529,False,NS
ILMN_3004646,8.462186840566039,8.477307764102564,-0.015120923536525055,-0.04670958368169602,0.9628632539427391,0.9978825914957529,False,NS
ILMN_3002862,8.451914958490567,8.467553087179489,-0.015638128688921782,-0.04573811445604612,0.9636462168450183,0.9978825914957529,False,NS
ILMN_3003445,8.697288501886794,8.68207345897436,0.01521504291243403,0.04583894575094082,0.9635670839019177,0.9978825914957529,False,NS
ILMN_3004392,8.385092846226414,8.370803425641025,0.014289420585388513,0.04561172442002672,0.9637550068665981,0.9978825914957529,False,NS
ILMN_3004949,8.587274570754715,8.572719664102564,0.01455490665215109,0.04608542803101656,0.9633679421193467,0.9978825914957529,False,NS
ILMN_3004940,8.421922670754714,8.408278797435896,0.013643873318818223,0.04318821562677206,0.965680320577526,0.998083959023823,False,NS
ILMN_3001037,8.447342926415091,8.434864828205129,0.012478098209962596,0.04217603902131577,0.9664544194301302,0.998083959023823,False,NS
ILMN_3003447,8.773421590566036,8.786393276923079,-0.0129716863570426,-0.04399998532369608,0.9650110708575159,0.998083959023823,False,NS
ILMN_3002076,8.55113007735849,8.565557674358974,-0.014427597000484127,-0.041690895499611365,0.9668762221737272,0.998083959023823,False,NS
ILMN_3001933,8.609051399056602,8.593830923076927,0.015220475979674575,0.04159297544558628,0.9669437395022796,0.998083959023823,False,NS
ILMN_3002400,8.385215994339625,8.371947461538463,0.01326853280116147,0.044475022370388216,0.9646416389751934,0.998083959023823,False,NS
ILMN_3002135,8.638130699999996,8.623931202564103,0.014199497435892994,0.0423727441183329,0.9663316000118605,0.998083959023823,False,NS
ILMN_3004035,8.647310652830187,8.631988633333334,0.0153220194968533,0.04346492810388796,0.9654638058031471,0.998083959023823,False,NS
ILMN_3003137,8.449178900943393,8.43499545128205,0.014183449661341996,0.04180218685289572,0.966772615465719,0.998083959023823,False,NS
ILMN_3002060,8.387644774528301,8.371851976923077,0.015792797605223896,0.04357743982208052,0.9653756651622606,0.998083959023823,False,NS
ILMN_3003837,8.426302577358488,8.440608756410256,-0.014306179051768453,-0.044262570582358426,0.9648230613112334,0.998083959023823,False,NS
ILMN_3001839,8.601679848113207,8.616309112820513,-0.014629264707306078,-0.04309998546110168,0.9657502719064551,0.998083959023823,False,NS
ILMN_3003598,8.403446797169815,8.39228830769231,0.01115848947750564,0.04223722635618371,0.9663927590392384,0.998083959023823,False,NS
ILMN_3002847,8.499894366981133,8.514061071794872,-0.014166704813739273,-0.04369716467629443,0.9652830902424419,0.998083959023823,False,NS
ILMN_3002190,8.630234470754715,8.645026500000002,-0.014792029245286997,-0.04294667231248611,0.9658859923281611,0.998083959023823,False,NS
ILMN_3002027,8.594280663207547,8.580211771794874,0.014068891412673423,0.041125198733128886,0.9673240258426492,0.998270408506346,False,NS
ILMN_3001036,8.604548811320754,8.591890810256412,0.012658001064341562,0.04073017618723692,0.9676147829199733,0.9983644066446279,False,NS
ILMN_3002090,8.549520721698114,8.5363657,0.013155021698114666,0.03989637981647054,0.9682885223024226,0.9986303950058583,False,NS
ILMN_3002252,8.389126805660378,8.376753641025642,0.012373164634736256,0.03815217974082409,0.9696701135506883,0.9986303950058583,False,NS
ILMN_3001573,8.42812833679245,8.416749169230766,0.011379167561685222,0.03824124166179745,0.9696136801324328,0.9986303950058583,False,NS
ILMN_3003688,8.438174276415094,8.450495507692311,-0.012321231277217848,-0.03863863652754269,0.9692840611829464,0.9986303950058583,False,NS
ILMN_3001577,8.483897676415094,8.495789020512818,-0.011891344097724854,-0.03857185742223899,0.9693301603375036,0.9986303950058583,False,NS
ILMN_3001565,8.577770487735851,8.563973412820511,0.01379707491533999,0.0400689134936998,0.9681547886927631,0.9986303950058583,False,NS
ILMN_3002301,8.296170103773585,8.28388494871795,0.01228515505563621,0.03850134412295884,0.9693988093161693,0.9986303950058583,False,NS
ILMN_3004769,8.544754478301888,8.559540717948718,-0.014786239646829458,-0.038573291576860604,0.9693606533441586,0.9986303950058583,False,NS
ILMN_3001964,8.544352338679245,8.531973189743587,0.012379148935657724,0.039277470780038515,0.9687766483255167,0.9986303950058583,False,NS
ILMN_3002782,8.23168925,8.244561082051282,-0.012871832051281729,-0.03785438546510488,0.9699065456300652,0.9986681894872994,False,NS
ILMN_3001175,8.469983160377355,8.456766833333333,0.01321632704402198,0.03745557214985086,0.9702545475564436,0.9988208230970183,False,NS
ILMN_3004240,8.540392028301886,8.528143,0.0122490283018859,0.03483521689426896,0.9723248083737139,0.9991007073301623,False,NS
ILMN_3002073,8.503801716981132,8.4903975974359,0.013404119545231907,0.03640917005373613,0.971077669108551,0.9991007073301623,False,NS
ILMN_3004625,8.660959004716979,8.672001202564102,-0.011042197847123347,-0.03520892717421199,0.9720197503089577,0.9991007073301623,False,NS
ILMN_3002219,8.389816466981133,8.37809571025641,0.011720756724722392,0.03506951053392074,0.9721314602817416,0.9991007073301623,False,NS
ILMN_3004578,8.61815514245283,8.630967117948718,-0.01281197549588775,-0.03652149905364374,0.9709929726306332,0.9991007073301623,False,NS
ILMN_3001868,8.413479129245285,8.42471335897436,-0.01123422972907484,-0.03619642648063784,0.971211176856421,0.9991007073301623,False,NS
ILMN_3004238,8.447533251886792,8.457593623076923,-0.010060371190130368,-0.03545621969134544,0.9717951039666703,0.9991007073301623,False,NS
ILMN_3003283,8.58456827264151,8.597188025641026,-0.01261975299951601,-0.03551179938110354,0.9717821183663271,0.9991007073301623,False,NS
ILMN_3001159,8.377625315094342,8.389161802564102,-0.011536487469760104,-0.03585193004988375,0.9715139086949903,0.9991007073301623,False,NS
ILMN_3001895,8.487576316037737,8.476323341025642,0.011252975012094879,0.03452116671218945,0.9725580556161664,0.9991350478900415,False,NS
ILMN_3003151,8.510329694339621,8.521938346153842,-0.011608651814221105,-0.034230603093335074,0.9728080238409579,0.9991865487273601,False,NS
ILMN_3003201,8.527686324528302,8.517686948717948,0.009999375810354039,0.03360730646183541,0.9732785007642797,0.999259241031088,False,NS
ILMN_3003723,8.415105725471697,8.404590364102564,0.010515361369133558,0.03366238280498049,0.9732351058753317,0.999259241031088,False,NS
ILMN_3004928,8.44505044245283,8.442275461538461,0.0027749809143688964,0.008718260530161778,0.9930676616134514,0.9999145209942584,False,NS
ILMN_3000561,8.16231336037736,8.168003,-0.0056896396226413515,-0.015559414657714052,0.9876297371584207,0.9999145209942584,False,NS
ILMN_3004889,8.794496882075467,8.7935976974359,0.0008991846395680625,0.002597386223102174,0.9979352832576749,0.9999145209942584,False,NS
ILMN_3002741,8.497159759433961,8.500054571794873,-0.002894812360912269,-0.009491939209442827,0.9924523248586374,0.9999145209942584,False,NS
ILMN_3003613,8.692213432075466,8.692705764102566,-0.0004923320271004172,-0.0012956829888667437,0.9989701591036343,0.9999145209942584,False,NS
ILMN_3004366,8.579522509433959,8.577839984615386,0.0016825248185732278,0.004975723671973731,0.9960434106165865,0.9999145209942584,False,NS
ILMN_3002666,8.344752483962267,8.349932956410255,-0.005180472447987583,-0.015124604894776067,0.9879790635552075,0.9999145209942584,False,NS
ILMN_3001563,8.560518808490569,8.5696318,-0.009112991509431012,-0.026773075761572524,0.9787112084165742,0.9999145209942584,False,NS
ILMN_3001564,8.253906198113206,8.262394935897433,-0.00848873778422643,-0.025430641054333358,0.9797934210705358,0.9999145209942584,False,NS
ILMN_3000660,8.308106248113205,8.29901893076923,0.009087317343974277,0.028457073837102113,0.9773711047746259,0.9999145209942584,False,NS
ILMN_3002829,8.195120040566042,8.18610648205128,0.00901355851476282,0.030694540228870547,0.9755903911885824,0.9999145209942584,False,NS
ILMN_3002855,8.365605230188677,8.363162117948718,0.0024431122399590777,0.007301882836059444,0.9941946728977366,0.9999145209942584,False,NS
ILMN_3001709,8.50883855566038,8.509006420512822,-0.00016786485244146832,-0.00048557504728395694,0.9996140463653201,0.9999145209942584,False,NS
ILMN_3003850,8.365808183018869,8.367775076923074,-0.001966893904205236,-0.006161771045604051,0.9951006897721868,0.9999145209942584,False,NS
ILMN_3000556,8.4669799,8.467910523076922,-0.0009306230769219326,-0.0027043320828130566,0.9978498126906763,0.9999145209942584,False,NS
ILMN_3002832,8.17023249056604,8.172965512820511,-0.0027330222544712512,-0.007823354364872985,0.9937821563424556,0.9999145209942584,False,NS
ILMN_3004900,8.62386426509434,8.614160015384616,0.009704249709724166,0.028844437331767166,0.9770802219926363,0.9999145209942584,False,NS
ILMN_3004863,8.534399319811321,8.52720087948718,0.00719844032414052,0.019794119614174037,0.984272402527254,0.9999145209942584,False,NS
ILMN_3002892,8.32220217735849,8.330011066666666,-0.007808889308176248,-0.024775267455274575,0.9803097907510817,0.9999145209942584,False,NS
ILMN_3002894,8.392406120754714,8.391272858974355,0.001133261780358552,0.0037007772962274854,0.9970566553970229,0.9999145209942584,False,NS
ILMN_3002916,8.415499822641513,8.407119287179487,0.008380535462025662,0.027696424012071,0.9779756163388704,0.9999145209942584,False,NS
ILMN_3003005,8.834370418867925,8.847886502564105,-0.013516083696179848,-0.03153495601351996,0.9749624714122462,0.9999145209942584,False,NS
ILMN_3003112,8.333652722641508,8.336713035897438,-0.003060313255929259,-0.00892716475820696,0.9929026964350478,0.9999145209942584,False,NS
ILMN_3003116,8.232785891509435,8.23636776923077,-0.0035818777213343367,-0.01098283873486744,0.9912667483185806,0.9999145209942584,False,NS
ILMN_3004685,8.381139514150947,8.382347589743588,-0.0012080755926415776,-0.004520733980211015,0.996403182638571,0.9999145209942584,False,NS
ILMN_3003066,8.61201194716981,8.612695641025644,-0.0006836938558336669,-0.0020796321818997237,0.9983468476370755,0.9999145209942584,False,NS
ILMN_3002441,8.407845079245282,8.398299746153844,0.009545333091438124,0.02962789476060561,0.9764415523871528,0.9999145209942584,False,NS
ILMN_3004663,8.403311912264153,8.398400025641026,0.004911886623126804,0.015220183255645262,0.9878961704074178,0.9999145209942584,False,NS
ILMN_3000807,8.481003704716986,8.473830364102566,0.007173340614420098,0.01939010637286987,0.9845948163513979,0.9999145209942584,False,NS
ILMN_3001775,8.481781561320759,8.477745153846152,0.004036407474606207,0.011754940394468932,0.9906559617555861,0.9999145209942584,False,NS
ILMN_3003088,8.528128891509434,8.523800351282054,0.004328540227380273,0.01191246913933216,0.9905274645343373,0.9999145209942584,False,NS
ILMN_3003093,8.370737285849055,8.369194048717947,0.0015432371311074888,0.004795186242623697,0.9961880411058475,0.9999145209942584,False,NS
ILMN_3003061,8.62940405283019,8.627549023076922,0.0018550297532673454,0.005299512514347015,0.9957863642580297,0.9999145209942584,False,NS
ILMN_3004388,8.619923866981134,8.613695074358974,0.006228792622160029,0.019554984903662014,0.9844534654429413,0.9999145209942584,False,NS
ILMN_3001818,8.500239942452831,8.508844643589745,-0.008604701136913917,-0.02601262416110518,0.9793164311195239,0.9999145209942584,False,NS
ILMN_3001977,8.853933218867926,8.859303671794875,-0.005370452926948488,-0.017216642900440927,0.9863094689039482,0.9999145209942584,False,NS
ILMN_3001987,8.677668713207542,8.670571061538462,0.007097651669079497,0.02356501329344951,0.9812539787229656,0.9999145209942584,False,NS
ILMN_3004381,8.233388587735849,8.229281223076924,0.004107364658924695,0.013688748623488378,0.9891159095050376,0.9999145209942584,False,NS
ILMN_3003800,8.458442915094341,8.452749641025642,0.005693274068699239,0.019087427308985244,0.9848194476406616,0.9999145209942584,False,NS
ILMN_3002345,8.23391967924528,8.232847966666668,0.0010717125786126047,0.003434649612214728,0.9972686189356376,0.9999145209942584,False,NS
ILMN_3001997,8.625024867924528,8.630100992307693,-0.005076124383164071,-0.014445099025507325,0.9885189756240564,0.9999145209942584,False,NS
ILMN_3003251,8.29130173867925,8.288625158974357,0.0026765797048931006,0.007670762437084893,0.9939025341046128,0.9999145209942584,False,NS
ILMN_3004301,8.301083830188679,8.294601574358975,0.006482255829704187,0.020083246613534573,0.9840292658092571,0.9999145209942584,False,NS
ILMN_3003653,8.571886188679244,8.57512155897436,-0.0032353702951155583,-0.009800754322658822,0.992207624782324,0.9999145209942584,False,NS
ILMN_3003792,8.513532082075475,8.503717733333334,0.009814348742141377,0.029051140166622837,0.976906967441562,0.9999145209942584,False,NS
ILMN_3002525,8.495344833962266,8.485598443589746,0.009746390372519897,0.030172554859587388,0.9760136270594943,0.9999145209942584,False,NS
ILMN_3001582,8.636670366981132,8.634025276923076,0.002645090058056354,0.007343961806178056,0.9941636646212167,0.9999145209942584,False,NS
ILMN_3004746,8.569042545283017,8.579116617948717,-0.010074072665700484,-0.03229408153805344,0.9743230415208853,0.9999145209942584,False,NS
ILMN_3001687,8.428254855660377,8.422522092307693,0.005732763352684245,0.016978972915813725,0.986499862596444,0.9999145209942584,False,NS
ILMN_3002542,8.448955754716982,8.44966944102564,-0.0007136863086572021,-0.002599498572747135,0.9979318976370315,0.9999145209942584,False,NS
ILMN_3004682,8.470106460377362,8.476244300000001,-0.006137839622638808,-0.021805648936444915,0.9826612594341247,0.9999145209942584,False,NS
ILMN_3003163,8.301708251886792,8.302133582051285,-0.00042533016449297634,-0.0014185148258579552,0.9988720555231259,0.9999145209942584,False,NS
ILMN_3002349,8.408095676415096,8.413874405128205,-0.005778728713108805,-0.01746656498515146,0.9861215925355573,0.9999145209942584,False,NS
ILMN_3003942,8.772662288679246,8.76568924871795,0.006973039961296834,0.02049586823316305,0.9837165580187289,0.9999145209942584,False,NS
ILMN_3001656,8.587893909433957,8.582063417948719,0.005830491485237843,0.01749266675716302,0.986099624902069,0.9999145209942584,False,NS
ILMN_3003880,8.43348149716981,8.431358507692307,0.002122989477502557,0.006435766700848802,0.9948854528874318,0.9999145209942584,False,NS
ILMN_3004641,8.603798296226415,8.59880006923077,0.004998226995645894,0.014090885344934027,0.9888023971290649,0.9999145209942584,False,NS
ILMN_3004623,8.317956136792453,8.327678023076922,-0.009721886284468795,-0.029572823285880075,0.9764923910975212,0.9999145209942584,False,NS
ILMN_3004558,8.531905665094342,8.535999494871795,-0.004093829777453095,-0.011419155515422013,0.9909227514010048,0.9999145209942584,False,NS
ILMN_3000873,8.43345779811321,8.431002569230769,0.002455228882441318,0.007234952571013811,0.9942480281418472,0.9999145209942584,False,NS
ILMN_3003591,8.371480131132076,8.373368025641026,-0.0018878945089504384,-0.005455068837167817,0.9956667732120671,0.9999145209942584,False,NS
ILMN_3001770,8.591045970754717,8.588808987179487,0.002236983575230056,0.007326213307179321,0.9941716325532995,0.9999145209942584,False,NS
ILMN_3003545,8.693863510377358,8.688097215384616,0.0057662949927426155,0.016538157914535164,0.9868613208865797,0.9999145209942584,False,NS
ILMN_3003671,8.350418990566034,8.3506912,-0.0002722094339659975,-0.0008112254559250244,0.9993553545638527,0.9999145209942584,False,NS
ILMN_3002123,8.28219294433962,8.274833828205127,0.007359116134493249,0.02258989169721171,0.9820460520246193,0.9999145209942584,False,NS
ILMN_3003541,8.8427682,8.839416684615381,0.003351515384618864,0.00992336969839445,0.9921137226901907,0.9999145209942584,False,NS
ILMN_3003530,8.495008012264146,8.494506587179487,0.0005014250846588908,0.0014009835169019632,0.9988867201999171,0.9999145209942584,False,NS
ILMN_3003549,8.433353387735847,8.437574787179486,-0.004221399443638418,-0.01330749776521623,0.9894218952478854,0.9999145209942584,False,NS
ILMN_3003816,8.46105889811321,8.455745543589744,0.005313354523465819,0.01648169292329201,0.9868986660361392,0.9999145209942584,False,NS
ILMN_3004174,8.553139514150946,8.547616697435897,0.005522816715048506,0.017449495335977904,0.9861261333518738,0.9999145209942584,False,NS
ILMN_3003391,8.434060005660376,8.438891174358975,-0.004831168698599342,-0.015477955811672127,0.9876939620938695,0.9999145209942584,False,NS
ILMN_3003025,8.520121338679242,8.519181684615381,0.0009396540638615392,0.002619472276897643,0.9979179977887161,0.9999145209942584,False,NS
ILMN_3004083,8.665697862264153,8.667220725641023,-0.0015228633768700206,-0.0048319162891116265,0.9961575329814515,0.9999145209942584,False,NS
ILMN_3002595,8.425836625471696,8.416712015384617,0.009124610087079432,0.025820046438148444,0.9794797108668872,0.9999145209942584,False,NS
ILMN_3002585,8.404701802830191,8.413166448717948,-0.008464645887757527,-0.02390217825181344,0.9809996527436189,0.9999145209942584,False,NS
ILMN_3004081,8.538913926415095,8.532170169230769,0.006743757184326071,0.01937379434522666,0.9846078248057805,0.9999145209942584,False,NS
ILMN_3002994,8.651267503773585,8.641950482051284,0.009317021722301533,0.023731470316437527,0.9811556271976879,0.9999145209942584,False,NS
ILMN_3001897,8.52891310566038,8.529524648717949,-0.0006115430575697189,-0.0018175882378975092,0.9985553653639822,0.9999145209942584,False,NS
ILMN_3003636,8.517287982075471,8.51557956153846,0.0017084205370103689,0.005529390270373466,0.9956048415516798,0.9999145209942584,False,NS
ILMN_3004378,8.421785666981135,8.419944679487179,0.0018409874939564475,0.004804726113084013,0.996182306165365,0.9999145209942584,False,NS
ILMN_3002264,8.52311640943396,8.530190287179488,-0.007073877745527923,-0.019591704422856102,0.984434600200808,0.9999145209942584,False,NS
ILMN_3000929,8.53829064245283,8.530894171794875,0.007396470657955234,0.01967807643429055,0.9843677904777435,0.9999145209942584,False,NS
ILMN_3002279,8.594988346226414,8.595725164102568,-0.0007368178761542055,-0.0021811872974063055,0.9982664976192062,0.9999145209942584,False,NS
ILMN_3003909,8.451388316037734,8.443613530769234,0.007774785268500395,0.02139591179162873,0.9829996918930434,0.9999145209942584,False,NS
ILMN_3001689,8.515198501886792,8.517162561538461,-0.0019640596516694586,-0.005433404284260227,0.9956828968764257,0.9999145209942584,False,NS
ILMN_3001681,8.517827746226414,8.515926535897437,0.0019012103289774984,0.0058872852325830595,0.9953202988484879,0.9999145209942584,False,NS
ILMN_3003848,8.489662080188682,8.49478663076923,-0.005124550580548615,-0.01596716447034867,0.9873011630972969,0.9999145209942584,False,NS
ILMN_3004535,8.309793533962265,8.305468923076921,0.004324610885344526,0.012883047316319068,0.9897548950318978,0.9999145209942584,False,NS
ILMN_3001710,8.624197353773583,8.61657181025641,0.007625543517173483,0.023774861118273784,0.9811094518926097,0.9999145209942584,False,NS
ILMN_3001379,8.435736090566037,8.43084602820513,0.004890062360907166,0.014023173440068084,0.988854425838456,0.9999145209942584,False,NS
ILMN_3003866,8.532703137735846,8.534596097435898,-0.0018929597000525433,-0.006668583870654644,0.9946946801691389,0.9999145209942584,False,NS
ILMN_3003856,8.460913331132074,8.453812669230771,0.007100661901302985,0.02086034148821156,0.983411971396818,0.9999145209942584,False,NS
ILMN_3003861,8.578285549999997,8.581719307692307,-0.0034337576923100244,-0.011306910682016199,0.9910121667855584,0.9999145209942584,False,NS
ILMN_3002244,8.37537301037736,8.369187215384619,0.006185794992740412,0.020321735202644534,0.9838488042228859,0.9999145209942584,False,NS
ILMN_3004567,8.377202518867927,8.385303794871794,-0.008101276003866786,-0.02729150925380802,0.9782864145419193,0.9999145209942584,False,NS
ILMN_3003413,8.785403930188677,8.791360015384617,-0.005956085195940375,-0.02147969957068483,0.9829182644640267,0.9999145209942584,False,NS
ILMN_3002001,8.63658296603774,8.629566294871797,0.007016671165942512,0.018240350713398707,0.9855059938921404,0.9999145209942584,False,NS
ILMN_3003441,8.792900837735848,8.787025989743594,0.005874847992254573,0.016375599289755773,0.9869896521443252,0.9999145209942584,False,NS
ILMN_3003408,8.46439300943396,8.460714087179491,0.003678922254469086,0.011848814463994519,0.9905795423632272,0.9999145209942584,False,NS
ILMN_3000626,8.320207194339625,8.329791669230769,-0.009584474891143557,-0.028749795938181378,0.9771545988108948,0.9999145209942584,False,NS
ILMN_3000619,8.478435986792455,8.488104253846155,-0.009668267053699608,-0.029266191237280078,0.9767397470389199,0.9999145209942584,False,NS
ILMN_3004050,8.70083554433962,8.70249611282051,-0.0016605684808901344,-0.004579893899894014,0.9963607388429724,0.9999145209942584,False,NS
ILMN_3004867,8.691568553773587,8.684023364102563,0.007545189671024133,0.019754673125506546,0.984305649998353,0.9999145209942584,False,NS
ILMN_3002636,8.498978318867927,8.50048952564103,-0.001511206773102458,-0.00450841677798067,0.9964150598190872,0.9999145209942584,False,NS
ILMN_3001444,8.349720476415095,8.346715594871794,0.003004881543301252,0.008260301560335739,0.9934367789702264,0.9999145209942584,False,NS
ILMN_3001426,8.696625416981137,8.688922028205129,0.007703388776008069,0.023928085770346202,0.9809893116041367,0.9999145209942584,False,NS
ILMN_3001551,8.54305198490566,8.546024482051282,-0.0029724971456221994,-0.00902779307732563,0.9928263220577261,0.9999145209942584,False,NS
ILMN_3004861,8.666312309433962,8.661746243589745,0.004566065844217704,0.01367555976900881,0.9891296939373284,0.9999145209942584,False,NS
ILMN_3002975,8.579608769811317,8.58790843846154,-0.008299668650222358,-0.022734154581679242,0.9819402319587397,0.9999145209942584,False,NS
ILMN_3002727,8.428241400000003,8.42812062051282,0.00012077948718314246,0.0003590668055011254,0.9997145380900595,0.9999145209942584,False,NS
ILMN_3001082,8.293402025471703,8.293615684615384,-0.00021365914368054462,-0.0006665146025740745,0.9994701475675911,0.9999145209942584,False,NS
ILMN_3004198,8.601765227358493,8.5959372974359,0.005827929922594066,0.017231738745160114,0.9862993652542638,0.9999145209942584,False,NS
ILMN_3003729,8.338112495283019,8.334753794871794,0.0033587004112245467,0.011187312424572318,0.9911064086546709,0.9999145209942584,False,NS
ILMN_3002165,8.474977689622639,8.478214584615383,-0.003236894992744155,-0.009531690097823826,0.9924258465282477,0.9999145209942584,False,NS
ILMN_3002082,8.410308894339622,8.412348646153848,-0.0020397518142267757,-0.0064401525826760205,0.994878867899614,0.9999145209942584,False,NS
ILMN_3002011,8.446918928301889,8.447846833333333,-0.0009279050314443538,-0.0029512954486017027,0.997654114646605,0.9999145209942584,False,NS
ILMN_3002178,8.629786347169814,8.623178882051283,0.006607465118531053,0.020903168409500388,0.9833811613808529,0.9999145209942584,False,NS
ILMN_3004458,8.518893081132077,8.52562535897436,-0.006732277842282031,-0.017615824120937918,0.986005104682356,0.9999145209942584,False,NS
ILMN_3003448,8.499807760377356,8.51007886666667,-0.010271106289312826,-0.028549972344239588,0.9773147269859565,0.9999145209942584,False,NS
ILMN_3003720,8.275834685849059,8.271214789743588,0.0046198961054706444,0.015215225781502008,0.9879037514646491,0.9999145209942584,False,NS
ILMN_3001250,8.408884699056603,8.411767171794873,-0.0028824727382694704,-0.009040466286314377,0.9928125985699321,0.9999145209942584,False,NS
ILMN_3003728,8.495585273584902,8.487119366666665,0.008465906918237565,0.030784478538586475,0.9755049957343356,0.9999145209942584,False,NS
ILMN_3001848,8.440738732075468,8.43757045128205,0.003168280793417466,0.0097934420479535,0.9922111286454491,0.9999145209942584,False,NS
ILMN_3002905,8.680467468867922,8.68273727948718,-0.002269810619257129,-0.007010920867604479,0.9944272612794803,0.9999145209942584,False,NS
ILMN_3000538,8.378743484905662,8.372683882051284,0.006059602854378454,0.01944388420367786,0.9845449739325919,0.9999145209942584,False,NS
ILMN_3004269,8.647634294339625,8.656196220512818,-0.008561926173193513,-0.026040041847272506,0.9793084929508189,0.9999145209942584,False,NS
ILMN_3002749,8.381922810377363,8.393508246153846,-0.011585435776483521,-0.0317311821854199,0.9747900468337992,0.9999145209942584,False,NS
ILMN_3002846,8.568818199999999,8.563800069230767,0.005018130769231632,0.014365109832336279,0.9885751368106012,0.9999145209942584,False,NS
ILMN_3004956,8.491753229245285,8.48190476153846,0.009848467706824238,0.031742698324872,0.9747656150281517,0.9999145209942584,False,NS
ILMN_3001761,8.344290575471701,8.344316379487179,-2.5804015477248754e-05,-7.826126999951984e-05,0.9999377773448707,0.9999377773448707,False,NS
